개방자치단체코드,관리번호,자전거보관소명,소재지도로명주소,소재지지번주소,WGS84위도,WGS84경도,보관대수,설치연도,설치형태,차양막설치여부,공기주입기비치여부,공기주입기유형명,수리대설치여부,관리기관전화번호,관리기관명,데이터기준일자,데이터갱신구분,데이터갱신시점,최종수정시점
3000000,202030000000300032,이화사거리,"서울특별시 종로구 대학로 60, 동마루빌딩(현대자동차) (연건동)",서울특별시 종로구 연건동 178-1 동마루빌딩(현대자동차),37.57648,127.0022,20,2013,단독형,N,Y,수동식,N,02-2148-3277,종로구 교통행정과,2020-07-10,I,2026-05-15 18:45:05,2020-07-13 14:20:52
3000000,202030000000300018,종묘주차장 옆,"서울특별시 종로구 동순라길 14, 대웅한의원 (인의동)",서울특별시 종로구 인의동 113 대웅한의원,37.57150,126.9964,7,1998,기타,Y,N,,N,02-2148-3277,종로구 교통행정과,2020-07-10,I,2026-05-15 18:45:05,2020-07-13 13:55:06
3000000,202030000000300031,동숭동 백동어린이공원,서울특별시 종로구 동숭4나길 13 (동숭동),서울특별시 종로구 동숭동 7-15,37.58311,127.0048,21,2014,휀스형,N,Y,수동식,N,02-2148-3277,종로구 교통행정과,2020-07-10,I,2026-05-15 18:45:05,2020-07-13 14:19:29
3000000,202130000000300027,창신역 4번 출구,서울특별시 종로구 지봉로 104 (숭인동),서울특별시 종로구 숭인동 9-1,37.57937,127.0153,10,2008,거치형,N,N,,N,02-2148-3277,종로구 교통행정과,2021-07-05,I,2026-05-15 18:45:05,2021-07-05 09:44:58
3000000,202030000000300016,대신중고교,서울특별시 종로구 사직로 7 (행촌동),서울특별시 종로구 행촌동 206-29,37.57256,126.9611,14,2005,휀스형,N,Y,수동식,N,02-2148-3277,종로구 교통행정과,2020-07-10,I,2026-05-15 18:45:05,2020-07-13 13:52:29
3000000,202030000000300069,대우건설 본사 앞,"서울특별시 종로구 새문안로 75, KC Tower(케이씨타워) (신문로1가)",서울특별시 종로구 신문로1가 57 KC Tower(케이씨타워),37.57018,126.9730,10,2018,단독형,N,N,,N,02-2148-3277,종로구 교통행정과,2020-07-10,I,2026-05-15 18:45:05,2020-07-13 15:17:05
3000000,202130000000300054,YBM어학원,"서울특별시 종로구 종로 104, YBM (종로2가)",서울특별시 종로구 종로2가 55-1 YBM,37.57023,126.9892,19,2015,단독형,N,N,,N,02-2148-3277,종로구 교통행정과,2021-07-05,I,2026-05-15 18:45:05,2021-07-05 09:44:58
3000000,202130000000300053,안국역 1번출구,서울특별시 종로구 율곡로 39 (안국동),서울특별시 종로구 안국동 175-3,37.57586,126.9837,10,2012,단독형,N,Y,수동식,N,02-2148-3277,종로구 교통행정과,2021-07-05,I,2026-05-15 18:45:05,2021-07-05 09:44:58
3000000,202030000000300067,국립민속박물관,"서울특별시 종로구 삼청로 37, 국립민속박물관 (세종로)",서울특별시 종로구 세종로 1-1 국립민속박물관,37.57952,126.9787,4,2018,단독형,N,N,,N,02-2148-3277,종로구 교통행정과,2020-07-10,I,2026-05-15 18:45:05,2020-07-13 15:14:29
3000000,202030000000300035,혜화역 4번 출구,서울특별시 종로구 대학로 145-1 (혜화동),서울특별시 종로구 혜화동 148-2,37.58421,127.0014,7,2009,휀스형,N,N,,N,02-2148-3277,종로구 교통행정과,2020-07-10,I,2026-05-15 18:45:05,2020-07-13 14:25:02
3000000,202130000000300030,동묘앞역 2번 출구,"서울특별시 종로구 종로 359, 동묘앞역 (숭인동)",서울특별시 종로구 숭인동 117 동묘앞역,37.57334,127.0167,8,2016,단독형,Y,N,,N,02-2148-3277,종로구 교통행정과,2021-07-05,I,2026-05-15 18:45:05,2021-07-05 09:44:58
3000000,202130000000300032,창신역 1번 출구 앞,"서울특별시 종로구 지봉로 99-1, 새마을금고 (창신동)",서울특별시 종로구 창신동 17-29 새마을금고,37.57899,127.0152,15,2015,단독형,N,Y,수동식,N,02-2148-3277,종로구 교통행정과,2021-07-05,I,2026-05-15 18:45:05,2021-07-05 09:44:58
3000000,202030000000300008,경복궁역 3번 출구 앞,서울특별시 종로구 사직로 125 (적선동),서울특별시 종로구 적선동 107-1,37.57621,126.9728,8,2016,단독형,N,Y,수동식,N,02-2148-3277,종로구 교통행정과,2020-07-10,I,2026-05-15 18:45:05,2020-07-13 13:42:10
3000000,202030000000300009,경복궁역 7번 출구 앞,"서울특별시 종로구 사직로8길 31, 서울지방경찰청 (내자동)",서울특별시 종로구 내자동 201-11 서울지방경찰청,37.57489,126.9719,14,2010,단독형,N,Y,수동식,N,02-2148-3277,종로구 교통행정과,2020-07-10,I,2026-05-15 18:45:05,2020-07-13 13:43:10
3000000,202130000000300004,"종로5가역 1,2번 출구 코너",서울특별시 종로구 종로 205 (종로5가),서울특별시 종로구 종로5가 102,39.57093,128.0006,7,2020,단독형,N,N,,N,02-2148-3277,종로구 교통행정과,2021-07-05,I,2026-05-15 18:45:05,2021-07-05 09:44:58
3000000,202030000000300010,경복궁역 엘리베이터,서울특별시 종로구 사직로 135 (적선동),서울특별시 종로구 적선동 35-1,37.57597,126.9738,20,2009,단독형,N,Y,수동식,N,02-2148-3277,종로구 교통행정과,2020-07-10,I,2026-05-15 18:45:05,2020-07-13 13:44:26
3000000,202130000000300056,탑골공원,"서울특별시 종로구 종로17길 4, 종로지구대 (종로2가)",서울특별시 종로구 종로2가 39-3 종로지구대,37.57025,126.9888,11,2014,단독형,N,Y,수동식,N,02-2148-3277,종로구 교통행정과,2021-07-05,I,2026-05-15 18:45:05,2021-07-05 09:44:58
3000000,202130000000300055,종로구청,"서울특별시 종로구 삼봉로 43, 종로구청 (수송동)",서울특별시 종로구 수송동 146-2 종로구청,37.57313,126.9794,7,2013,단독형,N,Y,수동식,Y,02-2148-3277,종로구 교통행정과,2021-07-05,I,2026-05-15 18:45:05,2021-07-05 09:44:58
3000000,202130000000300022,청계천로 영도교 북측,"서울특별시 종로구 청계천로 369, 삼일아파트 (창신동)",서울특별시 종로구 창신동 400-4 삼일아파트,37.57038,127.0172,6,2018,단독형,N,N,,N,02-2148-3277,종로구 교통행정과,2021-07-05,I,2026-05-15 18:45:05,2021-07-05 09:44:58
3000000,202130000000300045,동숭동 백동어린이공원,서울특별시 종로구 동숭4나길 13 (동숭동),서울특별시 종로구 동숭동 7-15,37.58311,127.0048,21,2014,휀스형,N,Y,수동식,N,02-2148-3277,종로구 교통행정과,2021-07-05,I,2026-05-15 18:45:05,2021-07-05 09:44:58
3000000,202030000000300002,청운초교 정문 앞,"서울특별시 종로구 자하문로 101, 엘티에프 빌딩 (청운동)",서울특별시 종로구 청운동 131 엘티에프 빌딩,37.58499,126.9699,8,2015,단독형,N,Y,수동식,N,02-2148-3277,종로구 교통행정과,2020-07-10,I,2026-05-15 18:45:05,2020-07-13 13:33:25
3000000,202030000000300066,서울직업전문학교,"서울특별시 종로구 종로 375, 승문빌딩 (숭인동)",서울특별시 종로구 숭인동 165 승문빌딩,37.57414,127.0191,13,2017,단독형,N,N,,N,02-2148-3277,종로구 교통행정과,2020-07-10,I,2026-05-15 18:45:05,2020-07-13 15:13:11
3000000,202030000000300045,창신역 1번 출구 뒤,서울특별시 종로구 지봉로 107 (창신동),서울특별시 종로구 창신동 20-15,37.57960,127.0150,10,2015,단독형,N,Y,수동식,N,02-2148-3277,종로구 교통행정과,2020-07-10,I,2026-05-15 18:45:05,2020-07-13 14:40:50
3000000,202130000000300048,청계천로 광교교차로,"서울특별시 종로구 청계천로 41, 영풍빌딩 (서린동)",서울특별시 종로구 서린동 33 영풍빌딩,37.56905,126.9821,20,2017,단독형,N,N,,N,02-2148-3277,종로구 교통행정과,2021-07-05,I,2026-05-15 18:45:05,2021-07-05 09:44:58
3000000,202130000000300062,세검정교차로(상명대 방향),"서울특별시 종로구 홍지문2길 20, 상명대학교 (홍지동)",서울특별시 종로구 홍지동 7-1 상명대학교,37.59995,126.9578,22,2010,단독형,N,Y,수동식,N,02-2148-3277,종로구 교통행정과,2021-07-05,I,2026-05-15 18:45:05,2021-07-05 09:44:58
3000000,202030000000300064,롯데캐슬 천지인아파트,"서울특별시 종로구 종로 347 (숭인동, 롯데캐슬 천지인)",서울특별시 종로구 숭인동 76 롯데캐슬 천지인,37.57386,127.0161,30,2008,기타,Y,N,,N,02-2148-3277,종로구 교통행정과,2020-07-10,I,2026-05-15 18:45:05,2020-07-13 15:10:55
3000000,202030000000300065,카톨릭대학교,"서울특별시 종로구 창경궁로 296-12, 카톨릭대학교 (혜화동)",서울특별시 종로구 혜화동 90-1 카톨릭대학교,37.58572,127.0046,20,2016,휀스형,N,N,,N,02-2148-3277,종로구 교통행정과,2020-07-10,I,2026-05-15 18:45:05,2020-07-13 15:12:11
3000000,202130000000300057,창경궁 홍화문 옆,"서울특별시 종로구 창경궁로 185, 창경궁 (와룡동)",서울특별시 종로구 와룡동 2-1 창경궁,37.58023,126.9962,6,2015,단독형,N,N,,N,02-2148-3277,종로구 교통행정과,2021-07-05,I,2026-05-15 18:45:05,2021-07-05 09:44:58
3000000,202130000000300034,동묘앞역 6번 출구,"서울특별시 종로구 지봉로 19, 삼우텍스프라자 (창신동)",서울특별시 종로구 창신동 328-18 삼우텍스프라자,37.57174,127.0156,10,2010,단독형,N,N,,N,02-2148-3277,종로구 교통행정과,2021-07-05,I,2026-05-15 18:45:05,2021-07-05 09:44:58
3000000,202130000000300068,경복궁역 3번 출구 앞,서울특별시 종로구 사직로 125 (적선동),서울특별시 종로구 적선동 107-1,37.57621,126.9728,8,2016,단독형,N,Y,수동식,N,02-2148-3277,종로구 교통행정과,2021-07-05,I,2026-05-15 18:45:05,2021-07-05 09:44:58
3000000,202130000000300060,대신중고교,서울특별시 종로구 사직로 7 (행촌동),서울특별시 종로구 행촌동 206-29,37.57256,126.9611,14,2005,휀스형,N,Y,수동식,N,02-2148-3277,종로구 교통행정과,2021-07-05,I,2026-05-15 18:45:05,2021-07-05 09:44:58
3000000,202030000000300070,남도식당 앞,"서울특별시 종로구 종로 374-1, 오락실 (숭인동)",서울특별시 종로구 숭인동 228-4 오락실,37.57389,127.0190,8,2018,,N,N,,N,02-2148-3277,종로구 교통행정과,2020-07-10,I,2026-05-15 18:45:05,2020-07-13 15:18:07
3000000,202030000000300043,동묘앞역 7번출구 뒤,"서울특별시 종로구 지봉로 29, 금호팔레스 (창신동)",서울특별시 종로구 창신동 327-2 금호팔레스,37.57257,127.0156,9,2016,단독형,N,N,,N,02-2148-3277,종로구 교통행정과,2020-07-10,I,2026-05-15 18:45:05,2020-07-13 14:38:35
3000000,202030000000300071,독립문역 3번출구,"서울특별시 종로구 통일로 230 (무악동, 경희궁 롯데캐슬)",서울특별시 종로구 무악동 89 경희궁 롯데캐슬,37.57358,126.9589,12,2019,기타,N,N,,N,02-2148-3277,종로구 교통행정과,2020-07-10,I,2026-05-15 18:45:05,2020-07-13 15:19:08
3000000,202130000000300023,신설동역 12번출구,서울특별시 종로구 보문로 3 (숭인동),서울특별시 종로구 숭인동 1248,37.57591,127.023,10,2017,단독형,N,Y,수동식,N,02-2148-3277,종로구 교통행정과,2021-07-05,I,2026-05-15 18:45:05,2021-07-05 09:44:58
3000000,202030000000300058,배화여자중학교 체육관 앞,"서울특별시 종로구 필운대로1길 34, 배화여자대학교,배화여자중,고등학교 (필운동)","서울특별시 종로구 필운동 12 배화여자대학교,배화여자중,고등학교",37.57833,126.9673,10,2013,기타,Y,N,,N,02-2148-3277,종로구 교통행정과,2020-07-10,I,2026-05-15 18:45:05,2020-07-13 14:58:02
3000000,202030000000300017,독립문역 2번출구,서울특별시 종로구 통일로 252 (무악동),서울특별시 종로구 무악동 42,37.57481,126.9578,5,2014,단독형,N,N,,N,02-2148-3277,종로구 교통행정과,2020-07-10,I,2026-05-15 18:45:05,2020-07-13 13:53:55
3000000,202030000000300039,종로구민회관,"서울특별시 종로구 지봉로5길 7-5, 종로구구민회관, 보건소통합청 (창신동)","서울특별시 종로구 창신동 222-8 종로구구민회관, 보건소통합청",37.57346,127.0144,14,2012,휀스형,N,N,,N,02-2148-3277,종로구 교통행정과,2020-07-10,I,2026-05-15 18:45:05,2020-07-13 14:29:47
3000000,202030000000300073,동대문역 3번출구,"서울특별시 종로구 종로 311, (주)우리은행 창신동지점 (창신동)",서울특별시 종로구 창신동 530-1 (주)우리은행 창신동지점,37.57210,127.0123,10,2019,단독형,N,N,,N,02-2148-3277,종로구 교통행정과,2020-07-10,I,2026-05-15 18:45:05,2020-07-13 15:22:09
3000000,202030000000300014,세검정교차로(상명대 방향),"서울특별시 종로구 홍지문2길 20, 상명대학교 (홍지동)",서울특별시 종로구 홍지동 7-1 상명대학교,37.59995,126.9578,22,2010,단독형,N,Y,수동식,N,02-2148-3277,종로구 교통행정과,2020-07-10,I,2026-05-15 18:45:05,2020-07-13 13:50:06
3000000,202130000000300040,동성중고앞-1,"서울특별시 종로구 대학로 156, 동성중고교,카톨릭청소년회관 (혜화동)","서울특별시 종로구 혜화동 90-7 동성중고교,카톨릭청소년회관",37.58493,127.0015,7,2010,단독형,N,N,,N,02-2148-3277,종로구 교통행정과,2021-07-05,I,2026-05-15 18:45:05,2021-07-05 09:44:58
3000000,202030000000300015,세검정초교 후문 육교 하부,"서울특별시 종로구 세검정로9길 1, 서울세검정초등학교 (신영동)",서울특별시 종로구 신영동 219-4 서울세검정초등학교,37.60340,126.9609,10,2015,휀스형,N,N,,N,02-2148-3277,종로구 교통행정과,2020-07-10,I,2026-05-15 18:45:05,2020-07-13 13:51:10
3000000,202130000000300010,연지공원,"서울특별시 종로구 율곡로 194, 현대그룹빌딩 동관 (연지동)",서울특별시 종로구 연지동 1-7 현대그룹빌딩 동관,37.57596,127.0008,3,2017,단독형,N,N,,N,02-2148-3277,종로구 교통행정과,2021-07-05,I,2026-05-15 18:45:05,2021-07-05 09:44:58
3000000,202030000000300003,사직동 벽산 광화문시대 앞,"서울특별시 종로구 사직로8길 42 (내수동, 광화문시대)",서울특별시 종로구 내수동 74 광화문시대,37.57382,126.9731,13,2016,단독형,N,Y,수동식,N,02-2148-3277,종로구 교통행정과,2020-07-10,I,2026-05-15 18:45:05,2020-07-13 13:35:49
3000000,202030000000300019,창경궁 홍화문 옆,"서울특별시 종로구 창경궁로 185, 창경궁 (와룡동)",서울특별시 종로구 와룡동 2-1 창경궁,37.58023,126.9962,6,2015,단독형,N,N,,N,02-2148-3277,종로구 교통행정과,2020-07-10,I,2026-05-15 18:45:05,2020-07-13 13:58:49
3000000,202130000000300025,신설동로터리 남측,서울특별시 종로구 종로 412 (숭인동),서울특별시 종로구 숭인동 1365,37.57528,127.0229,14,2016,단독형,N,N,,N,02-2148-3277,종로구 교통행정과,2021-07-05,I,2026-05-15 18:45:05,2021-07-05 09:44:58
3000000,202130000000300028,창신역 3번 출구,서울특별시 종로구 동망산길 4 (숭인동),서울특별시 종로구 숭인동 5-12,37.57947,127.0154,10,2008,거치형,N,N,,N,02-2148-3277,종로구 교통행정과,2021-07-05,I,2026-05-15 18:45:05,2021-07-05 09:44:58
3000000,202030000000300025,종각역 2번 출구,"서울특별시 종로구 종로 47, 한국스탠다드차타드은행 빌딩 (공평동)",서울특별시 종로구 공평동 100 한국스탠다드차타드은행 빌딩,37.57041,126.9827,10,2016,단독형,N,Y,수동식,N,02-2148-3277,종로구 교통행정과,2020-07-10,I,2026-05-15 18:45:05,2020-07-13 14:12:10
3000000,202030000000300062,무악현대아파트,"서울특별시 종로구 통일로 246-10, 무악현대아파트 (무악동)",서울특별시 종로구 무악동 82 무악현대아파트,37.57520,126.9606,26,2009,기타,Y,N,,N,02-2148-3277,종로구 교통행정과,2020-07-10,I,2026-05-15 18:45:05,2020-07-13 15:09:08
3000000,202130000000300050,종각역 3-1번 출구,"서울특별시 종로구 종로 51, 종로타워 (종로2가)",서울특별시 종로구 종로2가 6 종로타워,37.5707,126.983,20,2008,휀스형,N,N,,N,02-2148-3277,종로구 교통행정과,2021-07-05,I,2026-05-15 18:45:05,2021-07-05 09:44:58
3000000,202030000000300013,삼청공원 정문,서울특별시 종로구 북촌로 134-1 (삼청동),서울특별시 종로구 삼청동 산 2-1,37.58833,126.9816,6,1998,거치형,N,N,,N,02-2148-3277,종로구 교통행정과,2020-07-10,I,2026-05-15 18:45:05,2020-07-13 13:48:42
3000000,202030000000300048,창신역 3번 출구,서울특별시 종로구 동망산길 4 (숭인동),서울특별시 종로구 숭인동 5-12,37.57947,127.0154,10,2008,거치형,N,N,,N,02-2148-3277,종로구 교통행정과,2020-07-10,I,2026-05-15 18:45:05,2020-07-13 14:43:52
3000000,202130000000300063,삼청공원 정문,서울특별시 종로구 북촌로 134-1 (삼청동),서울특별시 종로구 삼청동 산 2-1,37.58833,126.9816,6,1998,거치형,N,N,,N,02-2148-3277,종로구 교통행정과,2021-07-05,I,2026-05-15 18:45:05,2021-07-05 09:44:58
3000000,202030000000300026,종각역 3-1번 출구,"서울특별시 종로구 종로 51, 종로타워 (종로2가)",서울특별시 종로구 종로2가 6 종로타워,37.57070,126.9830,20,2008,휀스형,N,N,,N,02-2148-3277,종로구 교통행정과,2020-07-10,I,2026-05-15 18:45:05,2020-07-13 14:13:32
3000000,202130000000300044,이화사거리,"서울특별시 종로구 대학로 60, 동마루빌딩(현대자동차) (연건동)",서울특별시 종로구 연건동 178-1 동마루빌딩(현대자동차),37.57648,127.0022,20,2013,단독형,N,Y,수동식,N,02-2148-3277,종로구 교통행정과,2021-07-05,I,2026-05-15 18:45:05,2021-07-05 09:44:58
3000000,202130000000300069,경복궁역 2번 출구 앞,서울특별시 종로구 자하문로 1 (내자동),서울특별시 종로구 내자동 67-1,37.57641,126.9723,10,2012,단독형,N,N,,N,02-2148-3277,종로구 교통행정과,2021-07-05,I,2026-05-15 18:45:05,2021-07-05 09:44:58
3000000,202130000000300064,광화문역 8번출구,"서울특별시 종로구 새문안로5길 19, 로얄빌딩 (당주동)",서울특별시 종로구 당주동 5 로얄빌딩,37.57198,126.9742,11,2016,단독형,N,Y,수동식,N,02-2148-3277,종로구 교통행정과,2021-07-05,I,2026-05-15 18:45:05,2021-07-05 09:44:58
3000000,202130000000300072,종로도서관 앞,"서울특별시 종로구 사직로9길 15-14, 종로도서관 (사직동)",서울특별시 종로구 사직동 1-28 종로도서관,37.57609,126.968,16,2009,거치형,N,N,,N,02-2148-3277,종로구 교통행정과,2021-07-05,I,2026-05-15 18:45:05,2021-07-05 09:44:58
3000000,202030000000300054,청계천로 영도교 북측,"서울특별시 종로구 청계천로 369, 삼일아파트 (창신동)",서울특별시 종로구 창신동 400-4 삼일아파트,37.57038,127.0172,6,2018,단독형,N,N,,N,02-2148-3277,종로구 교통행정과,2020-07-10,I,2026-05-15 18:45:05,2020-07-13 14:49:40
3000000,202030000000300038,혜화동로터리,서울특별시 종로구 창경궁로 269-1 (혜화동),서울특별시 종로구 혜화동 122-5,37.58541,127.0007,7,2015,단독형,N,Y,태양광식,N,02-2148-3277,종로구 교통행정과,2020-07-10,I,2026-05-15 18:45:05,2020-07-13 14:28:34
3000000,202030000000300004,종로도서관 앞,"서울특별시 종로구 사직로9길 15-14, 종로도서관 (사직동)",서울특별시 종로구 사직동 1-28 종로도서관,37.57609,126.9680,16,2009,거치형,N,N,,N,02-2148-3277,종로구 교통행정과,2020-07-10,I,2026-05-15 18:45:05,2020-07-13 13:36:55
3000000,202030000000300036,동성중고앞-1,"서울특별시 종로구 대학로 156, 동성중고교,카톨릭청소년회관 (혜화동)","서울특별시 종로구 혜화동 90-7 동성중고교,카톨릭청소년회관",37.58493,127.0015,7,2010,단독형,N,N,,N,02-2148-3277,종로구 교통행정과,2020-07-10,I,2026-05-15 18:45:05,2020-07-13 14:26:21
3000000,202030000000300029,청계천로 청계2가교차로,"서울특별시 종로구 청계천로 93, 파고다타워 (관철동)",서울특별시 종로구 관철동 5-13 파고다타워,37.56851,126.9877,4,2016,단독형,N,Y,수동식,N,02-2148-3277,종로구 교통행정과,2020-07-10,I,2026-05-15 18:45:05,2020-07-13 14:17:22
3000000,202130000000300039,동성중고앞-2,"서울특별시 종로구 대학로 156, 동성중고교,카톨릭청소년회관 (혜화동)","서울특별시 종로구 혜화동 90-7 동성중고교,카톨릭청소년회관",37.5852,127.0014,26,2010,단독형,N,Y,수동식,N,02-2148-3277,종로구 교통행정과,2021-07-05,I,2026-05-15 18:45:05,2021-07-05 09:44:58
3000000,202030000000300001,경복고등학교 정문 옆,"서울특별시 종로구 자하문로28가길 9, 경복고등학교 (청운동)",서울특별시 종로구 청운동 89-9 경복고등학교,37.58706,126.9715,7,2008,휀스형,N,N,,N,02-2148-3277,종로구 교통행정과,2020-07-10,I,2026-05-15 18:45:05,2020-07-13 13:30:50
3000000,202130000000300014,롯데캐슬 천지인아파트,"서울특별시 종로구 종로 347 (숭인동, 롯데캐슬 천지인)",서울특별시 종로구 숭인동 76 롯데캐슬 천지인,37.57386,127.0161,30,2008,기타,Y,N,,N,02-2148-3277,종로구 교통행정과,2021-07-05,I,2026-05-15 18:45:05,2021-07-05 09:44:58
3000000,202030000000300047,동묘앞역 1번 출구,"서울특별시 종로구 종로 347 (숭인동, 롯데캐슬 천지인)",서울특별시 종로구 숭인동 76 롯데캐슬 천지인,37.57316,127.0159,13,2008,휀스형,N,Y,수동식,N,02-2148-3277,종로구 교통행정과,2020-07-10,I,2026-05-15 18:45:05,2020-07-13 14:42:55
3000000,202030000000300012,광화문역 8번출구,"서울특별시 종로구 새문안로5길 19, 로얄빌딩 (당주동)",서울특별시 종로구 당주동 5 로얄빌딩,37.57198,126.9742,11,2016,단독형,N,Y,수동식,N,02-2148-3277,종로구 교통행정과,2020-07-10,I,2026-05-15 18:45:05,2020-07-13 13:47:33
3000000,202030000000300033,혜화역 3번출구,서울특별시 종로구 대학로 103 (연건동),서울특별시 종로구 연건동 28-2,37.58082,127.0019,7,2016,단독형,N,N,,N,02-2148-3277,종로구 교통행정과,2020-07-10,I,2026-05-15 18:45:05,2020-07-13 14:21:54
3000000,202130000000300043,혜화역 3번출구,서울특별시 종로구 대학로 103 (연건동),서울특별시 종로구 연건동 28-2,37.58082,127.0019,7,2016,단독형,N,N,,N,02-2148-3277,종로구 교통행정과,2021-07-05,I,2026-05-15 18:45:05,2021-07-05 09:44:58
3000000,202030000000300059,배화여자중학교 체육관 뒤,"서울특별시 종로구 필운대로1길 34, 배화여자대학교,배화여자중,고등학교 (필운동)","서울특별시 종로구 필운동 12 배화여자대학교,배화여자중,고등학교",37.57833,126.9673,30,2013,기타,Y,N,,N,02-2148-3277,종로구 교통행정과,2020-07-10,I,2026-05-15 18:45:05,2020-07-13 15:05:02
3000000,202130000000300059,독립문역 2번출구,서울특별시 종로구 통일로 252 (무악동),서울특별시 종로구 무악동 42,37.57481,126.9578,5,2014,단독형,N,N,,N,02-2148-3277,종로구 교통행정과,2021-07-05,I,2026-05-15 18:45:05,2021-07-05 09:44:58
3000000,202030000000300007,경복궁역 2번 출구 앞,서울특별시 종로구 자하문로 1 (내자동),서울특별시 종로구 내자동 67-1,37.57641,126.9723,10,2012,단독형,N,N,,N,02-2148-3277,종로구 교통행정과,2020-07-10,I,2026-05-15 18:45:05,2020-07-13 13:41:05
3000000,202130000000300036,동대문역 6번출구 뒤,서울특별시 종로구 종로 294 (창신동),서울특별시 종로구 창신동 464-6,37.57158,127.0106,17,2009,거치형,N,Y,수동식,N,02-2148-3277,종로구 교통행정과,2021-07-05,I,2026-05-15 18:45:05,2021-07-05 09:44:58
3000000,202130000000300021,올림픽국민생활기념관,"서울특별시 종로구 성균관로 91, 국민생활관 (혜화동)",서울특별시 종로구 혜화동 1-21 국민생활관,37.58984,126.9988,10,2016,휀스형,N,N,,N,02-2148-3277,종로구 교통행정과,2021-07-05,I,2026-05-15 18:45:05,2021-07-05 09:44:58
3000000,202130000000300012,서울직업전문학교,"서울특별시 종로구 종로 375, 승문빌딩 (숭인동)",서울특별시 종로구 숭인동 165 승문빌딩,37.57414,127.0191,13,2017,단독형,N,N,,N,02-2148-3277,종로구 교통행정과,2021-07-05,I,2026-05-15 18:45:05,2021-07-05 09:44:58
3000000,202030000000300006,경복궁역 1번출구 앞,서울특별시 종로구 사직로 121 (내자동),서울특별시 종로구 내자동 61-1,37.57624,126.9722,15,2015,단독형,N,Y,수동식,N,02-2148-3277,종로구 교통행정과,2020-07-10,I,2026-05-15 18:45:05,2020-07-13 13:39:10
3000000,202130000000300070,경복궁역 1번출구 앞,서울특별시 종로구 사직로 121 (내자동),서울특별시 종로구 내자동 61-1,37.57624,126.9722,15,2015,단독형,N,Y,수동식,N,02-2148-3277,종로구 교통행정과,2021-07-05,I,2026-05-15 18:45:05,2021-07-05 09:44:58
3000000,202030000000300052,신설동역 11번출구,"서울특별시 종로구 종로 413, 동보빌딩 (숭인동)",서울특별시 종로구 숭인동 1252 동보빌딩,37.57574,127.0229,10,2017,단독형,N,N,,N,02-2148-3277,종로구 교톻행정과,2020-07-10,I,2026-05-15 18:45:05,2020-07-13 14:47:25
3000000,202030000000300037,동성중고앞-2,"서울특별시 종로구 대학로 156, 동성중고교,카톨릭청소년회관 (혜화동)","서울특별시 종로구 혜화동 90-7 동성중고교,카톨릭청소년회관",37.58520,127.0014,26,2010,단독형,N,Y,수동식,N,02-2148-3277,종로구 교통행정과,2020-07-10,I,2026-05-15 18:45:05,2020-07-13 14:27:33
3000000,202030000000300041,동대문지하쇼핑센터 1번출구,"서울특별시 종로구 청계천로 295, 동대문신발상가 (창신동)",서울특별시 종로구 창신동 436-79 동대문신발상가,37.56992,127.0102,10,2018,단독형,N,N,,N,02-2148-3277,종로구 교통행정과,2020-07-10,I,2026-05-15 18:45:05,2020-07-13 14:36:10
3000000,202130000000300011,국립민속박물관,"서울특별시 종로구 삼청로 37, 국립민속박물관 (세종로)",서울특별시 종로구 세종로 1-1 국립민속박물관,37.57952,126.9787,4,2018,단독형,N,N,,N,02-2148-3277,종로구 교통행정과,2021-07-05,I,2026-05-15 18:45:05,2021-07-05 09:44:58
3000000,202130000000300037,종로구민회관,"서울특별시 종로구 지봉로5길 7-5, 종로구구민회관, 보건소통합청 (창신동)","서울특별시 종로구 창신동 222-8 종로구구민회관, 보건소통합청",37.57346,127.0144,14,2012,휀스형,N,N,,N,02-2148-3277,종로구 교통행정과,2021-07-05,I,2026-05-15 18:45:05,2021-07-05 09:44:58
3000000,202030000000300056,재동초등학교 후문,"서울특별시 종로구 북촌로4길 7, 서울재동초등학교 (가회동)",서울특별시 종로구 가회동 210 서울재동초등학교,37.58001,126.9851,5,2016,거치형,N,N,,N,02-2148-3277,종로구 교통행정과,2020-07-10,I,2026-05-15 18:45:05,2020-07-13 14:54:00
3000000,202130000000300015,아남아파트(1단지),"서울특별시 종로구 창경궁로 265 (명륜2가, 아남아파트)",서울특별시 종로구 명륜2가 4 아남아파트,37.58556,126.9991,40,2008,,Y,N,,N,02-2148-3277,종로구 교통행정과,2021-07-05,I,2026-05-15 18:45:05,2021-07-05 09:44:58
3000000,202130000000300033,동묘앞역 7번출구 뒤,"서울특별시 종로구 지봉로 29, 금호팔레스 (창신동)",서울특별시 종로구 창신동 327-2 금호팔레스,37.57257,127.0156,9,2016,단독형,N,N,,N,02-2148-3277,종로구 교통행정과,2021-07-05,I,2026-05-15 18:45:05,2021-07-05 09:44:58
3000000,202030000000300030,종로5가역 1번 출구,서울특별시 종로구 종로 211-1 (종로5가),서울특별시 종로구 종로5가 91,37.57097,127.0013,10,2013,단독형,N,Y,수동식,N,02-2148-3277,종로구 교통행정과,2020-07-10,I,2026-05-15 18:45:05,2020-07-13 14:18:29
3000000,202130000000300073,사직동 벽산 광화문시대 앞,"서울특별시 종로구 사직로8길 42 (내수동, 광화문시대)",서울특별시 종로구 내수동 74 광화문시대,37.57382,126.9731,13,2016,단독형,N,Y,수동식,N,02-2148-3277,종로구 교통행정과,2021-07-05,I,2026-05-15 18:45:05,2021-07-05 09:44:58
3000000,202030000000300057,신영삼거리육교 아래,서울특별시 종로구 평창문화로 5-1 (신영동),서울특별시 종로구 신영동 29-6,37.60393,126.9625,5,2016,거치형,N,N,,N,02-2148-3277,종로구 교통행정과,2020-07-10,I,2026-05-15 18:45:05,2020-07-13 14:55:44
3000000,202130000000300003,종로5가역 1번출구 종오약국 앞,서울특별시 종로구 종로 205 (종로5가),서울특별시 종로구 종로5가 102,38.57093,128.0006,7,2020,단독형,N,N,,N,02-2148-3277,종로구 교통행정과,2021-07-05,I,2026-05-15 18:45:05,2021-07-05 09:44:58
3000000,202030000000300068,연지공원,"서울특별시 종로구 율곡로 194, 현대그룹빌딩 동관 (연지동)",서울특별시 종로구 연지동 1-7 현대그룹빌딩 동관,37.57596,127.0008,3,2017,단독형,N,N,,N,02-2148-3277,종로구 교통행정과,2020-07-10,I,2026-05-15 18:45:05,2020-07-13 15:15:56
3000000,202130000000300051,종각역 2번 출구,"서울특별시 종로구 종로 47, 한국스탠다드차타드은행 빌딩 (공평동)",서울특별시 종로구 공평동 100 한국스탠다드차타드은행 빌딩,37.57041,126.9827,10,2016,단독형,N,Y,수동식,N,02-2148-3277,종로구 교통행정과,2021-07-05,I,2026-05-15 18:45:05,2021-07-05 09:44:58
3000000,202030000000300021,종로구청,"서울특별시 종로구 삼봉로 43, 종로구청 (수송동)",서울특별시 종로구 수송동 146-2 종로구청,37.57313,126.9794,7,2013,단독형,N,Y,수동식,Y,02-2148-3277,종로구 교통행정과,2020-07-10,I,2026-05-15 18:45:05,2020-07-13 14:07:04
3000000,202030000000300022,YBM어학원,"서울특별시 종로구 종로 104, YBM (종로2가)",서울특별시 종로구 종로2가 55-1 YBM,37.57023,126.9892,19,2015,단독형,N,N,,N,02-2148-3277,종로구 교통행정과,2020-07-10,I,2026-05-15 18:45:05,2020-07-13 14:08:19
3000000,202030000000300072,동대문역 8번출구,서울특별시 종로구 청계천로 279 (종로6가),서울특별시 종로구 종로6가 289-3,37.57014,127.0093,5,2019,단독형,N,N,,N,02-2148-3277,종로구 교통행정과,2020-07-10,I,2026-05-15 18:45:05,2020-07-13 15:20:31
3000000,202130000000300006,동대문역 8번출구,서울특별시 종로구 청계천로 279 (종로6가),서울특별시 종로구 종로6가 289-3,37.57014,127.0093,10,2019,단독형,N,N,,N,02-2148-3277,종로구 교통행정과,2021-07-05,I,2026-05-15 18:45:05,2021-07-05 09:44:58
3000000,202130000000300042,혜화역 4번 출구,서울특별시 종로구 대학로 141 (혜화동),서울특별시 종로구 혜화동 166-4,37.58389,127.0014,7,2015,단독형,N,Y,수동식,N,02-2148-3277,종로구 교통행정과,2021-07-05,I,2026-05-15 18:45:05,2021-07-05 09:44:58
3000000,202130000000300035,동대문지하쇼핑센터 1번출구,"서울특별시 종로구 청계천로 295, 동대문신발상가 (창신동)",서울특별시 종로구 창신동 436-79 동대문신발상가,37.56992,127.0102,10,2018,단독형,N,N,,N,02-2148-3277,종로구 교통행정과,2021-07-05,I,2026-05-15 18:45:05,2021-07-05 09:44:58
3000000,202030000000300074,종로5가역 14번출구,서울특별시 종로구 종로 205 (종로5가),서울특별시 종로구 종로5가 102,37.57093,127.0006,5,2019,단독형,N,N,,N,02-2148-3277,종로구 교통행정과,2020-07-10,I,2026-05-15 18:45:05,2020-07-13 15:22:57
3000000,202130000000300016,무악현대아파트,"서울특별시 종로구 통일로 246-10, 무악현대아파트 (무악동)",서울특별시 종로구 무악동 82 무악현대아파트,37.5752,126.9606,26,2009,기타,Y,N,,N,02-2148-3277,종로구 교통행정과,2021-07-05,I,2026-05-15 18:45:05,2021-07-05 09:44:58
3000000,202130000000300019,신영삼거리육교 아래,서울특별시 종로구 평창문화로 5-1 (신영동),서울특별시 종로구 신영동 29-6,37.60393,126.9625,5,2016,거치형,N,N,,N,02-2148-3277,종로구 교통행정과,2021-07-05,I,2026-05-15 18:45:05,2021-07-05 09:44:58
3000000,202030000000300042,동묘앞역 6번 출구,"서울특별시 종로구 지봉로 19, 삼우텍스프라자 (창신동)",서울특별시 종로구 창신동 328-18 삼우텍스프라자,37.57174,127.0156,10,2010,단독형,N,N,,N,02-2148-3277,종로구 교통행정과,2020-07-10,I,2026-05-15 18:45:05,2020-07-13 14:37:34
3000000,202130000000300047,청계천로 청계2가교차로,"서울특별시 종로구 청계천로 93, 파고다타워 (관철동)",서울특별시 종로구 관철동 5-13 파고다타워,37.56851,126.9877,4,2016,단독형,N,Y,수동식,N,02-2148-3277,종로구 교통행정과,2021-07-05,I,2026-05-15 18:45:05,2021-07-05 09:44:58
3000000,202030000000300020,탑골공원,"서울특별시 종로구 종로17길 4, 종로지구대 (종로2가)",서울특별시 종로구 종로2가 39-3 종로지구대,37.57025,126.9888,11,2014,단독형,N,Y,수동식,N,02-2148-3277,종로구 교통행정과,2020-07-10,I,2026-05-15 18:45:05,2020-07-13 13:59:54
3000000,202130000000300041,혜화역 4번 출구,서울특별시 종로구 대학로 145-1 (혜화동),서울특별시 종로구 혜화동 148-2,37.58421,127.0014,7,2009,휀스형,N,N,,N,02-2148-3277,종로구 교통행정과,2021-07-05,I,2026-05-15 18:45:05,2021-07-05 09:44:58
3000000,202030000000300005,동십자각지하보도 입구,서울특별시 종로구 종로1길 57 (중학동),서울특별시 종로구 중학동 110-2,37.57548,126.9789,5,2012,단독형,N,N,,N,02-2148-3277,종로구 교통행정과,2020-07-10,I,2026-05-15 18:45:05,2020-07-13 13:37:53
3000000,202030000000300011,광화문빌딩 앞,"서울특별시 종로구 세종대로 149, 광화문빌딩 (세종로)",서울특별시 종로구 세종로 211 광화문빌딩,37.56966,126.9767,7,2008,휀스형,N,N,,N,02-2148-3277,종로구 교통행정과,2020-07-10,I,2026-05-15 18:45:05,2020-07-13 13:46:18
3000000,202130000000300008,남도식당 앞,"서울특별시 종로구 종로 374-1, 오락실 (숭인동)",서울특별시 종로구 숭인동 228-4 오락실,37.57389,127.019,8,2018,,N,N,,N,02-2148-3277,종로구 교통행정과,2021-07-05,I,2026-05-15 18:45:05,2021-07-05 09:44:58
3000000,202030000000300046,동묘앞역 2번 출구,"서울특별시 종로구 종로 359, 동묘앞역 (숭인동)",서울특별시 종로구 숭인동 117 동묘앞역,37.57334,127.0167,8,2016,단독형,Y,N,,N,02-2148-3277,종로구 교통행정과,2020-07-10,I,2026-05-15 18:45:05,2020-07-13 14:42:01
3000000,202130000000300061,세검정초교 후문 육교 하부,"서울특별시 종로구 세검정로9길 1, 서울세검정초등학교 (신영동)",서울특별시 종로구 신영동 219-4 서울세검정초등학교,37.6034,126.9609,10,2015,휀스형,N,N,,N,02-2148-3277,종로구 교통행정과,2021-07-05,I,2026-05-15 18:45:05,2021-07-05 09:44:58
3000000,202130000000300075,경복고등학교 정문 옆,"서울특별시 종로구 자하문로28가길 9, 경복고등학교 (청운동)",서울특별시 종로구 청운동 89-9 경복고등학교,37.58706,126.9715,7,2008,휀스형,N,N,,N,02-2148-3277,종로구 교통행정과,2021-07-05,I,2026-05-15 18:45:05,2021-07-05 09:44:58
3000000,202130000000300007,독립문역 3번출구,"서울특별시 종로구 통일로 230 (무악동, 경희궁 롯데캐슬)",서울특별시 종로구 무악동 89 경희궁 롯데캐슬,37.57358,126.9589,12,2019,기타,N,N,,N,02-2148-3277,종로구 교통행정과,2021-07-05,I,2026-05-15 18:45:05,2021-07-05 09:44:58
3000000,202130000000300026,동묘앞역 4번출구,"서울특별시 종로구 종로 344 (숭인동, 종로대우디오빌)",서울특별시 종로구 숭인동 310 종로대우디오빌,37.57301,127.016,10,2017,단독형,N,N,,N,02-2148-3277,종로구 교통행정과,2021-07-05,I,2026-05-15 18:45:05,2021-07-05 09:44:58
3000000,202030000000300050,동묘앞역 4번출구,"서울특별시 종로구 종로 344 (숭인동, 종로대우디오빌)",서울특별시 종로구 숭인동 310 종로대우디오빌,37.57301,127.0160,10,2017,단독형,N,N,,N,02-2148-3277,종로구 교통행정과,2020-07-10,I,2026-05-15 18:45:05,2020-07-13 14:45:42
3000000,202030000000300040,동대문역 6번출구 뒤,서울특별시 종로구 종로 294 (창신동),서울특별시 종로구 창신동 464-6,37.57158,127.0106,17,2009,거치형,N,Y,수동식,N,02-2148-3277,종로구 교통행정과,2020-07-10,I,2026-05-15 18:45:05,2020-07-13 14:34:42
3000000,202030000000300061,SH무악현대아파트,"서울특별시 종로구 통일로 246-11 (무악동, 무악현대아파트)",서울특별시 종로구 무악동 83 무악현대아파트,37.57541,126.9589,56,2008,기타,Y,N,,N,02-2148-3277,종로구 교통행정과,2020-07-10,I,2026-05-15 18:45:05,2020-07-13 15:08:00
3000000,202030000000300075,종로5가역 8번출구,"서울특별시 종로구 종로 214, 제이플라츠 (종로5가)",서울특별시 종로구 종로5가 138-2 제이플라츠,37.57090,127.0014,5,2019,단독형,N,N,,N,02-2148-3277,종로구 교통행정과,2020-07-10,I,2026-05-15 18:45:05,2020-07-13 15:24:05
3000000,202030000000300063,아남아파트(1단지),"서울특별시 종로구 창경궁로 265 (명륜2가, 아남아파트)",서울특별시 종로구 명륜2가 4 아남아파트,37.58556,126.9991,40,2008,,Y,N,,N,02-2148-3277,종로구 교통행정과,2020-07-10,I,2026-05-15 18:45:05,2020-07-13 15:09:53
3000000,202030000000300055,올림픽국민생활기념관,"서울특별시 종로구 성균관로 91, 국민생활관 (혜화동)",서울특별시 종로구 혜화동 1-21 국민생활관,37.58984,126.9988,10,2016,휀스형,N,N,,N,02-2148-3277,종로구 교통행정과,2020-07-10,I,2026-05-15 18:45:05,2020-07-13 14:51:15
3000000,202130000000300020,재동초등학교 후문,"서울특별시 종로구 북촌로4길 7, 서울재동초등학교 (가회동)",서울특별시 종로구 가회동 210 서울재동초등학교,37.58001,126.9851,5,2016,거치형,N,N,,N,02-2148-3277,종로구 교통행정과,2021-07-05,I,2026-05-15 18:45:05,2021-07-05 09:44:58
3000000,202030000000300051,신설동로터리 남측,서울특별시 종로구 종로 412 (숭인동),서울특별시 종로구 숭인동 1365,37.57528,127.0229,14,2016,단독형,N,N,,N,02-2148-3277,종로구 교통행정과,2020-07-10,I,2026-05-15 18:45:05,2020-07-13 14:46:33
3000000,202030000000300028,청계천로 광교교차로,"서울특별시 종로구 청계천로 41, 영풍빌딩 (서린동)",서울특별시 종로구 서린동 33 영풍빌딩,37.56905,126.9821,20,2017,단독형,N,N,,N,02-2148-3277,종로구 교통행정과,2020-07-10,I,2026-05-15 18:45:05,2020-07-13 14:16:24
3000000,202130000000300074,청운초교 정문 앞,"서울특별시 종로구 자하문로 101, 엘티에프 빌딩 (청운동)",서울특별시 종로구 청운동 131 엘티에프 빌딩,37.58499,126.9699,8,2015,단독형,N,Y,수동식,N,02-2148-3277,종로구 교통행정과,2021-07-05,I,2026-05-15 18:45:05,2021-07-05 09:44:58
3000000,202130000000300017,SH무악현대아파트,"서울특별시 종로구 통일로 246-11 (무악동, 무악현대아파트)",서울특별시 종로구 무악동 83 무악현대아파트,37.57541,126.9589,56,2008,기타,Y,N,,N,02-2148-3277,종로구 교통행정과,2021-07-05,I,2026-05-15 18:45:05,2021-07-05 09:44:58
3000000,202130000000300005,동대문역 3번출구,"서울특별시 종로구 종로 311, (주)우리은행 창신동지점 (창신동)",서울특별시 종로구 창신동 530-1 (주)우리은행 창신동지점,37.5721,127.0123,10,2019,단독형,N,N,,N,02-2148-3277,종로구 교통행정과,2021-07-05,I,2026-05-15 18:45:05,2021-07-05 09:44:58
3000000,202030000000300034,혜화역 4번 출구,서울특별시 종로구 대학로 141 (혜화동),서울특별시 종로구 혜화동 166-4,37.58389,127.0014,6,2015,단독형,N,Y,수동식,N,02-2148-3277,종로구 교통행정과,2020-07-10,I,2026-05-15 18:45:05,2020-07-13 14:24:13
3000000,202130000000300066,경복궁역 엘리베이터,서울특별시 종로구 사직로 135 (적선동),서울특별시 종로구 적선동 35-1,37.57597,126.9738,20,2009,단독형,N,Y,수동식,N,02-2148-3277,종로구 교통행정과,2021-07-05,I,2026-05-15 18:45:05,2021-07-05 09:44:58
3000000,202130000000300013,카톨릭대학교,"서울특별시 종로구 창경궁로 296-12, 카톨릭대학교 (혜화동)",서울특별시 종로구 혜화동 90-1 카톨릭대학교,37.58572,127.0046,20,2016,휀스형,N,N,,N,02-2148-3277,종로구 교통행정과,2021-07-05,I,2026-05-15 18:45:05,2021-07-05 09:44:58
3000000,202130000000300052,안국역 엘리베이터,"서울특별시 종로구 삼일대로 461, 운현궁 에스케이 허브 (경운동)",서울특별시 종로구 경운동 89-4 운현궁 에스케이 허브,37.57642,126.9853,12,2016,단독형,N,Y,수동식,N,02-2148-3277,종로구 교통행정과,2021-07-05,I,2026-05-15 18:45:05,2021-07-05 09:44:58
3000000,202030000000300060,파크팰리스 아파트,"서울특별시 종로구 사직로8길 20 (내수동, 경희궁 파크팰리스)",서울특별시 종로구 내수동 95 경희궁 파크팰리스,37.57409,126.9705,5,2008,휀스형,N,N,,N,02-2148-3277,종로구 교통행정과,2020-07-10,I,2026-05-15 18:45:05,2020-07-13 15:06:49
3000000,202130000000300049,종로3가역 1번 출구,"서울특별시 종로구 종로 125, 대광빌딩 (종로3가)",서울특별시 종로구 종로3가 18 대광빌딩,37.57039,126.9917,10,2014,단독형,N,N,,N,02-2148-3277,종로구 교통행정과,2021-07-05,I,2026-05-15 18:45:05,2021-07-05 09:44:58
3000000,202130000000300002,종로5가역 1번출구 미래약국 앞,서울특별시 종로구 종로 205 (종로5가),서울특별시 종로구 종로5가 102,37.57093,127.0006,3,2019,단독형,N,Y,,N,02-2148-3277,종로구 교통행정과,2021-07-05,I,2026-05-15 18:45:05,2021-07-05 09:44:58
3000000,202130000000300001,종로5가역 8번출구,"서울특별시 종로구 종로 214, 제이플라츠 (종로5가)",서울특별시 종로구 종로5가 138-2 제이플라츠,37.5709,127.0014,5,2019,단독형,N,N,,N,02-2148-3277,종로구 교통행정과,2021-07-05,I,2026-05-15 18:45:05,2021-07-05 09:44:58
3000000,202130000000300009,대우건설 본사 앞,"서울특별시 종로구 새문안로 75, KC Tower(케이씨타워) (신문로1가)",서울특별시 종로구 신문로1가 57 KC Tower(케이씨타워),37.57018,126.973,10,2018,단독형,N,N,,N,02-2148-3277,종로구 교통행정과,2021-07-05,I,2026-05-15 18:45:05,2021-07-05 09:44:58
3000000,202030000000300053,신설동역 12번출구,서울특별시 종로구 보문로 3 (숭인동),서울특별시 종로구 숭인동 1248,37.57591,127.0230,7,2017,단독형,N,Y,수동식,N,02-2148-3277,종로구 교통행정과,2020-07-10,I,2026-05-15 18:45:05,2020-07-13 14:48:26
3000000,202030000000300044,창신역 1번 출구 앞,"서울특별시 종로구 지봉로 99-1, 새마을금고 (창신동)",서울특별시 종로구 창신동 17-29 새마을금고,37.57899,127.0152,15,2015,단독형,N,Y,수동식,N,02-2148-3277,종로구 교통행정과,2020-07-10,I,2026-05-15 18:45:05,2020-07-13 14:39:54
3000000,202130000000300071,동십자각지하보도 입구,서울특별시 종로구 종로1길 57 (중학동),서울특별시 종로구 중학동 110-2,37.57548,126.9789,5,2012,단독형,N,N,,N,02-2148-3277,종로구 교통행정과,2021-07-05,I,2026-05-15 18:45:05,2021-07-05 09:44:58
3000000,202030000000300024,안국역 엘리베이터,"서울특별시 종로구 삼일대로 461, 운현궁 에스케이 허브 (경운동)",서울특별시 종로구 경운동 89-4 운현궁 에스케이 허브,37.57642,126.9853,12,2016,단독형,N,Y,수동식,N,02-2148-3277,종로구 교통행정과,2020-07-10,I,2026-05-15 18:45:05,2020-07-13 14:11:05
3000000,202130000000300024,신설동역 11번출구,"서울특별시 종로구 종로 413, 동보빌딩 (숭인동)",서울특별시 종로구 숭인동 1252 동보빌딩,37.57574,127.0229,10,2017,단독형,N,N,,N,02-2148-3277,종로구 교?행정과,2021-07-05,I,2026-05-15 18:45:05,2021-07-05 09:44:58
3000000,202130000000300018,파크팰리스 아파트,"서울특별시 종로구 사직로8길 20 (내수동, 경희궁 파크팰리스)",서울특별시 종로구 내수동 95 경희궁 파크팰리스,37.57409,126.9705,5,2008,휀스형,N,N,,N,02-2148-3277,종로구 교통행정과,2021-07-05,I,2026-05-15 18:45:05,2021-07-05 09:44:58
3000000,202130000000300046,종로5가역 1번 출구,서울특별시 종로구 종로 211-1 (종로5가),서울특별시 종로구 종로5가 91,37.57097,127.0013,10,2013,단독형,N,Y,수동식,N,02-2148-3277,종로구 교통행정과,2021-07-05,I,2026-05-15 18:45:05,2021-07-05 09:44:58
3000000,202030000000300023,안국역 1번출구,서울특별시 종로구 율곡로 39 (안국동),서울특별시 종로구 안국동 175-3,37.57586,126.9837,10,2012,단독형,N,Y,수동식,N,02-2148-3277,종로구 교통행정과,2020-07-10,I,2026-05-15 18:45:05,2020-07-13 14:09:52
3000000,202130000000300058,종묘주차장 옆,"서울특별시 종로구 동순라길 14, 대웅한의원 (인의동)",서울특별시 종로구 인의동 113 대웅한의원,37.5715,126.9964,7,1998,기타,Y,N,,N,02-2148-3277,종로구 교통행정과,2021-07-05,I,2026-05-15 18:45:05,2021-07-05 09:44:58
3000000,202030000000300049,창신역 4번 출구,서울특별시 종로구 지봉로 104 (숭인동),서울특별시 종로구 숭인동 9-1,37.57937,127.0153,10,2008,거치형,N,N,,N,02-2148-3277,종로구 교통행정과,2020-07-10,I,2026-05-15 18:45:05,2020-07-13 14:44:48
3000000,202130000000300031,창신역 1번 출구 뒤,서울특별시 종로구 지봉로 107 (창신동),서울특별시 종로구 창신동 20-15,37.5796,127.015,10,2015,단독형,N,Y,수동식,N,02-2148-3277,종로구 교통행정과,2021-07-05,I,2026-05-15 18:45:05,2021-07-05 09:44:58
3000000,202130000000300038,혜화동로터리,서울특별시 종로구 창경궁로 269-1 (혜화동),서울특별시 종로구 혜화동 122-5,37.58541,127.0007,7,2015,단독형,N,Y,태양광식,N,02-2148-3277,종로구 교통행정과,2021-07-05,I,2026-05-15 18:45:05,2021-07-05 09:44:58
3000000,202130000000300065,광화문빌딩 앞,"서울특별시 종로구 세종대로 149, 광화문빌딩 (세종로)",서울특별시 종로구 세종로 211 광화문빌딩,37.56966,126.9767,7,2008,휀스형,N,N,,N,02-2148-3277,종로구 교통행정과,2021-07-05,I,2026-05-15 18:45:05,2021-07-05 09:44:58
3000000,202130000000300029,동묘앞역 1번 출구,"서울특별시 종로구 종로 347 (숭인동, 롯데캐슬 천지인)",서울특별시 종로구 숭인동 76 롯데캐슬 천지인,37.57316,127.0159,13,2008,휀스형,N,Y,수동식,N,02-2148-3277,종로구 교통행정과,2021-07-05,I,2026-05-15 18:45:05,2021-07-05 09:44:58
3000000,202130000000300067,경복궁역 7번 출구 앞,"서울특별시 종로구 사직로8길 31, 서울지방경찰청 (내자동)",서울특별시 종로구 내자동 201-11 서울지방경찰청,37.57489,126.9719,14,2010,단독형,N,Y,수동식,N,02-2148-3277,종로구 교통행정과,2021-07-05,I,2026-05-15 18:45:05,2021-07-05 09:44:58
3000000,202030000000300027,종로3가역 1번 출구,"서울특별시 종로구 종로 125, 대광빌딩 (종로3가)",서울특별시 종로구 종로3가 18 대광빌딩,37.57039,126.9917,10,2014,단독형,N,N,,N,02-2148-3277,종로구 교통행정과,2020-07-10,I,2026-05-15 18:45:05,2020-07-13 14:14:30
3010000,202330100000300035,청계천 베를린광장(한화빌딩 앞),서울특별시 중구 청계천로 86,서울특별시 중구 장교동 1,37.5667927,126.9881659,10,2016,거치형,N,N,,N,02-3396-6215,서울특별시 중구청,2026-05-13,I,2026-05-15 18:45:05,2026-05-13 10:21:42
3010000,202330100000300041,"청구역 2번 출구, 흥인초등학교",서울특별시 중구 청구로6길 11,서울특별시 중구 동화동 292-66,37.5605353,127.0134965,5,2003,거치형,N,Y,태양광식,N,02-3396-6215,서울특별시 중구청,2026-05-13,I,2026-05-15 18:45:05,2026-05-13 10:20:58
3010000,202330100000300048,"신당역 12번 출구,참바로병원",서울특별시 중구 다산로 258,서울특별시 중구 흥인동 86,37.565796,127.0163071,16,2006,거치형,N,Y,태양광식,N,02-3396-6215,서울특별시 중구청,2026-05-13,I,2026-05-15 18:45:05,2026-05-13 10:19:57
3010000,202330100000300044,을지로4가역 8번 출구,서울특별시 중구 창경궁로 46,서울특별시 중구 을지로4가 192,37.5662165,126.9983653,9,2006,거치형,N,N,,N,02-3396-6215,서울특별시 중구청,2026-05-13,I,2026-05-15 18:45:05,2026-05-13 10:20:29
3010000,202330100000300037,서울중구청 앞,서울특별시 중구 창경궁로 17,서울특별시 중구 예관동 120-1,37.5614631,126.9962431,15,2021,단독형,N,Y,태양광식,N,02-3396-6215,서울특별시 중구청,2026-05-13,I,2026-05-15 18:45:05,2026-05-13 10:21:31
3010000,202330100000300052,"동대입구역 2번 출구, 태극당앞",서울특별시 중구 동호로24길 7,서울특별시 중구 장충동2가 189-5,37.5594941,127.0058202,18,2003,단독형,N,Y,태양광식,N,02-3396-6215,서울특별시 중구청,2026-05-13,I,2026-05-15 18:45:05,2026-05-13 10:19:33
3010000,202330100000300039,신한L타워,서울특별시 중구 칠패로 37,서울특별시 중구 봉래동1가 25,37.5602354,126.9726019,12,2006,거치형,N,N,,N,02-3396-6215,서울특별시 중구청,2026-05-13,I,2026-05-15 18:45:05,2026-05-13 10:21:17
3010000,202530100000300002,시청역 11번 출구,"서울특별시 중구 서소문로 135, 연호빌딩 (서소문동)",서울특별시 중구 서소문동 21-1 연호빌딩,37.5641425,126.9759706,8,2025,단독형,N,Y,태양광식,N,02-3396-6215,중구청 교통행정과,2026-05-13,I,2026-05-15 18:45:05,2026-05-13 10:19:00
3010000,202330100000300033,"신당역 5번 출구, 신당파출소",서울특별시 중구 퇴계로 404,서울특별시 중구 신당동 100-2,37.5652,127.01647,10,2020,단독형,N,N,,N,02-3396-6215,서울특별시 중구청,2026-05-13,I,2026-05-15 18:45:05,2026-05-13 10:21:50
3010000,202330100000300045,을지로4가역 1번 출구,서울특별시 중구 을지로 175-3,서울특별시 중구 을지로4가 61,37.5665447,126.9982717,8,2016,거치형,N,Y,태양광식,N,02-3396-6215,서울특별시 중구청,2026-05-13,I,2026-05-15 18:45:05,2026-05-13 10:20:22
3010000,202330100000300038,쌍용더플래티넘서울역 앞,서울특별시 중구 청파로 456,서울특별시 중구 중림동 363,37.5597271,126.9690617,7,2015,거치형,N,N,,N,02-3396-6215,서울특별시 중구청,2026-05-13,I,2026-05-15 18:45:05,2026-05-13 10:21:24
3010000,202330100000300032,청구역 3번 출구,서울특별시 중구 다산로 28길 2,서울특별시 중구 신당동 310-8,37.55977,127.01375,8,2020,단독형,N,N,,N,02-3396-6215,서울특별시 중구청,2026-05-13,I,2026-05-15 18:45:05,2026-05-13 10:21:57
3010000,202330100000300050,"서대문역 6번 출구, 농협중앙회",서울특별시 중구 통일로 120,서울특별시 중구 충정로1가 85,37.5656425,126.9671568,6,2006,단독형,N,Y,태양광식,N,02-3396-6215,서울특별시 중구청,2026-05-13,I,2026-05-15 18:45:05,2026-05-13 10:19:49
3010000,202330100000300042,청구역 1번 출구,서울특별시 중구 다산로 191,서울특별시 중구 신당동 295-35,37.5605353,127.0134965,21,2003,거치형,N,N,,N,02-3396-6215,서울특별시 중구청,2026-05-13,I,2026-05-15 18:45:05,2026-05-13 10:20:51
3010000,202330100000300053,한양중·고등학교 앞,서울특별시 중구 을지로 299,서울특별시 중구 신당동 224-2,37.5657425,127.0122216,35,2003,거치형,N,Y,태양광식,N,02-3396-6215,서울특별시 중구청,2026-05-13,I,2026-05-15 18:45:05,2026-05-13 10:19:26
3010000,202330100000300040,유락종합사회복지관 앞,서울특별시 중구 퇴계로 458,서울특별시 중구 신당동 160-1,37.5650977,127.0227492,7,2007,거치형,N,N,,N,02-3396-6215,서울특별시 중구청,2026-05-13,I,2026-05-15 18:45:05,2026-05-13 10:21:08
3010000,202330100000300046,약수역 3번 출구,서울특별시 중구 동호로 180,서울특별시 중구 신당동 373-3,37.5543045,127.0109103,18,2009,거치형,N,Y,기계식,N,02-3396-6215,서울특별시 중구청,2026-05-13,I,2026-05-15 18:45:05,2026-05-13 10:20:13
3010000,202330100000300029,"청계상가, 아카데미조명앞",서울특별시 중구 청계천로 160,서울특별시 중구 신당동 207-1,37.56806,126.9953,7,2020,단독형,N,N,,N,02-3396-6215,서울특별시 중구청,2026-05-13,I,2026-05-15 18:45:05,2026-05-13 10:22:16
3010000,202530100000300001,동대문역사문화공원역 12번 출구,서울특별시 중구 을지로 264 (을지로6가),서울특별시 중구 을지로6가 21-31 동대문패션TV,37.5660291,127.0071962,10,2025,단독형,N,Y,태양광식,N,02-3396-6215,중구청 교통행정과,2026-05-13,I,2026-05-15 18:45:05,2026-05-13 10:19:09
3010000,202330100000300047,약수역 10번 출구,서울특별시 중구 동호로 191,서울특별시 중구 신당동 361-4,37.5550423,127.010504,16,2009,거치형,N,Y,기계식,N,02-3396-6215,서울특별시 중구청,2026-05-13,I,2026-05-15 18:45:05,2026-05-13 10:20:05
3010000,202330100000300031,장충파출소,서울특별시 중구 동호로 261,서울특별시 중구 장충동2가 197-34,37.5588,127.00476,8,2020,단독형,N,N,,N,02-3396-6215,서울특별시 중구청,2026-05-13,I,2026-05-15 18:45:05,2026-05-13 10:22:04
3010000,202330100000300054,한양공고앞 교차로,서울특별시 중구 퇴계로 352-1,서울특별시 중구 신당동 228-3,37.564596,127.010601,5,2021,단독형,N,N,,N,02-3396-6215,서울특별시 중구청,2026-05-13,I,2026-05-15 18:45:05,2026-05-13 10:19:18
3010000,202330100000300030,광희문,"서울특별시 중구 청구로 134, 건너(광희문 성곽) (신당동)",서울특별시 중구 신당동 236-318 건너(광희문 성곽),37.56366,127.0102,8,2020,단독형,N,Y,태양광식,N,02-3396-6215,서울특별시 중구청,2026-05-13,I,2026-05-15 18:45:05,2026-05-13 10:22:10
3010000,202330100000300051,버티고개역2번출구 앞,서울특별시 중구 다산로 56,서울특별시 중구 신당동 366-126,37.5483803,127.0079023,5,2006,거치형,N,Y,태양광식,N,02-3396-6215,서울특별시 중구청,2026-05-13,I,2026-05-15 18:45:05,2026-05-13 10:19:42
3010000,202330100000300043,을지로입구역7번 출구,서울특별시 중구 남대문로 81,서울특별시 중구 소공동 1,37.5653763,126.9826801,6,2006,단독형,N,N,,N,02-3396-6215,서울특별시 중구청,2026-05-13,I,2026-05-15 18:45:05,2026-05-13 10:20:37
3020000,202530200000300047,신용산역 2번 출구,서울특별시 용산구 한강대로 신용산역 2번 출구,서울특별시 용산구 한강로2가 188-1,37.528594,126.967524,10,2002,거치형,N,Y,태양광식,N,02-2199-7750,서울특별시 용산구청,2025-10-17,I,2026-05-15 18:45:05,2025-10-17 14:04:24
3020000,202530200000300003,한남유수지공영주차장,서울특별시 용산구 독서당로 18 공영주차장 앞,서울특별시 용산구 한남동 522-44,37.530167,127.007453,10,2021,휀스형,N,Y,수동식,N,02-2199-7750,서울특별시 용산구청,2025-10-17,I,2026-05-15 18:45:05,2025-10-17 14:04:24
3020000,202530200000300053,후암동버스종점,서울특별시 용산구 두텁바위로 후암동종점 버스정류소 앞,서울특별시 용산구 후암동 418-11,37.54659,126.981138,14,2020,단독형,N,Y,수동식,N,02-2199-7750,서울특별시 용산구청,2025-10-17,I,2026-05-15 18:45:05,2025-10-17 14:04:24
3020000,202530200000300029,효창공원앞역 경의선숲길 입구,서울특별시 용산구 백범로 효창공원앞역 경의선숲길 입구,서울특별시 용산구 용문동 5-204,37.538928,126.961132,7,2017,단독형,N,Y,수동식,N,02-2199-7750,서울특별시 용산구청,2025-10-17,I,2026-05-15 18:45:05,2025-10-17 14:04:24
3020000,202530200000300062,남영역 맞은편,서울특별시 용산구 한강대로77길 남영역 맞은편,서울특별시 용산구 갈월동 93-48,37.541885,126.971486,13,2020,단독형,N,Y,태양광식,N,02-2199-7750,서울특별시 용산구청,2025-10-17,I,2026-05-15 18:45:05,2025-10-17 14:04:24
3020000,202530200000300034,풍전아파트 뒤,서울특별시 용산구 원효로25길 13 풍전아파트 다동 뒤,서울특별시 용산구 원효로4가 115-4,37.532873,126.952851,13,2019,거치형,Y,Y,수동식,N,02-2199-7750,서울특별시 용산구청,2025-10-17,I,2026-05-15 18:45:05,2025-10-17 14:04:24
3020000,202530200000300042,삼각지역 9~10번 출구,서울특별시 용산구 한강대로185 삼각지역 9~10번 출구,서울특별시 용산구 한강로1가 45-6,37.536197,126.973824,13,2009,단독형,N,Y,수동식,N,02-2199-7750,서울특별시 용산구청,2025-10-17,I,2026-05-15 18:45:05,2025-10-17 14:04:24
3020000,202530200000300011,한남동주민센터,서울특별시 용산구 대사관로5길 1,서울특별시 용산구 한남동 685-43,37.534584,127.000345,22,2016,단독형,N,Y,수동식,N,02-2199-7750,서울특별시 용산구청,2025-10-17,I,2026-05-15 18:45:05,2025-10-17 14:04:24
3020000,202530200000300008,한남1고가차도 하부,서울특별시 용산구 이태원로 287 한남1고가차도 하부,서울특별시 용산구 한남동 727-33,37.541149,127.002011,5,2020,단독형,N,Y,태양광식,N,02-2199-7750,서울특별시 용산구청,2025-10-17,I,2026-05-15 18:45:05,2025-10-17 14:04:24
3020000,202530200000300038,이촌2동 새남터성당,서울특별시 용산구 이촌로 80-8 새남터성당 앞 이촌고가차도 하부,서울특별시 용산구 한강로3가 77-9,37.525242,126.957161,10,2021,휀스형,N,Y,수동식,N,02-2199-7750,서울특별시 용산구청,2025-10-17,I,2026-05-15 18:45:05,2025-10-17 14:04:24
3020000,202530200000300065,숙대입구역 1번 출구,서울특별시 용산구 한강대로 숙대입구 1번 출구,서울특별시 용산구 갈월동 16-6,37.545623,126.972073,10,2015,단독형,N,Y,태양광식,N,02-2199-7750,서울특별시 용산구청,2025-10-17,I,2026-05-15 18:45:05,2025-10-17 14:04:24
3020000,202530200000300016,녹사평역 1번 출구,서울특별시 용산구 녹사평대로195 녹사평역 1번 출구,서울특별시 용산구 용산동2가 6-15,37.535084,126.986069,31,2001,거치형,Y,Y,태양광식,N,02-2199-7750,서울특별시 용산구청,2025-10-17,I,2026-05-15 18:45:05,2025-10-17 14:04:24
3020000,202530200000300007,한남초등학교 맞은편,서울특별시 용산구 한남대로 112 한남초 맞은편 육교 하부,서울특별시 용산구 한남동 725-7,37.538306,127.004112,7,2011,휀스형,N,N,,N,02-2199-7750,서울특별시 용산구청,2025-10-17,I,2026-05-15 18:45:05,2025-10-17 14:04:24
3020000,202530200000300045,한강로동주민센터,서울특별시 용산구 한강대로38길 28,서울특별시 용산구 한강로2가 187-3,37.528291,126.969212,5,2015,거치형,Y,Y,수동식,N,02-2199-7750,서울특별시 용산구청,2025-10-17,I,2026-05-15 18:45:05,2025-10-17 14:04:24
3020000,202530200000300009,한강진역 3번 출구,서울특별시 용산구 이태원로 287 한강진역 3번 출구,서울특별시 용산구 한남동 726-494,37.540208,127.001855,7,2001,거치형,Y,N,,N,02-2199-7750,서울특별시 용산구청,2025-10-17,I,2026-05-15 18:45:05,2025-10-17 14:04:24
3020000,202530200000300028,효창동주민센터,서울특별시 용산구 효창원로 161,서울특별시 용산구 효창동 255-18,37.542252,126.961932,6,2021,단독형,N,Y,수동식,N,02-2199-7750,서울특별시 용산구청,2025-10-17,I,2026-05-15 18:45:05,2025-10-17 14:04:24
3020000,202530200000300032,청암동강변삼성아파트 버스정류소,서울특별시 용산구 원효로 청암동강변삼성아파트 버스정류소,서울특별시 용산구 청암동 59-3,37.534576,126.948096,7,2022,단독형,N,Y,태양광식,N,02-2199-7750,서울특별시 용산구청,2025-10-17,I,2026-05-15 18:45:05,2025-10-17 14:04:24
3020000,202530200000300036,이촌2동청소년공부방,서울특별시 용산구 이촌로2가길 75,서울특별시 용산구 이촌동 206-29,37.5269,126.954176,7,2023,거치형,Y,Y,수동식,N,02-2199-7750,서울특별시 용산구청,2025-10-17,I,2026-05-15 18:45:05,2025-10-17 14:04:24
3020000,202530200000300026,서빙고동주민센터,서울특별시 용산구 서빙고로 279,서울특별시 용산구 서빙고동 152-1,37.520306,126.994278,17,2023,거치형,Y,Y,태양광식,N,02-2199-7750,서울특별시 용산구청,2025-10-17,I,2026-05-15 18:45:05,2025-10-17 14:04:24
3020000,202530200000300021,이촌역 3-1번 출구,서울특별시 용산구 이촌로65가길 이촌역 3-1번 출구,서울특별시 용산구 용산동5가 22,37.521722,126.975176,17,2014,거치형,Y,Y,수동식,N,02-2199-7750,서울특별시 용산구청,2025-10-17,I,2026-05-15 18:45:05,2025-10-17 14:04:24
3020000,202530200000300063,숙대입구역 10번 출구,서울특별시 용산구 한강대로 숙대입구 10번 출구,서울특별시 용산구 갈월동 69-29,37.545488,126.971761,5,2003,휀스형,N,Y,수동식,N,02-2199-7750,서울특별시 용산구청,2025-10-17,I,2026-05-15 18:45:05,2025-10-17 14:04:24
3020000,202530200000300058,청파동주민센터,"서울특별시 용산구 청파로49길 6, 청파동주민센터",서울특별시 용산구 청파동2가 91-1,37.545318,126.969902,5,2009,휀스형,N,Y,수동식,N,02-2199-7750,서울특별시 용산구청,2025-10-17,I,2026-05-15 18:45:05,2025-10-17 14:04:24
3020000,202530200000300050,보성여중고입구 버스정류소,서울특별시 용산구 소월로 버스정류소,서울특별시 용산구 용산동2가 1-1144,37.546351,126.985651,7,2019,휀스형,N,Y,수동식,N,02-2199-7750,서울특별시 용산구청,2025-10-17,I,2026-05-15 18:45:05,2025-10-17 14:04:24
3020000,202530200000300059,남영경로당,서울특별시 용산구 한강대로72길 21-15,서울특별시 용산구 남영동 108-3,37.541278,126.974363,5,2010,휀스형,N,N,,N,02-2199-7750,서울특별시 용산구청,2025-10-17,I,2026-05-15 18:45:05,2025-10-17 14:04:24
3020000,202530200000300025,서빙고역,서울특별시 용산구 서빙고로 서빙고역 광장,서울특별시 용산구 서빙고동 241-84,37.520029,126.989355,24,2023,거치형,Y,Y,수동식,N,02-2199-7750,서울특별시 용산구청,2025-10-17,I,2026-05-15 18:45:05,2025-10-17 14:04:24
3020000,202530200000300022,이촌역 2번 출구,서울특별시 용산구 서빙고로 이촌역 2번 출구,서울특별시 용산구 용산동5가 17-114,37.522102,126.975912,10,2024,거치형,N,N,,N,02-2199-7750,서울특별시 용산구청,2025-10-17,I,2026-05-15 18:45:05,2025-10-17 14:04:24
3020000,202530200000300014,녹사평역 4번 출구,서울특별시 용산구 녹사평대로195 녹사평역 4번 출구,서울특별시 용산구 용산동4가 1-1,37.534781,126.986,14,2001,거치형,Y,Y,수동식,N,02-2199-7750,서울특별시 용산구청,2025-10-17,I,2026-05-15 18:45:05,2025-10-17 14:04:24
3020000,202530200000300018,용산청소년수련관(이촌1동주민센터),서울특별시 용산구 이촌로71길 24 용산청소년수련관,서울특별시 용산구 이촌동 301-179,37.521234,126.973377,21,2008,거치형,Y,Y,수동식,N,02-2199-7750,서울특별시 용산구청,2025-10-17,I,2026-05-15 18:45:05,2025-10-17 14:04:24
3020000,202530200000300006,순천향대학병원 버스정류소,"서울특별시 용산구 한남대로 순천향대학병원, 한남오거리 버스정류소",서울특별시 용산구 한남동 705-8,37.535321,127.005938,10,2021,단독형,N,Y,태양광식,N,02-2199-7750,서울특별시 용산구청,2025-10-17,I,2026-05-15 18:45:05,2025-10-17 14:04:24
3020000,202530200000300044,삼각지역 2번 출구,서울특별시 용산구 한강대로185 삼각지역 2번 출구,서울특별시 용산구 한강로1가 239-1,37.534323,126.973113,7,2014,휀스형,N,Y,수동식,N,02-2199-7750,서울특별시 용산구청,2025-10-17,I,2026-05-15 18:45:05,2025-10-17 14:04:24
3020000,202530200000300039,전쟁기념관,서울특별시 용산구 이태원로 29,서울특별시 용산구 용산동1가 8-3,37.534822,126.978083,16,2017,단독형,N,Y,수동식,N,02-2199-7750,서울특별시 용산구청,2025-10-17,I,2026-05-15 18:45:05,2025-10-17 14:04:24
3020000,202530200000300035,원효로3가 버스정류소,서울특별시 용산구 원효로 129 버스정류소,서울특별시 용산구 원효로3가 56-1,37.533995,126.957984,8,2019,거치형,Y,Y,태양광식,N,02-2199-7750,서울특별시 용산구청,2025-10-17,I,2026-05-15 18:45:05,2025-10-17 14:04:24
3020000,202530200000300048,용산역,서울특별시 용산구 한강대로23길 55 용산역,서울특별시 용산구 한강로3가 40-999,37.528525,126.965127,50,2018,거치형,N,N,,N,02-2199-7750,서울특별시 용산아이파크몰,2025-10-17,I,2026-05-15 18:45:05,2025-10-17 14:04:24
3020000,202530200000300040,삼각지역 14번 출구,서울특별시 용산구 한강대로185 삼각지역 14번 출구,서울특별시 용산구 한강로1가 133-1,37.53509,126.974231,14,2001,거치형,N,Y,태양광식,N,02-2199-7750,서울특별시 용산구청,2025-10-17,I,2026-05-15 18:45:05,2025-10-17 14:04:24
3020000,202530200000300031,효창공원앞역 3번 출구,서울특별시 용산구 백범로 효창공원앞역 3번 출구,서울특별시 용산구 용문동 5-221,37.539087,126.961743,6,2016,단독형,N,Y,태양광식,N,02-2199-7750,서울특별시 용산구청,2025-10-17,I,2026-05-15 18:45:05,2025-10-17 14:04:24
3020000,202530200000300024,용산가족공원,서울특별시 용산구 서빙고로 137 공원 입구 좌측,서울특별시 용산구 용산동6가 93-2,37.520005,126.982441,15,2023,거치형,Y,Y,수동식,N,02-2199-7750,서울특별시 용산구청,2025-10-17,I,2026-05-15 18:45:05,2025-10-17 14:04:24
3020000,202530200000300054,후암시장삼거리,서울특별시 용산구 후암로 후암시장삼거리,서울특별시 용산구 후암동 63-3,37.550247,126.977223,7,2013,휀스형,N,Y,수동식,N,02-2199-7750,서울특별시 용산구청,2025-10-17,I,2026-05-15 18:45:05,2025-10-17 14:04:24
3020000,202530200000300056,서울역 14번 출구,서울특별시 용산구 한강대로 401-2 앞,서울특별시 용산구 동자동 43-50,37.554145,126.972434,10,2011,거치형,N,Y,수동식,N,02-2199-7750,서울특별시 용산구청,2025-10-17,I,2026-05-15 18:45:05,2025-10-17 14:04:24
3020000,202530200000300005,태성아파트 앞,서울특별시 용산구 대사관로24길 8 앞,서울특별시 용산구 한남동 644-2 앞,37.5329,127.0043,5,2023,휀스형,N,N,,N,02-2199-7750,서울특별시 용산구청,2025-10-17,I,2026-05-15 18:45:05,2025-10-17 14:04:24
3020000,202530200000300052,남산도서관,서울특별시 용산구 소월로 109,서울특별시 용산구 후암동 30-84,37.552713,126.981743,14,2000,거치형,Y,N,,N,02-2199-7750,서울특별시 용산구청,2025-10-17,I,2026-05-15 18:45:05,2025-10-17 14:04:24
3020000,202530200000300002,한남나들목 입구,서울특별시 용산구 서빙고로 한남역교차로,서울특별시 용산구 한남동 557-58,37.528599,127.006535,40,2022,거치형,Y,Y,태양광식,N,02-2199-7750,서울특별시 용산구청,2025-10-17,I,2026-05-15 18:45:05,2025-10-17 14:04:24
3020000,202530200000300041,삼각지역 11번 출구,서울특별시 용산구 한강대로185 삼각지역 11번 출구,서울특별시 용산구 한강로1가 18-3,37.535805,126.974619,7,2003,휀스형,N,N,,N,02-2199-7750,서울특별시 용산구청,2025-10-17,I,2026-05-15 18:45:05,2025-10-17 14:04:24
3020000,202530200000300010,한강진역 2번 출구,서울특별시 용산구 이태원로 287 한강진역 2번 출구,서울특별시 용산구 한남동 726-494,37.540503,127.001884,8,2019,단독형,N,Y,수동식,N,02-2199-7750,서울특별시 용산구청,2025-10-17,I,2026-05-15 18:45:05,2025-10-17 14:04:24
3020000,202530200000300030,효창공원앞역 6번 출구,서울특별시 용산구 백범로 효창공원앞역 6번 출구,서울특별시 용산구 용문동 5-229,37.539258,126.961231,7,2012,거치형,Y,Y,수동식,N,02-2199-7750,서울특별시 용산구청,2025-10-17,I,2026-05-15 18:45:05,2025-10-17 14:04:24
3020000,202530200000300004,한남역 1번 출구,서울특별시 용산구 독서당로6길 한남역 1번출구,서울특별시 용산구 한남동 511-8,37.529477,127.00791,10,2010,휀스형,N,Y,수동식,N,02-2199-7750,서울특별시 용산구청,2025-10-17,I,2026-05-15 18:45:05,2025-10-17 14:04:24
3020000,202530200000300060,고려에이트리움 앞,서울특별시 용산구 한강대로 259,서울특별시 용산구 갈월동 101-49,37.541647,126.972669,16,2009,단독형,N,N,,N,02-2199-7750,서울특별시 용산구청,2025-10-17,I,2026-05-15 18:45:05,2025-10-17 14:04:24
3020000,202530200000300033,삼성테마트 앞,서울특별시 용산구 원효로 51,서울특별시 용산구 원효로4가 179,37.533533,126.950007,5,2021,단독형,N,Y,수동식,N,02-2199-7750,서울특별시 용산구청,2025-10-17,I,2026-05-15 18:45:05,2025-10-17 14:04:24
3020000,202530200000300057,삼일교회 앞,서울특별시 용산구 청파로 304 삼일교회 앞,서울특별시 용산구 청파동2가 119,37.546379,126.970521,10,2017,단독형,N,Y,수동식,N,02-2199-7750,서울특별시 용산구청,2025-10-17,I,2026-05-15 18:45:05,2025-10-17 14:04:24
3020000,202530200000300055,서울역 12번 출구,서울특별시 용산구 한강대로 서울역 12번 출구,서울특별시 용산구 동자동 14-229,37.552147,126.972622,10,2019,단독형,N,Y,태양광식,N,02-2199-7750,서울특별시 용산구청,2025-10-17,I,2026-05-15 18:45:05,2025-10-17 14:04:24
3020000,202530200000300001,보광나들목 입구 및 맞은편,서울특별시 용산구 서빙고로 보광동교차로,서울특별시 용산구 보광동 87-12,37.525081,127.002116,15,2019,거치형,Y,Y,태양광식,N,02-2199-7750,서울특별시 용산구청,2025-10-17,I,2026-05-15 18:45:05,2025-10-17 14:04:24
3020000,202530200000300049,한강대교 북단 주민쉼터 앞,서울특별시 용산구 한강대로 한강대교 북단 주민쉼터 앞,서울특별시 용산구 한강로3가 40-873,37.522726,126.961677,13,2022,단독형,N,Y,태양광식,N,02-2199-7750,서울특별시 용산구청,2025-10-17,I,2026-05-15 18:45:05,2025-10-17 14:04:24
3020000,202530200000300017,이촌1동 명지종합상가 앞,서울특별시 용산구 이촌로 280 명지종합상가 앞,서울특별시 용산구 이촌동 300-15,37.518562,126.977922,10,2015,단독형,N,N,,N,02-2199-7750,서울특별시 용산구청,2025-10-17,I,2026-05-15 18:45:05,2025-10-17 14:04:24
3020000,202530200000300023,이촌역 1번 출구,서울특별시 용산구 서빙고로 이촌역 1번 출구,서울특별시 용산구 용산동5가 19-479,37.522747,126.973546,10,2014,거치형,Y,Y,태양광식,N,02-2199-7750,서울특별시 용산구청,2025-10-17,I,2026-05-15 18:45:05,2025-10-17 14:04:24
3020000,202530200000300015,녹사평역 3번 출구,서울특별시 용산구 녹사평대로195 녹사평역 3번 출구,서울특별시 용산구 용산동4가 1-1,37.534515,126.986909,7,2001,거치형,Y,Y,수동식,N,02-2199-7750,서울특별시 용산구청,2025-10-17,I,2026-05-15 18:45:05,2025-10-17 14:04:24
3020000,202530200000300061,남영역 청파로방면,서울특별시 용산구 청파로 남영역 뒷편,서울특별시 용산구 원효로1가 113-1,37.541107,126.970952,14,2010,거치형,Y,Y,수동식,N,02-2199-7750,서울특별시 용산구청,2025-10-17,I,2026-05-15 18:45:05,2025-10-17 14:04:24
3020000,202530200000300020,이촌역 4번 출구,서울특별시 용산구 이촌로71길 이촌역 4번 출구,서울특별시 용산구 이촌동 301-240,37.521922,126.973162,74,2019,거치형,Y,Y,기계식,N,02-2199-7750,서울특별시 용산구청,2025-10-17,I,2026-05-15 18:45:05,2025-10-17 14:04:24
3020000,202530200000300051,용산도서관,서울특별시 용산구 두텁바위로160,서울특별시 용산구 후암동 30-90,37.552433,126.9798,6,2024,단독형,N,N,,N,02-2199-7750,서울특별시 용산구청,2025-10-17,I,2026-05-15 18:45:05,2025-10-17 14:04:24
3020000,202530200000300046,신용산역 6번 출구,서울특별시 용산구 한강대로 신용산역 6번 출구,서울특별시 용산구 한강로2가 181-2,37.529788,126.968237,14,2012,거치형,Y,Y,수동식,N,02-2199-7750,서울특별시 용산구청,2025-10-17,I,2026-05-15 18:45:05,2025-10-17 14:04:24
3020000,202530200000300013,이태원역 2번 출구,서울특별시 용산구 이태원로 177 이태원역 2번 출구,서울특별시 용산구 이태원동 119-23,37.53456,126.994271,5,2019,단독형,N,Y,수동식,N,02-2199-7750,서울특별시 용산구청,2025-10-17,I,2026-05-15 18:45:05,2025-10-17 14:04:24
3020000,202530200000300037,이촌2동주민센터,서울특별시 용산구 이촌로18길 20,서울특별시 용산구 이촌동 206-2,37.526089,126.954733,5,2010,휀스형,N,Y,태양광식,N,02-2199-7750,서울특별시 용산구청,2025-10-17,I,2026-05-15 18:45:05,2025-10-17 14:04:24
3020000,202530200000300019,이촌역 5번 출구,서울특별시 용산구 서빙고로 이촌역 5번 출구,서울특별시 용산구 용산동5가 19-551,37.522648,126.97328,10,2023,거치형,Y,Y,수동식,N,02-2199-7750,서울특별시 용산구청,2025-10-17,I,2026-05-15 18:45:05,2025-10-17 14:04:24
3020000,202530200000300027,용산구문화체육센터,서울특별시 용산구 백범로 350,서울특별시 용산구 문배동 19-2,37.537285,126.967825,10,2010,거치형,N,Y,수동식,N,02-2199-7750,서울특별시 용산구청,2025-10-17,I,2026-05-15 18:45:05,2025-10-17 14:04:24
3020000,202530200000300043,삼각지역 7~8번 출구,서울특별시 용산구 한강대로185 삼각지역 7~8번 출구,서울특별시 용산구 한강로1가 273-4,37.535363,126.973397,7,2020,단독형,N,Y,수동식,N,02-2199-7750,서울특별시 용산구청,2025-10-17,I,2026-05-15 18:45:05,2025-10-17 14:04:24
3020000,202530200000300064,숙대입구역 4번 출구,서울특별시 용산구 한강대로 숙대입구 4번 출구,서울특별시 용산구 남영동 19-8,37.544482,126.972286,7,2003,거치형,N,Y,수동식,N,02-2199-7750,서울특별시 용산구청,2025-10-17,I,2026-05-15 18:45:05,2025-10-17 14:04:24
3020000,202530200000300012,이태원역 3번 출구,서울특별시 용산구 이태원로 177 이태원역 3번 출구,서울특별시 용산구 이태원동 119-23,37.534441,126.994466,5,2013,단독형,N,Y,수동식,N,02-2199-7750,서울특별시 용산구청,2025-10-17,I,2026-05-15 18:45:05,2025-10-17 14:04:24
3030000,202030300000300023,왕십리역5번출구,서울특별시 성동구 왕십리로 300,서울특별시 성동구 행당동 168-202,37.56122165,127.0366574,2,2016,단독형,N,N,,N,02-2286-5683,서울특별시 성동구청,2020-12-08,I,2026-05-15 18:45:05,2020-12-08 17:25:40
3030000,202030300000300022,뚝섬역 5번출구,서울특별시 성동구 아차산로 38,서울특별시 성동구 성수동1가 656-766,37.5464578,127.0484361,7,2016,단독형,N,N,,N,02-2286-5683,서울특별시 성동구청,2020-12-08,I,2026-05-15 18:45:05,2020-12-08 17:25:40
3030000,202030300000300056,동일로 221 앞,서울특별시 성동구 동일로 221,서울특별시 성동구 송정동 18-1,37.55167101,127.0690187,8,2019,거치형,N,N,,N,02-2286-5683,서울특별시 성동구청,2020-12-08,I,2026-05-15 18:45:05,2020-12-08 17:25:41
3030000,202030300000300033,비젼트레이닝센터,서울특별시 성동구 자동차시장길 45,서울특별시 성동구 용답동 250-1,37.55870915,127.0562904,2,2016,거치형,N,N,,Y,02-2286-5683,서울특별시 성동구청,2020-12-08,I,2026-05-15 18:45:05,2020-12-08 17:25:40
3030000,202030300000300040,아차산로52길,서울특별시 성동구 아차산로 52,서울특별시 성동구 성수동1가 14-64,37.54619174,127.0499304,7,2017,거치형,N,N,,N,02-2286-5683,서울특별시 성동구청,2020-12-08,I,2026-05-15 18:45:05,2020-12-08 17:25:40
3030000,202030300000300005,뚝섬역 2번출구,서울특별시 성동구 아차산로 17,서울특별시 성동구 성수동1가 656-276,37.547604,127.046578,3,2014,거치형,N,N,,N,02-2286-5683,서울특별시 성동구청,2020-12-08,I,2026-05-15 18:45:05,2020-12-08 17:25:40
3030000,202030300000300007,성수역 3번출구,서울특별시 성동구 아차산로 116,서울특별시 성동구 성수동2가 315-1,37.5440067,127.0566082,3,2014,거치형,N,N,,N,02-2286-5683,서울특별시 성동구청,2020-12-08,I,2026-05-15 18:45:05,2020-12-08 17:25:40
3030000,202030300000300018,답십리역5번출구,서울특별시 성동구 천호대로 294,서울특별시 성동구 용답동 73-4,37.566111,127.0530671,31,2016,단독형,N,N,,N,02-2286-5683,서울특별시 성동구청,2020-12-08,I,2026-05-15 18:45:05,2020-12-08 17:25:40
3030000,202030300000300049,1번 출구,서울특별시 성동구 마장동 810,서울특별시 성동구 마장동 810,37.56628305,127.0431615,4,2019,거치형,N,N,,N,02-2286-5683,서울특별시 성동구청,2020-12-08,I,2026-05-15 18:45:05,2020-12-08 17:25:41
3030000,202030300000300013,한양대학교,서울특별시 성동구 왕십리로 222,서울특별시 성동구 행당동 17-7,37.554441,127.0465971,60,2015,거치형,Y,N,,N,02-2286-5683,서울특별시 성동구청,2020-12-08,I,2026-05-15 18:45:05,2020-12-08 17:25:40
3030000,202030300000300058,하왕십리 공영주차장 앞,서울특별시 성동구 무학봉길 48,서울특별시 성동구 행당동 347-3,37.560287,127.0279239,10,2019,거치형,N,N,,N,02-2286-5683,서울특별시 성동구청,2020-12-08,I,2026-05-15 18:45:05,2020-12-08 17:25:41
3030000,202030300000300039,상왕십리역1-1번출구,서울특별시 성동구 하왕십리동 960-3,서울특별시 성동구 하왕십리동 960-3,37.56391564,127.030275,25,2017,거치형,N,N,,N,02-2286-5683,서울특별시 성동구청,2020-12-08,I,2026-05-15 18:45:05,2020-12-08 17:25:40
3030000,202030300000300055,"광희중학교,응봉역 버스정류장 옆",서울특별시 성동구 독서당로62길 46,서울특별시 성동구 응봉동 193,37.5511529,127.0339817,15,2019,거치형,N,N,,N,02-2286-5683,서울특별시 성동구청,2020-12-08,I,2026-05-15 18:45:05,2020-12-08 17:25:41
3030000,202030300000300054,4번 출구,서울특별시 성동구 마장동 810,서울특별시 성동구 마장동 810,37.56628305,127.0431615,10,2019,거치형,N,N,,N,02-2286-5683,서울특별시 성동구청,2020-12-08,I,2026-05-15 18:45:05,2020-12-08 17:25:41
3030000,202030300000300001,성동구청 뒤편,서울특별시 성동구 고산자로 260,서울특별시 성동구 행당동 7,37.56236418,127.0364542,10,2010,기타,Y,N,,N,02-2286-5683,서울특별시 성동구청,2020-12-08,I,2026-05-15 18:45:05,2020-12-08 17:25:40
3030000,202030300000300010,왕십리역 6번출구,서울특별시 성동구 마조로1길 36,서울특별시 성동구 행당동 3-4,37.560548,127.039453,3,2014,거치형,N,N,,N,02-2286-5683,서울특별시 성동구청,2020-12-08,I,2026-05-15 18:45:05,2020-12-08 17:25:40
3030000,202030300000300053,3번 출구(마장로 304-6),서울특별시 성동구 마장로 304-6,서울특별시 성동구 마장동 791-12,37.56601266,127.0434104,10,2019,거치형,N,N,,N,02-2286-5683,서울특별시 성동구청,2020-12-08,I,2026-05-15 18:45:05,2020-12-08 17:25:41
3030000,202030300000300024,마장역2번출구,서울특별시 성동구 마장로 301,서울특별시 성동구 마장동 772-4,37.566358,127.0429858,5,2016,단독형,N,N,,N,02-2286-5683,서울특별시 성동구청,2020-12-08,I,2026-05-15 18:45:05,2020-12-08 17:25:40
3030000,202030300000300021,용답역 1번출구,서울특별시 성동구 용답19길 1,서울특별시 성동구 용답동 51-9,37.5626164,127.051329,13,2016,단독형,N,N,,N,02-2286-5683,서울특별시 성동구청,2020-12-08,I,2026-05-15 18:45:05,2020-12-08 17:25:40
3030000,202030300000300008,성수역 4번출구,서울특별시 성동구 아차산로 96,서울특별시 성동구 성수동2가 314-6,37.5447192,127.0546652,3,2014,거치형,N,N,,N,02-2286-5683,서울특별시 성동구청,2020-12-08,I,2026-05-15 18:45:05,2020-12-08 17:25:40
3030000,202030300000300042,응봉체육공원,서울특별시 성동구 응봉동 234-3,서울특별시 성동구 응봉동 234-3,37.557244,127.021411,4,2017,거치형,N,N,,N,02-2286-5683,서울특별시 성동구청,2020-12-08,I,2026-05-15 18:45:05,2020-12-08 17:25:40
3030000,202030300000300015,뚝도아리수정수센터수도박물관,서울특별시 성동구 왕십리로 27,서울특별시 성동구 성수동1가 642-1,37.5397059,127.0420438,30,2015,거치형,Y,N,,N,02-2286-5683,서울특별시 성동구청,2020-12-08,I,2026-05-15 18:45:05,2020-12-08 17:25:40
3030000,202030300000300036,서울숲역2번출구,서울특별시 성동구 왕십리로 66-26,서울특별시 성동구 성수동1가 656-461,37.543075,127.0450286,40,2017,거치형,Y,N,,N,02-2286-5683,서울특별시 성동구청,2020-12-08,I,2026-05-15 18:45:05,2020-12-08 17:25:40
3030000,202030300000300026,용답초교,서울특별시 성동구 용답25길 1,서울특별시 성동구 용답동 29,37.5607767,127.0535444,70,2016,단독형,N,N,,N,02-2286-5683,서울특별시 성동구청,2020-12-08,I,2026-05-15 18:45:05,2020-12-08 17:25:40
3030000,202030300000300006,성수역 2번출구,서울특별시 성동구 아차산로 100,서울특별시 성동구 성수동2가 300-1,37.544538,127.0560896,14,2014,거치형,N,N,,N,02-2286-5683,서울특별시 성동구청,2020-12-08,I,2026-05-15 18:45:05,2020-12-08 17:25:40
3030000,202030300000300057,동일로 217 앞,서울특별시 성동구 동일로 217,서울특별시 성동구 송정동 20-10,37.55134313,127.0688826,8,2019,거치형,N,N,,N,02-2286-5683,서울특별시 성동구청,2020-12-08,I,2026-05-15 18:45:05,2020-12-08 17:25:41
3030000,202030300000300014,선재누리(복지센터),서울특별시 성동구 무학로4길 21,서울특별시 성동구 도선동 179,37.564716,127.033317,5,2015,거치형,Y,N,,N,02-2286-5683,서울특별시 성동구청,2020-12-08,I,2026-05-15 18:45:05,2020-12-08 17:25:40
3030000,202030300000300031,응봉역,서울특별시 성동구 고산자로 132,서울특별시 성동구 응봉동 228-12,37.5519023,127.0353837,33,2016,거치형,N,N,,N,02-2286-5683,서울특별시 성동구청,2020-12-08,I,2026-05-15 18:45:05,2020-12-08 17:25:40
3030000,202030300000300019,성수이로93,서울특별시 성동구 성수이로 93,서울특별시 성동구 성수동2가 315-107,37.543363,127.0565492,25,2016,단독형,N,N,,N,02-2286-5683,서울특별시 성동구청,2020-12-08,I,2026-05-15 18:45:05,2020-12-08 17:25:40
3030000,202030300000300002,뚝섬역1번출구,서울특별시 성동구 아차산로 7,서울특별시 성동구 성수동1가 656-302,37.548074,127.045617,20,2010,기타,Y,N,,N,02-2286-5683,서울특별시 성동구청,2020-12-08,I,2026-05-15 18:45:05,2020-12-08 17:25:40
3030000,202030300000300052,3번 출구(삼포집),서울특별시 성동구 마장로 298,서울특별시 성동구 마장동 791-6,37.56577138,127.0429077,20,2019,거치형,N,N,,N,02-2286-5683,서울특별시 성동구청,2020-12-08,I,2026-05-15 18:45:05,2020-12-08 17:25:41
3030000,202030300000300011,덕수고등학교,서울특별시 성동구 살곶이4길 14,서울특별시 성동구 행당동 70-28,37.55620308,127.04211,59,2015,거치형,Y,N,,N,02-2286-5683,서울특별시 성동구청,2020-12-08,I,2026-05-15 18:45:05,2020-12-08 17:25:40
3030000,202030300000300050,2번 출구,서울특별시 성동구 마장동 810,서울특별시 성동구 마장동 810,37.56628305,127.0431615,25,2019,거치형,N,N,,N,02-2286-5683,서울특별시 성동구청,2020-12-08,I,2026-05-15 18:45:05,2020-12-08 17:25:41
3030000,202030300000300034,뚝섬역 7번출구,서울특별시 성동구 아차산로 12,서울특별시 성동구 성수동1가 656-308,37.547438,127.0453479,7,2016,단독형,N,N,,N,02-2286-5683,서울특별시 성동구청,2020-12-08,I,2026-05-15 18:45:05,2020-12-08 17:25:40
3030000,202030300000300035,서울숲역1번출구,서울특별시 성동구 왕십리로77,서울특별시 성동구 성수동1가 656-436,37.54361698,127.0447055,20,2017,거치형,Y,N,,N,02-2286-5683,서울특별시 성동구청,2020-12-08,I,2026-05-15 18:45:05,2020-12-08 17:25:40
3030000,202030300000300004,뚝섬역 5번출구,서울특별시 성동구 아차산로 38,서울특별시 성동구 성수동1가 656-766,37.5464578,127.0484361,7,2014,거치형,N,N,,N,02-2286-5683,서울특별시 성동구청,2020-12-08,I,2026-05-15 18:45:05,2020-12-08 17:25:40
3030000,202030300000300027,왕십리파출소,서울특별시 성동구 마장로 205,서울특별시 성동구 홍익동 102-1,37.5666299,127.032645,3,2016,단독형,N,N,,N,02-2286-5683,서울특별시 성동구청,2020-12-08,I,2026-05-15 18:45:05,2020-12-08 17:25:40
3030000,202030300000300045,서울숲 it캐슬,서울특별시 성동구 광나루로 130,서울특별시 성동구 성수동1가 671-6,37.55097994,127.0447189,20,2018,거치형,N,Y,,N,02-2286-5683,서울특별시 성동구청,2020-12-08,I,2026-05-15 18:45:05,2020-12-08 17:25:40
3030000,202030300000300038,성동좋은이웃지역아동센터,서울특별시 성동구 용답중앙길 94,서울특별시 성동구 용답동 20-1,37.56189925,127.0550794,25,2017,거치형,N,Y,,N,02-2286-5683,서울특별시 성동구청,2020-12-08,I,2026-05-15 18:45:05,2020-12-08 17:25:40
3030000,202030300000300020,답십리역7번출구,서울특별시 성동구 천호대로 280,서울특별시 성동구 용답동 101-10,37.566938,127.0519104,8,2016,단독형,N,N,,N,02-2286-5683,서울특별시 성동구청,2020-12-08,I,2026-05-15 18:45:05,2020-12-08 17:25:40
3030000,202030300000300016,동부수도사업소,서울특별시 성동구 고산자로10길 13,서울특별시 성동구 행당동 142-1,37.5592506,127.0354202,10,2015,거치형,Y,N,,N,02-2286-5683,서울특별시 성동구청,2020-12-08,I,2026-05-15 18:45:05,2020-12-08 17:25:40
3030000,202030300000300029,성동구 가람길 125,서울특별시 성동구 가람길 125,서울특별시 성동구 송정동 73-1113,37.5540514,127.0577174,2,2016,휀스형,N,Y,기계식,N,02-2286-5683,서울특별시 성동구청,2020-12-08,I,2026-05-15 18:45:05,2020-12-08 17:25:40
3030000,202030300000300048,장미소공원,서울특별시 성동구 동일로 227,서울특별시 성동구 송정동 2-7,37.5522366,127.0694221,8,2019,거치형,N,N,,N,02-2286-5683,서울특별시 성동구청,2020-12-08,I,2026-05-15 18:45:05,2020-12-08 17:25:41
3030000,202030300000300051,현대오일뱅크 앞,서울특별시 성동구 마장로 311,서울특별시 성동구 마장동 771-6,37.56701806,127.0437188,4,2019,거치형,N,N,,N,02-2286-5683,서울특별시 성동구청,2020-12-08,I,2026-05-15 18:45:05,2020-12-08 17:25:41
3030000,202030300000300059,마장동 고운타워오피스텔 앞,서울특별시 성동구 고산자로 345,서울특별시 성동구 마장동 474-5,37.57047647,127.0373411,5,2020,거치형,N,N,,N,02-2286-5683,서울특별시 성동구청,2020-12-08,I,2026-05-15 18:45:05,2020-12-08 17:25:41
3030000,202030300000300012,행당파출소,서울특별시 성동구 행당로 89,서울특별시 성동구 행당동 317-1994,37.55742882,127.028894,10,2015,거치형,Y,N,,N,02-2286-5683,서울특별시 성동구청,2020-12-08,I,2026-05-15 18:45:05,2020-12-08 17:25:40
3030000,202030300000300047,한양대부속고등학교,서울특별시 성동구 마조로 42,서울특별시 성동구 사근동 223,37.56191893,127.042326,38,2018,거치형,N,Y,,N,02-2286-5683,서울특별시 성동구청,2020-12-08,I,2026-05-15 18:45:05,2020-12-08 17:25:41
3030000,202030300000300003,뚝섬역 6번출구,서울특별시 성동구 뚝섬로1길 63,서울특별시 성동구 성수동1가 8-6,37.546853,127.047618,8,2014,단독형,N,N,,N,02-2286-5683,서울특별시 성동구청,2020-12-08,I,2026-05-15 18:45:05,2020-12-08 17:25:40
3030000,202030300000300025,용답역 1번출구,서울특별시 성동구 용답19길 1,서울특별시 성동구 용답동 51-9,37.5626164,127.051321,21,2016,단독형,N,N,,N,02-2286-5683,서울특별시 성동구청,2020-12-08,I,2026-05-15 18:45:05,2020-12-08 17:25:40
3030000,202030300000300037,금호고등학교,서울특별시 성동구 금호로 118,서울특별시 성동구 금호동1가 1822,37.5536206,127.0234354,20,2017,거치형,N,Y,,N,02-2286-5683,서울특별시 성동구청,2020-12-08,I,2026-05-15 18:45:05,2020-12-08 17:25:40
3030000,202030300000300060,아차산로 49 우리은행 앞,서울특별시 성동구 아차산로 49,서울특별시 성동구 성수동1가 14-18,37.54678636,127.0500395,12,2020,거치형,N,N,,N,02-2286-5683,서울특별시 성동구청,2020-12-08,I,2026-05-15 18:45:05,2020-12-08 17:25:41
3030000,202030300000300028,아차산로7길 21,서울특별시 성동구 아차산로7길 21,서울특별시 성동구 성수동2가 289-20,37.5471557,127.0547872,18,2016,단독형,N,N,,N,02-2286-5683,서울특별시 성동구청,2020-12-08,I,2026-05-15 18:45:05,2020-12-08 17:25:40
3030000,202030300000300043,서울시설공단 교차로,서울특별시 성동구 청계천로 540,서울특별시 성동구 마장동 527-6,37.57161212,127.0360467,5,2017,거치형,N,N,,N,02-2286-5683,서울특별시 성동구청,2020-12-08,I,2026-05-15 18:45:05,2020-12-08 17:25:40
3030000,202030300000300032,성수역1번출구,서울특별시 성동구 아차산로 103,서울특별시 성동구 성수동2가 300-4,37.5450077,127.0558034,6,2016,휀스형,N,N,,N,02-2286-5683,서울특별시 성동구청,2020-12-08,I,2026-05-15 18:45:05,2020-12-08 17:25:40
3030000,202030300000300046,금호스포츠센터,서울특별시 성동구 금호동4가 56,서울특별시 성동구 금호동4가 56,37.54563019,127.025171,5,2018,거치형,N,Y,,N,02-2286-5683,서울특별시 성동구청,2020-12-08,I,2026-05-15 18:45:05,2020-12-08 17:25:40
3030000,202030300000300044,시립24시간 게스트하우스,서울특별시 성동구 가람길 125,서울특별시 성동구 송정동 73-1113,37.55408814,127.0577309,20,2018,거치형,N,Y,,N,02-2286-5683,서울특별시 성동구청,2020-12-08,I,2026-05-15 18:45:05,2020-12-08 17:25:40
3030000,202030300000300041,살곶이체육공원,서울특별시 성동구 사근동 104,서울특별시 성동구 사근동 104,37.554987,127.049341,4,2017,거치형,N,N,,N,02-2286-5683,서울특별시 성동구청,2020-12-08,I,2026-05-15 18:45:05,2020-12-08 17:25:40
3030000,202030300000300009,성수역 1번출구,서울특별시 성동구 아차산로 97,서울특별시 성동구 성수동2가 300-5,37.545137,127.055094,9,2014,거치형,N,N,,N,02-2286-5683,서울특별시 성동구청,2020-12-08,I,2026-05-15 18:45:05,2020-12-08 17:25:40
3030000,202030300000300017,성수일로 34,서울특별시 성동구 성수일로 34,서울특별시 성동구 성수동1가 19-1,37.5436794,127.0502832,15,2016,단독형,N,N,,N,02-2286-5683,서울특별시 성동구청,2020-12-08,I,2026-05-15 18:45:05,2020-12-08 17:25:40
3030000,202030300000300030,성동구 가람길 125,서울특별시 성동구 가람길 125,서울특별시 성동구 송정동 73-1113,37.5540514,127.0577174,8,2016,휀스형,N,Y,기계식,N,02-2286-5683,서울특별시 성동구청,2020-12-08,I,2026-05-15 18:45:05,2020-12-08 17:25:40
3040000,202230400000300001,자양로 109 회전초밥 앞,"서울특별시 광진구 자양로 109, 구의현대홈시티 (자양동)",서울특별시 광진구 자양동 779-8,37.53744595452,127.083213,14,,휀스형,N,N,,N,02-450-7920,서울특별시 광진구,2022-11-17,I,2026-05-15 18:45:05,2022-11-17 14:27:11
3050000,202430500000300074,경희대학교,서울특별시 동대문구 경희대로 26,,37.59672,127.0514,14,,,,N,,N,02-2127-4868,동대문구청 교통행정과,2024-07-19,I,2026-05-15 18:45:05,2024-07-19 07:45:26
3050000,202430500000300067,전동중학교,서울특별시 동대문구 장안벚꽃로 291,,37.58527,127.0711,36,,,,Y,,N,02-2127-4868,동대문구청 교통행정과,2024-07-19,I,2026-05-15 18:45:05,2024-07-19 07:45:26
3050000,202430500000300093,동광지기 앞,서울특별시 동대문구 사가정로 150,,37.57788,127.0616,7,,,,N,,N,02-2127-4868,동대문구청 교통행정과,2024-07-19,I,2026-05-15 18:45:05,2024-07-19 07:45:26
3050000,202430500000300095,프레시 델리 옆,서울특별시 동대문구 한천로 46길 42,,37.58148,127.0706,10,,,,N,,N,02-2127-4868,동대문구청 교통행정과,2024-07-19,I,2026-05-15 18:45:05,2024-07-19 07:45:26
3050000,202430500000300001,신이문역 1번출구,서울특별시 동대문구 이문동 220-26,,37.60272,127.0674,21,,,,N,,N,02-2127-4868,동대문구청 교통행정과,2024-07-19,I,2026-05-15 18:45:05,2024-07-19 07:45:26
3050000,202430500000300026,답십리역 2번 출구앞,서울특별시 동대문구 답십리동 495-2,,37.56724,127.0525,31,,,,Y,,N,02-2127-4868,동대문구청 교통행정과,2024-07-19,I,2026-05-15 18:45:05,2024-07-19 07:45:26
3050000,202430500000300030,"장한평역 2번출구 앞, 뒤",서울특별시 동대문구 장안동 469-10,,37.56193,127.0646,9,,,,Y,,N,02-2127-4868,동대문구청 교통행정과,2024-07-19,I,2026-05-15 18:45:05,2024-07-19 07:45:26
3050000,202430500000300065,전동초등학교,서울특별시 동대문구 전농로 16길 61,,37.57895,127.0614,20,,,,N,,N,02-2127-4868,동대문구청 교통행정과,2024-07-19,I,2026-05-15 18:45:05,2024-07-19 07:45:26
3050000,202430500000300077,한국외국어대학교,서울특별시 동대문구 이문로 107,,37.59746,127.0588,16,,,,N,,N,02-2127-4868,동대문구청 교통행정과,2024-07-19,I,2026-05-15 18:45:05,2024-07-19 07:45:26
3050000,202430500000300040,동대문구청 종합민원실 입구,서울특별시 동대문구 천호대로 145,,37.57427,127.0395,35,,,,Y,,N,02-2127-4868,동대문구청 교통행정과,2024-07-19,I,2026-05-15 18:45:05,2024-07-19 07:45:26
3050000,202430500000300089,하나은행(휘경동지점),서울특별시 동대문구 망우로 64,,37.58941,127.0601,14,,,,N,,N,02-2127-4868,동대문구청 교통행정과,2024-07-19,I,2026-05-15 18:45:05,2024-07-19 07:45:26
3050000,202430500000300038,장안1동주민센터,서울특별시 동대문구 한천로 18길 52,,37.56781,127.0665,7,,,,N,,N,02-2127-4868,동대문구청 교통행정과,2024-07-19,I,2026-05-15 18:45:05,2024-07-19 07:45:26
3050000,202430500000300051,한국산업인력공단,서울특별시 동대문구 장안벚꽃로 279,,37.58380,127.0725,20,,,,N,,N,02-2127-4868,동대문구청 교통행정과,2024-07-19,I,2026-05-15 18:45:05,2024-07-19 07:45:26
3050000,202430500000300101,답십리청소년도서실,서울특별시 동대문구 천호대로65길 17,,37.57092,127.0493,10,,,,N,,N,02-2127-4868,동대문구청 교통행정과,2024-07-19,I,2026-05-15 18:45:05,2024-07-19 07:45:26
3050000,202430500000300007,"신설동역 2번출구 앞, 뒤",서울특별시 동대문구 신설동 76-5,,37.57646,127.0260,24,,,,N,,N,02-2127-4868,동대문구청 교통행정과,2024-07-19,I,2026-05-15 18:45:05,2024-07-19 07:45:26
3050000,202430500000300088,과기원건너(홍릉초교진입로),서울특별시 동대문구 회기로 90,,37.59036,127.0469,7,,,,N,,N,02-2127-4868,동대문구청 교통행정과,2024-07-19,I,2026-05-15 18:45:05,2024-07-19 07:45:26
3050000,202430500000300110,"천호대로 365, 369, 381, 383, 389, 393, 395-2 앞",서울특별시 동대문구 천호대로 365~395-2,,37.56245,127.0595,35,,,,N,,N,02-2127-4868,동대문구청 교통행정과,2024-07-19,I,2026-05-15 18:45:05,2024-07-19 07:45:26
3050000,202430500000300096,전농농협 건물 옆,서울특별시 동대문구 전농로 136,,37.57702,127.0579,10,,,,N,,N,02-2127-4868,동대문구청 교통행정과,2024-07-19,I,2026-05-15 18:45:05,2024-07-19 07:45:26
3050000,202430500000300013,청량리역 다이소 앞 거리가게 뒤,서울특별시 동대문구 왕산로 195,,37.58027,127.0449,19,,,,N,,N,02-2127-4868,동대문구청 교통행정과,2024-07-19,I,2026-05-15 18:45:05,2024-07-19 07:45:26
3050000,202430500000300058,회기파출소,서울특별시 동대문구 회기로18길 2,,37.59107,127.0519,5,,,,N,,N,02-2127-4868,동대문구청 교통행정과,2024-07-19,I,2026-05-15 18:45:05,2024-07-19 07:45:26
3050000,202430500000300020,용두역 1번출구,서울특별시 동대문구 용두동 38-2,,37.57422,127.0377,15,,,,Y,,N,02-2127-4868,동대문구청 교통행정과,2024-07-19,I,2026-05-15 18:45:05,2024-07-19 07:45:26
3050000,202430500000300015,청량리역 광장(임시선별진료소 앞),서울특별시 동대문구 전농1동 585,,37.58081,127.0468,60,,,,N,,N,02-2127-4868,동대문구청 교통행정과,2024-07-19,I,2026-05-15 18:45:05,2024-07-19 07:45:26
3050000,202430500000300046,휘경1동주민센터,서울특별시 동대문구 외대역동로 6길 3,,37.59294,127.0657,14,,,,Y,,N,02-2127-4868,동대문구청 교통행정과,2024-07-19,I,2026-05-15 18:45:05,2024-07-19 07:45:26
3050000,202430500000300025,답십리역 1번 출구앞,서울특별시 동대문구 답십리동 496-17,,37.56796,127.0517,15,,,,Y,,N,02-2127-4868,동대문구청 교통행정과,2024-07-19,I,2026-05-15 18:45:05,2024-07-19 07:45:26
3050000,202430500000300063,"동대부속중,고등학교 후문",서울특별시 동대문구 장안벚꽃로 201,,37.57788,127.0743,264,,,,Y,,N,02-2127-4868,동대문구청 교통행정과,2024-07-19,I,2026-05-15 18:45:05,2024-07-19 07:45:26
3050000,202430500000300066,휘경공업고등학교,서울특별시 동대문구 겸재로 21,,37.58506,127.0698,40,,,,Y,,N,02-2127-4868,동대문구청 교통행정과,2024-07-19,I,2026-05-15 18:45:05,2024-07-19 07:45:26
3050000,202430500000300100,안암R 파리바게트앞,서울특별시 동대문구 안암로 80,,37.58292,127.03,5,,,,N,,N,02-2127-4868,동대문구청 교통행정과,2024-07-19,I,2026-05-15 18:45:05,2024-07-19 07:45:26
3050000,202430500000300016,일부철거예정,서울특별시 동대문구 청량리동 235-4,,37.58211,127.0471,20,,,,N,,N,02-2127-4868,동대문구청 교통행정과,2024-07-19,I,2026-05-15 18:45:05,2024-07-19 07:45:26
3050000,202430500000300036,샘소나이트 앞,서울특별시 동대문구 천호대로 433,,37.56149,127.0671,6,,,,N,,N,02-2127-4868,동대문구청 교통행정과,2024-07-19,I,2026-05-15 18:45:05,2024-07-19 07:45:26
3050000,202430500000300023,용두역 4번출구,서울특별시 동대문구 용두동34-7,,37.57354,127.0382,32,,,,N,,N,02-2127-4868,동대문구청 교통행정과,2024-07-19,I,2026-05-15 18:45:05,2024-07-19 07:45:26
3050000,202430500000300104,청우정육생등심 앞,서울특별시 동대문구 홍릉로 80,,37.58737,127.0431,14,,,,N,,N,02-2127-4868,동대문구청 교통행정과,2024-07-19,I,2026-05-15 18:45:05,2024-07-19 07:45:26
3050000,202430500000300005,제기역 5번출구~6번출구,서울특별시 동대문구 용두동 100-5,,37.57779,127.0336,25,,,,N,,N,02-2127-4868,동대문구청 교통행정과,2024-07-19,I,2026-05-15 18:45:05,2024-07-19 07:45:26
3050000,202430500000300034,외대앞역 3번 출구 엘리베이터 옆,서울특별시 동대문구 이문동81-7,,37.59530,127.0632,7,,,,N,,N,02-2127-4868,동대문구청 교통행정과,2024-07-19,I,2026-05-15 18:45:05,2024-07-19 07:45:26
3050000,202430500000300108,동대문종합사회복지관 앞,서울특별시 동대문구 약령시로5길22,,37.58403,127.034,17,,,,N,,N,02-2127-4868,동대문구청 교통행정과,2024-07-19,I,2026-05-15 18:45:05,2024-07-19 07:45:26
3050000,202430500000300068,장평중학교,서울특별시 동대문구 답십리로 72길 158,,37.56627,127.0706,64,,,,Y,,N,02-2127-4868,동대문구청 교통행정과,2024-07-19,I,2026-05-15 18:45:05,2024-07-19 07:45:26
3050000,202430500000300043,동대문구정보화도서관,서울특별시 동대문구 회기로 10길 60,,37.58971,127.0471,17,,,,N,,N,02-2127-4868,동대문구청 교통행정과,2024-07-19,I,2026-05-15 18:45:05,2024-07-19 07:45:26
3050000,202430500000300021,KT대리점 앞,서울특별시 동대문구 용두동 38-1,,37.57467,127.0377,21,,,,Y,,N,02-2127-4868,동대문구청 교통행정과,2024-07-19,I,2026-05-15 18:45:05,2024-07-19 07:45:26
3050000,202430500000300056,용신지구대,서울특별시 동대문구 청계천로549,,37.57284,127.0372,10,,,,N,,N,02-2127-4868,동대문구청 교통행정과,2024-07-19,I,2026-05-15 18:45:05,2024-07-19 07:45:26
3050000,202430500000300073,대광고등학교 교내?,서울특별시 동대문구 안암로 6,,37.57801,127.0243,80,,,,N,,N,02-2127-4868,동대문구청 교통행정과,2024-07-19,I,2026-05-15 18:45:05,2024-07-19 07:45:26
3050000,202430500000300033,"1,2번 출구 건너 교통섬 내",서울특별시 동대문구 장안1동 416-6,,37.56172,127.0645,54,,,,Y,,N,02-2127-4868,동대문구청 교통행정과,2024-07-19,I,2026-05-15 18:45:05,2024-07-19 07:45:26
3050000,202430500000300087,동대문구 청소년독서실,서울특별시 동대문구 장한로 191,,37.57744,127.0716,14,,,,N,,N,02-2127-4868,동대문구청 교통행정과,2024-07-19,I,2026-05-15 18:45:05,2024-07-19 07:45:26
3050000,202430500000300080,휘봉고등학교,서울특별시 동대문구 한천로 290,,37.58649,127.0682,50,,,,Y,,N,02-2127-4868,동대문구청 교통행정과,2024-07-19,I,2026-05-15 18:45:05,2024-07-19 07:45:26
3050000,202430500000300113,새라젬 카페 앞,서울특별시 동대문구 사가정로 80,,37.57541,127.0548,10,,,,N,,N,02-2127-4868,동대문구청 교통행정과,2024-07-19,I,2026-05-15 18:45:05,2024-07-19 07:45:26
3050000,202430500000300006,1번출구 옆 엘리베이터 뒤,서울특별시 동대문구 신설동76-84,,37.57607,127.0238,10,,,,N,,N,02-2127-4868,동대문구청 교통행정과,2024-07-19,I,2026-05-15 18:45:05,2024-07-19 07:45:26
3050000,202430500000300059,제2기동대,서울특별시 동대문구 사가정로253,,37.57962,127.0729,48,,,,N,,N,02-2127-4868,동대문구청 교통행정과,2024-07-19,I,2026-05-15 18:45:05,2024-07-19 07:45:26
3050000,202430500000300112,카운티에비뉴 앞,서울특별시 동대문구 사가정로 80,,37.57266,127.0722,10,,,,N,,N,02-2127-4868,동대문구청 교통행정과,2024-07-19,I,2026-05-15 18:45:05,2024-07-19 07:45:26
3050000,202430500000300041,이문1동주민센터,서울특별시 동대문구 외대역동로 114-1,,37.59780,127.0655,13,,,,Y,,N,02-2127-4868,동대문구청 교통행정과,2024-07-19,I,2026-05-15 18:45:05,2024-07-19 07:45:26
3050000,202430500000300069,숭인중학교,서울특별시 동대문구 천호대로 47길 34,,37.57372,127.0442,52,,,,Y,,N,02-2127-4868,동대문구청 교통행정과,2024-07-19,I,2026-05-15 18:45:05,2024-07-19 07:45:26
3050000,202430500000300102,어린이청소년비전센터(시조사 앞),서울특별시 동대문구 이문로1길 11,,37.58832,127.053,20,,,,N,,N,02-2127-4868,동대문구청 교통행정과,2024-07-19,I,2026-05-15 18:45:05,2024-07-19 07:45:26
3050000,202430500000300017,고려대역 3번출구,서울특별시 동대문구 제기동 1149-17,,37.59036,127.0365,6,,,,N,,N,02-2127-4868,동대문구청 교통행정과,2024-07-19,I,2026-05-15 18:45:05,2024-07-19 07:45:26
3050000,202430500000300070,성일중학교,서울특별시 동대문구 왕산로 23길 55,,37.58119,127.0339,6,,,,Y,,N,02-2127-4868,동대문구청 교통행정과,2024-07-19,I,2026-05-15 18:45:05,2024-07-19 07:45:26
3050000,202430500000300048,동대문소방서,서울특별시 동대문구 장한로 34,,37.56402,127.0668,7,,,,N,,N,02-2127-4868,동대문구청 교통행정과,2024-07-19,I,2026-05-15 18:45:05,2024-07-19 07:45:26
3050000,202430500000300111,롯데리아 건너편,서울특별시 동대문구 답십리로287,,37.57273,127.072,7,,,,N,,N,02-2127-4868,동대문구청 교통행정과,2024-07-19,I,2026-05-15 18:45:05,2024-07-19 07:45:26
3050000,202430500000300064,"동대부속중,고등학교 정문",서울특별시 동대문구 장안벚꽃로 201,,37.57787,127.0763,112,,,,Y,,N,02-2127-4868,동대문구청 교통행정과,2024-07-19,I,2026-05-15 18:45:05,2024-07-19 07:45:26
3050000,202430500000300031,장한평역 3번출구 뒤,서울특별시 동대문구 장안동 464-1,,37.56185,127.0652,39,,,,Y,,N,02-2127-4868,동대문구청 교통행정과,2024-07-19,I,2026-05-15 18:45:05,2024-07-19 07:45:26
3050000,202430500000300019,고려대역 6번출구,서울특별시 동대문구 제기동 137-237,,37.58928,127.0358,6,,,,N,,N,02-2127-4868,동대문구청 교통행정과,2024-07-19,I,2026-05-15 18:45:05,2024-07-19 07:45:26
3050000,202430500000300115,중랑교사거리에서 중랑교 방향 우측,서울특별시 동대문구 휘경동 367-2,,37.59173,127.0681,12,,,,N,,N,02-2127-4868,동대문구청 교통행정과,2024-07-19,I,2026-05-15 18:45:05,2024-07-19 07:45:26
3050000,202430500000300079,신답초등학교,서울특별시 동대문구 천호대로 177,,37.57299,127.0433,12,,,,N,,N,02-2127-4868,동대문구청 교통행정과,2024-07-19,I,2026-05-15 18:45:05,2024-07-19 07:45:26
3050000,202430500000300094,전일청소년독서실,서울특별시 동대문구 전농로 37길 17,,37.58453,127.0515,7,,,,N,,N,02-2127-4868,동대문구청 교통행정과,2024-07-19,I,2026-05-15 18:45:05,2024-07-19 07:45:26
3050000,202430500000300055,장안근린공원 내,서울특별시 동대문구 장한로 191,,37.57740,127.0714,16,,,,N,,N,02-2127-4868,동대문구청 교통행정과,2024-07-19,I,2026-05-15 18:45:05,2024-07-19 07:45:26
3050000,202430500000300044,답십리2동주민센터,서울특별시 동대문구 한천로 11길 18,,37.56742,127.0613,7,,,,Y,,N,02-2127-4868,동대문구청 교통행정과,2024-07-19,I,2026-05-15 18:45:05,2024-07-19 07:45:26
3050000,202430500000300082,동대문중학교,서울특별시 동대문구 사가정로 59,,37.57459,127.0526,10,,,,Y,,N,02-2127-4868,동대문구청 교통행정과,2026-05-21,U,2026-05-22 03:03:03,2026-05-21 10:01:04
3050000,202430500000300086,전농로터리,서울특별시 동대문구 전농로 146,,37.57816,127.0577,30,,,,N,,N,02-2127-4868,동대문구청 교통행정과,2024-07-19,I,2026-05-15 18:45:05,2024-07-19 07:45:26
3050000,202430500000300010,365매일한방병원 앞,서울특별시 동대문구 천호대로 3,,37.57522,127.0242,7,,,,N,,N,02-2127-4868,동대문구청 교통행정과,2024-07-19,I,2026-05-15 18:45:05,2024-07-19 07:45:26
3050000,202430500000300085,용두교 입구,서울특별시 동대문구 왕산로 104 건너편,,37.57804,127.0352,13,,,,Y,,N,02-2127-4868,동대문구청 교통행정과,2024-07-19,I,2026-05-15 18:45:05,2024-07-19 07:45:26
3050000,202430500000300109,진명빌딩 앞,서울특별시 동대문구 천호대로437-1,,37.56119,127.0677,7,,,,N,,N,02-2127-4868,동대문구청 교통행정과,2024-07-19,I,2026-05-15 18:45:05,2024-07-19 07:45:26
3050000,202430500000300004,함경면옥 앞~용두치안센터 앞,서울특별시 동대문구 제기동 230-2,,37.57832,127.0334,60,,,,Y,,N,02-2127-4868,동대문구청 교통행정과,2024-07-19,I,2026-05-15 18:45:05,2024-07-19 07:45:26
3050000,202430500000300045,구 이문2동주민센터,서울특별시 동대문구 이문로 9길 52,,37.59450,127.0565,7,,,,Y,,N,02-2127-4868,동대문구청 교통행정과,2024-07-19,I,2026-05-15 18:45:05,2024-07-19 07:45:26
3050000,202430500000300057,구청 후문 맞은편,서울특별시 동대문구 고산자로28길 13,,37.57534,127.0392,8,,,,N,,N,02-2127-4868,동대문구청 교통행정과,2024-07-19,I,2026-05-15 18:45:05,2024-07-19 07:45:26
3050000,202430500000300035,외대앞역 4번 출구 계단 밑,서울특별시 동대문구 이문동363-48,,37.59530,127.0632,7,,,,N,,N,02-2127-4868,동대문구청 교통행정과,2024-07-19,I,2026-05-15 18:45:05,2024-07-19 07:45:26
3050000,202430500000300099,송화빌딩 앞,서울특별시 동대문구 고미술로 100,,37.5638,127.0573,13,,,,N,,N,02-2127-4868,동대문구청 교통행정과,2024-07-19,I,2026-05-15 18:45:05,2024-07-19 07:45:26
3050000,202430500000300060,동대문구답십리도서관,서울특별시 동대문구 서울시립대로4길 75,,37.57318,127.0504,9,,,,N,,N,02-2127-4868,동대문구청 교통행정과,2024-07-19,I,2026-05-15 18:45:05,2024-07-19 07:45:26
3050000,202430500000300014,청량리 TMO(구역전파출소 앞),서울특별시 동대문구 전농1동 585,,37.58098,127.0470,42,,,,N,,N,02-2127-4868,동대문구청 교통행정과,2024-07-19,I,2026-05-15 18:45:05,2024-07-19 07:45:26
3050000,202430500000300018,고려대역 4번출구,서울특별시 동대문구 1149-17,,37.58975,127.0366,22,,,,Y,,N,02-2127-4868,동대문구청 교통행정과,2024-07-19,I,2026-05-15 18:45:05,2024-07-19 07:45:26
3050000,202430500000300054,동대문경찰서,서울특별시 동대문구 약령시로 21길 29,,37.58505,127.0457,30,,,,Y,,N,02-2127-4868,동대문구청 교통행정과,2024-07-19,I,2026-05-15 18:45:05,2024-07-19 07:45:26
3050000,202430500000300042,이문체육문화센터,서울특별시 동대문구 한천로 58길 81-49,,37.60231,127.0690,28,,,,N,,N,02-2127-4868,동대문구청 교통행정과,2024-07-19,I,2026-05-15 18:45:05,2024-07-19 07:45:26
3050000,202430500000300107,미주상가 A동 동산약국 앞,서울특별시 동대문구 왕산로 225,,37.58155,127.0476,18,,,,N,,N,02-2127-4868,동대문구청 교통행정과,2024-07-19,I,2026-05-15 18:45:05,2024-07-19 07:45:26
3050000,202430500000300002,회기역 1번출구,서울특별시 동대문구 회기로196,,37.58998,127.0578,97,,,,Y,,N,02-2127-4868,동대문구청 교통행정과,2024-07-19,I,2026-05-15 18:45:05,2024-07-19 07:45:26
3050000,202430500000300097,유자원,서울특별시 동대문구 망우로 82,,37.58935,127.0645,20,,,,N,,N,02-2127-4868,동대문구청 교통행정과,2024-07-19,I,2026-05-15 18:45:05,2024-07-19 07:45:26
3050000,202430500000300024,킹당구클럽앞,서울특별시 동대문구 용두동 36-1,,37.57393,127.0376,4,,,,N,,N,02-2127-4868,동대문구청 교통행정과,2024-07-19,I,2026-05-15 18:45:05,2024-07-19 07:45:26
3050000,202430500000300009,5번출구 앞,서울특별시 동대문구 왕산로6,,37.57581,127.0245,7,,,,Y,,N,02-2127-4868,동대문구청 교통행정과,2024-07-19,I,2026-05-15 18:45:05,2024-07-19 07:45:26
3050000,202430500000300049,청량리동 주민센터,서울특별시 동대문구 왕산로43다길 5,,37.58626,127.0473,7,,,,Y,,N,02-2127-4868,동대문구청 교통행정과,2024-07-19,I,2026-05-15 18:45:05,2024-07-19 07:45:26
3050000,202430500000300032,장한평역 4번 출구앞,서울특별시 동대문구 장안동 464-3,,37.56154,127.0654,79,,,,Y,,N,02-2127-4868,동대문구청 교통행정과,2024-07-19,I,2026-05-15 18:45:05,2024-07-19 07:45:26
3050000,202430500000300061,동대문구창업지원센터,서울특별시 동대문구 답십리로38길 19,,37.57337,127.0501,7,,,,N,,N,02-2127-4868,동대문구청 교통행정과,2024-07-19,I,2026-05-15 18:45:05,2024-07-19 07:45:26
3050000,202430500000300072,대광고등학교 정문 앞,서울특별시 동대문구 안암로 6,,37.57801,127.0243,63,,,,N,,N,02-2127-4868,동대문구청 교통행정과,2024-07-19,I,2026-05-15 18:45:05,2024-07-19 07:45:26
3050000,202430500000300075,경희대학교,서울특별시 동대문구 경희대로 26,,37.59672,127.0514,20,,,,N,,N,02-2127-4868,동대문구청 교통행정과,2024-07-19,I,2026-05-15 18:45:05,2024-07-19 07:45:26
3050000,202430500000300037,동대문도서관,서울특별시 동대문구 천호대로4길 22,,37.57344,127.0244,31,,,,N,,N,02-2127-4868,동대문구청 교통행정과,2024-07-19,I,2026-05-15 18:45:05,2024-07-19 07:45:26
3050000,202430500000300091,영휘원 주차장 내,서울특별시 동대문구 홍릉로 78,,37.58707,127.0431,10,,,,N,,N,02-2127-4868,동대문구청 교통행정과,2024-07-19,I,2026-05-15 18:45:05,2024-07-19 07:45:26
3050000,202430500000300008,기업은행앞,서울특별시 동대문구 신설동 76-69,,37.57625,127.0257,14,,,,N,,N,02-2127-4868,동대문구청 교통행정과,2024-07-19,I,2026-05-15 18:45:05,2024-07-19 07:45:26
3050000,202430500000300029,"장한평역 1번출구 앞, 뒤",서울특별시 동대문구 장안동 416-6,,37.56184,127.0642,39,,,,Y,,N,02-2127-4868,동대문구청 교통행정과,2024-07-19,I,2026-05-15 18:45:05,2024-07-19 07:45:26
3050000,202430500000300047,휘경119 안전센터,서울특별시 동대문구 망우로 106,,37.59068,127.0649,7,,,,N,,N,02-2127-4868,동대문구청 교통행정과,2024-07-19,I,2026-05-15 18:45:05,2024-07-19 07:45:26
3050000,202430500000300083,중랑교 입구 우측 연자방아휴게소,서울특별시 동대문구 휘경동7-38,,37.5917,127.0693,10,,,,N,,N,02-2127-4868,동대문구청 교통행정과,2024-07-19,I,2026-05-15 18:45:05,2024-07-19 07:45:26
3050000,202430500000300106,하나은행 앞 따릉이보관소 옆,서울특별시 동대문구 홍릉로 28,,37.58263,127.0445,15,,,,N,,N,02-2127-4868,동대문구청 교통행정과,2024-07-19,I,2026-05-15 18:45:05,2024-07-19 07:45:26
3050000,202430500000300053,전농파출소,서울특별시 동대문구 전농로 38다길 21,,37.58632,127.0542,4,,,,N,,N,02-2127-4868,동대문구청 교통행정과,2024-07-19,I,2026-05-15 18:45:05,2024-07-19 07:45:26
3050000,202430500000300012,동대문우체국앞,서울특별시 동대문구 신설동 117-23,,37.57508,127.0240,7,,,,N,,N,02-2127-4868,동대문구청 교통행정과,2024-07-19,I,2026-05-15 18:45:05,2024-07-19 07:45:26
3050000,202430500000300076,"경희대학교 기숙사&경희중,고등학교",서울특별시 동대문구 경희대로 26,,37.59672,127.0514,30,,,,N,,N,02-2127-4868,동대문구청 교통행정과,2024-07-19,I,2026-05-15 18:45:05,2024-07-19 07:45:26
3050000,202430500000300039,대한노인회(구 전농4동주민센터),서울특별시 동대문구 사가정로 98,,37.57647,127.0562,5,,,,N,,N,02-2127-4868,동대문구청 교통행정과,2024-07-19,I,2026-05-15 18:45:05,2024-07-19 07:45:26
3050000,202430500000300003,회기역 2번출구,서울특별시 동대문구 휘경1동 267,,37.58945,127.0580,30,,,,Y,,N,02-2127-4868,동대문구청 교통행정과,2024-07-19,I,2026-05-15 18:45:05,2024-07-19 07:45:26
3050000,202430500000300105,타이어테크 앞 따릉이보관소 옆,서울특별시 동대문구 홍릉로 76,,37.58693,127.0432,10,,,,N,,N,02-2127-4868,동대문구청 교통행정과,2024-07-19,I,2026-05-15 18:45:05,2024-07-19 07:45:26
3050000,202430500000300062,다사랑행복센터(동대문장애인종합복지관),서울특별시 동대문구 청계천로 521,,37.57181,127.0341,7,,,,Y,,N,02-2127-4868,동대문구청 교통행정과,2024-07-19,I,2026-05-15 18:45:05,2024-07-19 07:45:26
3050000,202430500000300098,하늘병원 앞,서울특별시 동대문구 천호대로 317,,37.56527,127.0556,24,,,,N,,N,02-2127-4868,동대문구청 교통행정과,2024-07-19,I,2026-05-15 18:45:05,2024-07-19 07:45:26
3050000,202430500000300092,버스정류장 옆,서울특별시 동대문구 천호대로 10,,37.57472,127.0246,7,,,,N,,N,02-2127-4868,동대문구청 교통행정과,2024-07-19,I,2026-05-15 18:45:05,2024-07-19 07:45:26
3050000,202430500000300027,답십리역 3번출구 뒤,서울특별시 동대문구 답십리동 494-12,,37.56677,127.0531,9,,,,Y,,N,02-2127-4868,동대문구청 교통행정과,2024-07-19,I,2026-05-15 18:45:05,2024-07-19 07:45:26
3050000,202430500000300011,동대문베르빌 앞,서울특별시 동대문구 신설동 97-8,,37.57459,127.0263,21,,,,N,,N,02-2127-4868,동대문구청 교통행정과,2024-07-19,I,2026-05-15 18:45:05,2024-07-19 07:45:26
3050000,202430500000300052,휘경2동주민세터(신청사),서울특별시 동대문구 한천로 329,,37.59009,127.0686,13,,,,Y,,N,02-2127-4868,동대문구청 교통행정과,2024-07-19,I,2026-05-15 18:45:05,2024-07-19 07:45:26
3050000,202430500000300084,용두치안센터앞 용두교 입구 좌측,서울특별시 동대문구 제기동 1158-79,,37.57846,127.034,10,,,,Y,,N,02-2127-4868,동대문구청 교통행정과,2024-07-19,I,2026-05-15 18:45:05,2024-07-19 07:45:26
3050000,202430500000300116,간데메공원,서울특별시 동대문구 서울시립대로2길 59,,37.57335,127.0487,10,,,,N,,N,02-2127-4868,동대문구청 교통행정과,2024-07-19,I,2026-05-15 18:45:05,2024-07-19 07:45:26
3050000,202430500000300050,산업연구원 본관앞,서울특별시 동대문구 회기로 66,,37.59058,127.0447,10,,,,N,,N,02-2127-4868,동대문구청 교통행정과,2024-07-19,I,2026-05-15 18:45:05,2024-07-19 07:45:26
3050000,202430500000300078,휘경중학교,서울특별시 동대문구 망우로 18나길 20,,37.58682,127.0621,116,,,,Y,,N,02-2127-4868,동대문구청 교통행정과,2024-07-19,I,2026-05-15 18:45:05,2024-07-19 07:45:26
3050000,202430500000300081,전일중학교,서울특별시 동대문구 사가정로 13길 67,,37.58148,127.0585,50,,,,Y,,N,02-2127-4868,동대문구청 교통행정과,2024-07-19,I,2026-05-15 18:45:05,2024-07-19 07:45:26
3050000,202430500000300071,전곡초등학교,서울특별시 동대문구 전농로 172,,37.58055,127.0564,30,,,,N,,N,02-2127-4868,동대문구청 교통행정과,2024-07-19,I,2026-05-15 18:45:05,2024-07-19 07:45:26
3050000,202430500000300028,답십리역 4번 출구앞,서울특별시 동대문구 답십리동 494-2,,37.56636,127.0537,48,,,,Y,,N,02-2127-4868,동대문구청 교통행정과,2024-07-19,I,2026-05-15 18:45:05,2024-07-19 07:45:26
3050000,202430500000300090,영휘원사거리 굿안경원 앞,서울특별시 동대문구 홍릉로 71,,37.58657,127.0427,14,,,,N,,N,02-2127-4868,동대문구청 교통행정과,2024-07-19,I,2026-05-15 18:45:05,2024-07-19 07:45:26
3050000,202430500000300103,제기로 130 앞 버스정류장 옆,서울특별시 동대문구 제기로 130 앞,,37.58649,127.0475,7,,,,N,,N,02-2127-4868,동대문구청 교통행정과,2024-07-19,I,2026-05-15 18:45:05,2024-07-19 07:45:26
3050000,202430500000300114,휘경2동주민센터 건너편 배봉산둘레길 입구,서울특별시 동대문구 휘경동 산6-26,,37.59004,127.068,10,,,,N,,N,02-2127-4868,동대문구청 교통행정과,2024-07-19,I,2026-05-15 18:45:05,2024-07-19 07:45:26
3060000,202430600000300262,홈플러스 신내점,서울특별시 중랑구 신내로201,서울특별시 중랑구 신내동645,37.6158127,127.0937379,7,,거치형,,Y,기계식,N,02-2094-2582,중랑구청 교통행정과,2024-07-23,I,2026-05-15 18:45:05,2024-07-29 16:34:28
3060000,202430600000300308,화랑대역7번출구,서울특별시 중랑구 화랑로510,서울특별시 중랑구 묵동285-2,37.619661,127.084731,7,,거치형,,N,,N,02-2094-2582,중랑구청 교통행정과,2024-07-23,I,2026-05-15 18:45:05,2024-07-29 16:34:28
3060000,202430600000300313,중랑구가족센터,서울특별시 중랑구 용마산로369,서울특별시 중랑구 면목동62-2,37.58491272,127.0940363,10,,거치형,,Y,기계식,N,02-2094-2582,중랑구청 교통행정과,2024-07-23,I,2026-05-15 18:45:05,2024-07-29 16:34:28
3060000,202430600000300320,동원중학교,서울특별시 중랑구 양원역로32,서울특별시 중랑구 망우동85-3,37.60382264,127.1094981,120,,거치형,,N,,N,02-2094-2582,중랑구청 교통행정과,2024-07-23,I,2026-05-15 18:45:05,2024-07-29 16:34:28
3060000,202530600000300002,양원역 1번 출구,,서울특별시 중랑구 망우동 253-7,37.606586,127.107352,19,,거치형,N,N,,N,02-2094-2582,중랑구청 교통행정과,2025-10-23,I,2026-05-15 18:45:05,2025-10-23 09:21:37
3060000,202430600000300333,상봉2동 한일써너스빌앞,서울특별시 중랑구 망우로346,서울특별시 중랑구 상봉동81-5,37.59745248,127.0913696,20,,거치형,,N,,N,02-2094-2582,중랑구청 교통행정과,2024-07-23,I,2026-05-15 18:45:05,2024-07-29 16:34:28
3060000,202430600000300323,종가대박집 중화점,서울특별시 중랑구 동일로808,서울특별시 중랑구 중화동185-13,37.60269594,127.0796037,12,,거치형,,N,,N,02-2094-2582,중랑구청 교통행정과,2024-07-23,I,2026-05-15 18:45:05,2024-07-29 16:34:28
3060000,202430600000300191,면목본동 한성빌딩앞,서울특별시 중랑구 면목로456,서울특별시 중랑구 면목동91-69,37.59256789,127.0868969,24,,거치형,,N,,N,02-2094-2582,중랑구청 교통행정과,2024-07-23,I,2026-05-15 18:45:05,2024-07-29 16:34:28
3060000,202430600000300181,묵동 삼성디지털프라자 앞,서울특별시 중랑구 동일로 877,서울특별시 중랑구 묵동24-15,37.60879478,127.0777818,5,,거치형,,N,,N,02-2094-2583,중랑구청 교통행정과,2024-07-23,I,2026-05-15 18:45:05,2024-07-29 16:34:28
3060000,202430600000300239,신내1동 동성1.2차아파트,서울특별시 중랑구 신내로128,서울특별시 중랑구 신내동397,37.60894053,127.0978091,60,,거치형,,N,,N,02-2094-2582,중랑구청 교통행정과,2024-07-23,I,2026-05-15 18:45:05,2024-07-29 16:34:28
3060000,202430600000300257,중화중학교,서울특별시 중랑구 용마산로364,서울특별시 중랑구 면목동83,37.58450379,127.0945608,10,,거치형,,N,,N,02-2094-2582,중랑구청 교통행정과,2024-07-23,I,2026-05-15 18:45:05,2024-07-29 16:34:28
3060000,202430600000300316,신내1동 금강메디칼센터빌딩,서울특별시 중랑구 신내로82,서울특별시 중랑구 신내동667,37.60668286,127.0955635,28,,거치형,,Y,기계식,N,02-2094-2582,중랑구청 교통행정과,2024-07-23,I,2026-05-15 18:45:05,2024-07-29 16:34:28
3060000,202430600000300189,중화1동 태능제일의원앞,서울특별시 중랑구 동일로770,서울특별시 중랑구 중화동294-2,37.5992293,127.0802435,43,,거치형,,Y,기계식,N,02-2094-2582,중랑구청 교통행정과,2024-07-23,I,2026-05-15 18:45:05,2024-07-29 16:34:28
3060000,202430600000300179,상봉역 1번 출구,서울특별시 중랑구 망우로297,서울특별시 중랑구 상봉동100-46,37.59671378,127.0854368,20,,거치형,,N,,N,02-2094-2582,중랑구청 교통행정과,2024-07-23,I,2026-05-15 18:45:05,2024-07-29 16:34:28
3060000,202430600000300232,중랑구보훈화관,서울특별시 중랑구 면목로45길82,서울특별시 중랑구 면목동1509,37.58221104,127.0840728,10,,거치형,,N,,N,02-2094-2582,중랑구청 교통행정과,2024-07-23,I,2026-05-15 18:45:05,2024-07-29 16:34:28
3060000,202430600000300214,중화역3번출구주변,서울특별시 중랑구 동일로797,서울특별시 중랑구 중화동50-3,37.6015797,127.0794692,5,,거치형,,N,,N,02-2094-2582,중랑구청 교통행정과,2024-07-23,I,2026-05-15 18:45:05,2024-07-29 16:34:28
3060000,202430600000300187,신내 동성타워프라자,서울특별시 중랑구 봉화산로221,서울특별시 중랑구 신내동786,37.6080276,127.0972055,10,,거치형,,N,,N,02-2094-2582,중랑구청 교통행정과,2024-07-23,I,2026-05-15 18:45:05,2024-07-29 16:34:28
3060000,202430600000300315,송곡고등학교,서울특별시 중랑구 양원역로50,서울특별시 중랑구 망우동239-1,37.60584544,127.1064637,270,,거치형,,Y,수동식,N,02-2094-2582,중랑구청 교통행정과,2024-07-23,I,2026-05-15 18:45:05,2024-07-29 16:34:28
3060000,202430600000300243,면목3.8동 용마어린이집앞,서울특별시 중랑구 용마산로393,서울특별시 중랑구 면목동50-17,37.587003,127.0951883,10,,거치형,,N,,N,02-2094-2582,중랑구청 교통행정과,2024-07-23,I,2026-05-15 18:45:05,2024-07-29 16:34:28
3060000,202430600000300297,북부운수,서울특별시 중랑구 면목로230,서울특별시 중랑구 면목동378-3,37.57332713,127.0844756,40,,거치형,,N,,N,02-2094-2582,중랑구청 교통행정과,2024-07-23,I,2026-05-15 18:45:05,2024-07-29 16:34:28
3060000,202430600000300321,상봉2동 주연빌딩앞,서울특별시 중랑구 면목로492,서울특별시 중랑구 상봉동101-15,37.59590458,127.0859691,10,,거치형,,N,,N,02-2094-2582,중랑구청 교통행정과,2024-07-23,I,2026-05-15 18:45:05,2024-07-29 16:34:28
3060000,202430600000300247,묵1동 예성교회,서울특별시 중랑구 숙선옹주로3길20-37,서울특별시 중랑구 묵동108-3,37.61500376,127.0806051,10,,거치형,,N,,N,02-2094-2582,중랑구청 교통행정과,2024-07-23,I,2026-05-15 18:45:05,2024-07-29 16:34:28
3060000,202430600000300273,원묵중학교,서울특별시 중랑구 신내로23길57,서울특별시 중랑구 묵동12,37.61779428,127.0843728,40,,거치형,,Y,기계식,N,02-2094-2582,중랑구청 교통행정과,2024-07-23,I,2026-05-15 18:45:05,2024-07-29 16:34:28
3060000,202430600000300265,중화1동공영주차장,서울특별시 중랑구 동일로146나길14,서울특별시 중랑구 중화동29-2,37.60274931,127.0816591,10,,거치형,,Y,기계식,N,02-2094-2582,중랑구청 교통행정과,2024-07-23,I,2026-05-15 18:45:05,2024-07-29 16:34:28
3060000,202430600000300226,면목역3번출구(파리바게뜨),서울특별시 중랑구 면목로407,서울특별시 중랑구 면목동282-6,37.5883849,127.0875678,7,,거치형,,N,,N,02-2094-2582,중랑구청 교통행정과,2024-07-23,I,2026-05-15 18:45:05,2024-07-29 16:34:28
3060000,202430600000300288,봉화산역환승주차장,서울특별시 중랑구 신내로232,서울특별시 중랑구 신내동643-1,37.61765376,127.0907581,40,,거치형,,N,,N,02-2094-2582,중랑구청 교통행정과,2024-07-23,I,2026-05-15 18:45:05,2024-07-29 16:34:28
3060000,202430600000300218,중랑구청사거리(컴포즈커피앞),서울특별시 중랑구 신내로80,서울특별시 중랑구 신내동 562-2,37.60630653,127.0955536,3,,거치형,,N,,N,02-2094-2582,중랑구청 교통행정과,2024-07-23,I,2026-05-15 18:45:05,2024-07-29 16:34:28
3060000,202430600000300327,먹골역6번출구,서울특별시 중랑구 동일로901,서울특별시 중랑구 묵동189-5,37.61062506,127.0777648,20,,거치형,,Y,기계식,N,02-2094-2582,중랑구청 교통행정과,2024-07-23,I,2026-05-15 18:45:05,2024-07-29 16:34:28
3060000,202430600000300303,중랑구청 세무과,서울특별시 중랑구  봉화산로179,서울특별시 중랑구 신내동662,37.60656359,127.0927248,75,,거치형,,Y,기계식,N,02-2094-2582,중랑구청 교통행정과,2024-07-23,I,2026-05-15 18:45:05,2024-07-29 16:34:28
3060000,202430600000300224,"먹골역2,3번출구",서울특별시 중랑구 동일로901,서울특별시 중랑구 묵동189-5,37.61062506,127.0777648,12,,거치형,,N,,N,02-2094-2582,중랑구청 교통행정과,2024-07-23,I,2026-05-15 18:45:05,2024-07-29 16:34:28
3060000,202430600000300346,중랑구민체육센터,서울특별시 중랑구 신내로15길 189,서울특별시 중랑구 묵동22-1,37.61518221,127.0874819,24,,거치형,,N,,N,02-2094-2582,중랑구청 교통행정과,2024-07-23,I,2026-05-15 18:45:05,2024-07-29 16:34:29
3060000,202430600000300198,화랑대역7번출구,서울특별시 중랑구 화랑로510,서울특별시 중랑구 묵동285-2,37.619662,127.084739,40,,거치형,,Y,기계식,N,02-2094-2582,중랑구청 교통행정과,2024-07-23,I,2026-05-15 18:45:05,2024-07-29 16:34:28
3060000,202430600000300246,신내1동 원광유린복지관,서울특별시 중랑구 신내로56,서울특별시 중랑구 신내동572-2,37.60447047,127.0959157,10,,거치형,,Y,기계식,N,02-2094-2582,중랑구청 교통행정과,2024-07-23,I,2026-05-15 18:45:05,2024-07-29 16:34:28
3060000,202430600000300249,중화역4번출구,서울특별시 중랑구 동일로797,서울특별시 중랑구 중화동50-3,37.6015797,127.0794692,19,,거치형,,N,,N,02-2094-2582,중랑구청 교통행정과,2024-07-23,I,2026-05-15 18:45:05,2024-07-29 16:34:28
3060000,202430600000300196,상봉역2번출구,서울특별시 중랑구 망우로297,서울특별시 중랑구 상봉동100-46,37.59671378,127.0854368,20,,거치형,,N,,N,02-2094-2582,중랑구청 교통행정과,2024-07-23,I,2026-05-15 18:45:05,2024-07-29 16:34:28
3060000,202430600000300256,장안중학교,서울특별시 중랑구 동일로780,서울특별시 중랑구 중화동288-26,37.60077444,127.0809965,11,,거치형,,Y,기계식,N,02-2094-2582,중랑구청 교통행정과,2024-07-23,I,2026-05-15 18:45:05,2024-07-29 16:34:28
3060000,202430600000300264,중랑캠핑숲양원청소년독서실,서울특별시 중랑구 망우동,서울특별시 중랑구 망우동,37.606758,127.110814,20,,거치형,,N,,N,02-2094-2582,중랑구청 교통행정과,2024-07-23,I,2026-05-15 18:45:05,2024-07-29 16:34:28
3060000,202430600000300294,신묵초등학교,서울특별시 중랑구 동일로149길46,서울특별시 중랑구 묵동246-12,37.60652285,127.0758358,40,,거치형,,Y,기계식,N,02-2094-2582,중랑구청 교통행정과,2024-07-23,I,2026-05-15 18:45:05,2024-07-29 16:34:28
3060000,202430600000300192,상봉역4번출구,서울특별시 중랑구 망우로297,서울특별시 중랑구 상봉동100-46,37.59671378,127.0854368,25,,거치형,,N,,N,02-2094-2582,중랑구청 교통행정과,2024-07-23,I,2026-05-15 18:45:05,2024-07-29 16:34:28
3060000,202430600000300220,상봉역3번출구,서울특별시 중랑구 망우로297,서울특별시 중랑구 상봉동100-46,37.59671378,127.0854368,13,,거치형,,N,,N,02-2094-2582,중랑구청 교통행정과,2024-07-23,I,2026-05-15 18:45:05,2024-07-29 16:34:28
3060000,202430600000300286,시립북부노인병원앞,서울특별시 중랑구 양원역로38,서울특별시 중랑구 망우동227,37.60439473,127.1076807,10,,거치형,,N,,N,02-2094-2582,중랑구청 교통행정과,2024-07-23,I,2026-05-15 18:45:05,2024-07-29 16:34:28
3060000,202430600000300193,상봉역1번출구,서울특별시 중랑구 망우로297,서울특별시 중랑구 상봉동100-46,37.59671378,127.0854368,20,,거치형,,N,,N,02-2094-2582,중랑구청 교통행정과,2024-07-23,I,2026-05-15 18:45:05,2024-07-29 16:34:28
3060000,202430600000300182,태영빌딩 삼거리,서울특별시 중랑구 송림길44,서울특별시 중랑구 신내동 509-5,37.60143442,127.0983015,6,,거치형,,N,,N,02-2094-2582,중랑구청 교통행정과,2024-07-23,I,2026-05-15 18:45:05,2024-07-29 16:34:28
3060000,202430600000300210,사가정역2번출구,서울특별시 중랑구 사가정로393,서울특별시 중랑구 면목동495,37.58079455,127.0884391,15,,거치형,,Y,기계식,N,02-2094-2582,중랑구청 교통행정과,2024-07-23,I,2026-05-15 18:45:05,2024-07-29 16:34:28
3060000,202430600000300241,중화역3번출구,서울특별시 중랑구 동일로797,서울특별시 중랑구 중화동50-3,37.6015797,127.0794692,5,,거치형,,N,,N,02-2094-2582,중랑구청 교통행정과,2024-07-23,I,2026-05-15 18:45:05,2024-07-29 16:34:28
3060000,202430600000300252,사가정역3번출구,서울특별시 중랑구 사가정로393,서울특별시 중랑구 면목동495,37.58079455,127.0884391,10,,거치형,,N,,N,02-2094-2582,중랑구청 교통행정과,2024-07-23,I,2026-05-15 18:45:05,2024-07-29 16:34:28
3060000,202430600000300267,상봉역7번출구,서울특별시 중랑구 망우로297,서울특별시 중랑구 상봉동100-46,37.59671378,127.0854368,30,,거치형,,Y,기계식,N,02-2094-2582,중랑구청 교통행정과,2024-07-23,I,2026-05-15 18:45:05,2024-07-29 16:34:28
3060000,202430600000300334,상봉동 엔터식스 앞,서울특별시 중랑구 망우로353,서울특별시 중랑구 상봉동500,37.59833282,127.0916241,10,,거치형,,N,,N,02-2094-2582,중랑구청 교통행정과,2024-07-23,I,2026-05-15 18:45:05,2024-07-29 16:34:28
3060000,202430600000300255,먹골역교차로,서울특별시 중랑구 동일로901,서울특별시 중랑구 묵동189-5,37.61062506,127.0777648,10,,거치형,,N,,N,02-2094-2582,중랑구청 교통행정과,2024-07-23,I,2026-05-15 18:45:05,2024-07-29 16:34:28
3060000,202430600000300326,화랑대역5번출구,서울특별시 중랑구 화랑로510,서울특별시 중랑구 묵동285-2,37.619917,127.085981,7,,거치형,,N,,N,02-2094-2582,중랑구청 교통행정과,2024-07-23,I,2026-05-15 18:45:05,2024-07-29 16:34:28
3060000,202430600000300209,사가정역2번출구,서울특별시 중랑구 사가정로393,서울특별시 중랑구 면목동495,37.58079455,127.0884391,5,,거치형,,Y,기계식,N,02-2094-2582,중랑구청 교통행정과,2024-07-23,I,2026-05-15 18:45:05,2024-07-29 16:34:28
3060000,202430600000300266,망우청소년수련관,서울특별시 중랑구 송림길156,서울특별시 중랑구 망우동241-2,37.60622114,127.1088391,40,,거치형,,N,,N,02-2094-2582,중랑구청 교통행정과,2024-07-23,I,2026-05-15 18:45:05,2024-07-29 16:34:28
3060000,202430600000300190,중화1동 우체국앞,서울특별시 중랑구 동일로784,서울특별시 중랑구 중화동288-2,37.60052004,127.0800094,18,,거치형,,N,,N,02-2094-2582,중랑구청 교통행정과,2024-07-23,I,2026-05-15 18:45:05,2024-07-29 16:34:28
3060000,202430600000300216,중화중학교,서울특별시 중랑구 용마산로364,서울특별시 중랑구 면목동83,37.58450379,127.0945608,20,,거치형,,N,,N,02-2094-2582,중랑구청 교통행정과,2024-07-23,I,2026-05-15 18:45:05,2024-07-29 16:34:28
3060000,202430600000300203,화랑대역7번출구 맞은편,서울특별시 중랑구 화랑로510,서울특별시 중랑구 묵동285-2,37.619761,127.084721,8,,거치형,,Y,기계식,N,02-2094-2582,중랑구청 교통행정과,2024-07-23,I,2026-05-15 18:45:05,2024-07-29 16:34:28
3060000,202430600000300233,중화역4번출구,서울특별시 중랑구 동일로797,서울특별시 중랑구 중화동50-3,37.6015797,127.0794692,25,,거치형,,N,,N,02-2094-2582,중랑구청 교통행정과,2024-07-23,I,2026-05-15 18:45:05,2024-07-29 16:34:28
3060000,202430600000300240,상봉1동 정오교통,서울특별시 중랑구 망우로259,서울특별시 중랑구 상봉동116-27,37.59581997,127.0811426,15,,거치형,,N,,N,02-2094-2582,중랑구청 교통행정과,2024-07-23,I,2026-05-15 18:45:05,2024-07-29 16:34:28
3060000,202430600000300229,상봉2동 메가박스상봉점앞,서울특별시 중랑구 망우로346,서울특별시 중랑구 상봉동81-5,37.59745248,127.0913696,40,,거치형,,N,,N,02-2094-2582,중랑구청 교통행정과,2024-07-23,I,2026-05-15 18:45:05,2024-07-29 16:34:28
3060000,202430600000300212,신현중학교,서울특별시 중랑구 봉화산로162,서울특별시 중랑구 상봉동483,37.60446458,127.0915328,50,,거치형,,Y,기계식,N,02-2094-2582,중랑구청 교통행정과,2024-07-23,I,2026-05-15 18:45:05,2024-07-29 16:34:28
3060000,202430600000300195,화랑대역6번출구,서울특별시 중랑구 화랑로510,서울특별시 중랑구 묵동285-2,37.619664,127.085424,40,,거치형,,N,,N,02-2094-2582,중랑구청 교통행정과,2024-07-23,I,2026-05-15 18:45:05,2024-07-29 16:34:28
3060000,202430600000300184,상봉2동 주민센터,서울특별시 중랑구 동일로114길10,서울특별시 중랑구 상봉동126,37.59289195,127.0808518,8,,거치형,,N,,N,02-2094-2582,중랑구청 교통행정과,2024-07-23,I,2026-05-15 18:45:05,2024-07-29 16:34:28
3060000,202430600000300194,사가정역4번출구,서울특별시 중랑구 사가정로393,서울특별시 중랑구 면목동495,37.58079455,127.0884391,14,,거치형,,N,,N,02-2094-2582,중랑구청 교통행정과,2024-07-23,I,2026-05-15 18:45:05,2024-07-29 16:34:28
3060000,202430600000300338,중화역1번출구,서울특별시 중랑구 동일로797,서울특별시 중랑구 중화동50-3,37.6015797,127.0794692,9,,거치형,,N,,N,02-2094-2582,중랑구청 교통행정과,2024-07-23,I,2026-05-15 18:45:05,2024-07-29 16:34:28
3060000,202430600000300199,먹골역2번출구 승강기앞,서울특별시 중랑구 동일로901,서울특별시 중랑구 묵동189-5,37.61062506,127.0777648,5,,거치형,,N,,N,02-2094-2582,중랑구청 교통행정과,2024-07-23,I,2026-05-15 18:45:05,2024-07-29 16:34:28
3060000,202430600000300185,망우역 3번 출구,서울특별시 중랑구 망우로55길11-10,서울특별시 중랑구 상봉동172,37.59928762,127.0927566,20,,거치형,,N,,N,02-2094-2582,중랑구청 교통행정과,2024-07-23,I,2026-05-15 18:45:05,2024-07-29 16:34:28
3060000,202430600000300188,중화동 제일프라자,서울특별시 중랑구 동일로143길19,서울특별시 중랑구 중화동307-1,37.60500676,127.0776206,20,,거치형,,N,,N,02-2094-2582,중랑구청 교통행정과,2024-07-23,I,2026-05-15 18:45:05,2024-07-29 16:34:28
3060000,202430600000300331,중화1동 중화치안센터앞,서울특별시 중랑구 동일로792,서울특별시 중랑구 중화동287-8,37.60116006,127.0798144,15,,거치형,,N,,N,02-2094-2582,중랑구청 교통행정과,2024-07-23,I,2026-05-15 18:45:05,2024-07-29 16:34:28
3060000,202430600000300279,면목2동 KT중랑지사앞,서울특별시 중랑구 면목로55길29,서울특별시 중랑구 면목동566-39,37.58417191,127.0866447,15,,거치형,,N,,N,02-2094-2582,중랑구청 교통행정과,2024-07-23,I,2026-05-15 18:45:05,2024-07-29 16:34:28
3060000,202430600000300345,중화중학교옆 공터앞,서울특별시 중랑구 용마산로364,서울특별시 중랑구 면목동83,37.58450379,127.0945608,39,,거치형,,N,,N,02-2094-2582,중랑구청 교통행정과,2024-07-23,I,2026-05-15 18:45:05,2024-07-29 16:34:29
3060000,202430600000300300,배스킨라빈스 중랑구청점,서울특별시 중랑구 신내로71,서울특별시 중랑구 신내동559-2,37.60554852,127.0951102,15,,거치형,,N,,N,02-2094-2582,중랑구청 교통행정과,2024-07-23,I,2026-05-15 18:45:05,2024-07-29 16:34:28
3060000,202430600000300201,송곡여자중학교,서울특별시 중랑구 양원역로50,서울특별시 중랑구 망우동239-1,37.60584544,127.1064637,15,,거치형,,N,,N,02-2094-2582,중랑구청 교통행정과,2024-07-23,I,2026-05-15 18:45:05,2024-07-29 16:34:28
3060000,202430600000300348,중랑구 환경교육센터,서울특별시 중랑구 용마산로 697,서울특별시 신내동 315-9,37.61350918,127.1005575,10,,거치형,,N,,N,02-2094-2582,중랑구청 교통행정과,2024-07-23,I,2026-05-15 18:45:05,2024-07-29 16:34:29
3060000,202430600000300298,상봉중학교,서울특별시 중랑구 상봉중앙로8나길28,서울특별시 중랑구 상봉동282,37.60152799,127.0901246,50,,거치형,,N,,N,02-2094-2582,중랑구청 교통행정과,2024-07-23,I,2026-05-15 18:45:05,2024-07-29 16:34:28
3060000,202530600000300001,월릉교 장미공연장,,서울특별시 중랑구 묵동 374-4,37.614944,127.072042,15,,거치형,,N,,N,02-2094-2582,중랑구청 교통행정과,2025-10-23,I,2026-05-15 18:45:05,2025-10-23 09:19:33
3060000,202430600000300175,신안아파트 건너편(태릉중 인근),서울특별시 중랑구 공릉로2길 56-15,,37.61143912,127.08135,6,,거치형,,N,,N,02-2094-2582,중랑구청 교통행정과,2024-07-23,I,2026-05-15 18:45:05,2024-07-29 16:34:28
3060000,202430600000300340,"상봉역2,3번출구사이",서울특별시 중랑구 망우로297,서울특별시 중랑구 상봉동100-46,37.59671378,127.0854368,24,,거치형,,N,,N,02-2094-2582,중랑구청 교통행정과,2024-07-23,I,2026-05-15 18:45:05,2024-07-29 16:34:29
3060000,202430600000300330,중랑중학교,서울특별시 중랑구 동일로140길33,서울특별시 중랑구 중화동279-1,37.60535089,127.0807928,90,,거치형,,N,,N,02-2094-2582,중랑구청 교통행정과,2024-07-23,I,2026-05-15 18:45:05,2024-07-29 16:34:28
3060000,202430600000300248,신내차량기지,서울특별시 중랑구 신내역로20,서울특별시 중랑구 망우동320,37.61279053,127.103222,90,,거치형,,N,,N,02-2094-2582,중랑구청 교통행정과,2024-07-23,I,2026-05-15 18:45:05,2024-07-29 16:34:28
3060000,202430600000300282,구립청소년독서실,서울특별시 중랑구 봉우재로233,서울특별시 중랑구 망우동461-8,37.59555704,127.0987762,7,,거치형,,N,,N,02-2094-2582,중랑구청 교통행정과,2024-07-23,I,2026-05-15 18:45:05,2024-07-29 16:34:28
3060000,202430600000300223,사가정역1번출구,서울특별시 중랑구 사가정로393,서울특별시 중랑구 면목동495,37.58079455,127.0884391,10,,거치형,,Y,기계식,N,02-2094-2582,중랑구청 교통행정과,2024-07-23,I,2026-05-15 18:45:05,2024-07-29 16:34:28
3060000,202430600000300253,사가정역1번출구2,서울특별시 중랑구 사가정로393,서울특별시 중랑구 면목동495,37.58079455,127.0884391,5,,거치형,,N,,N,02-2094-2582,중랑구청 교통행정과,2024-07-23,I,2026-05-15 18:45:05,2024-07-29 16:34:28
3060000,202430600000300328,중화역3번출구,서울특별시 중랑구 동일로797,서울특별시 중랑구 중화동50-3,37.6015797,127.0794692,25,,거치형,,N,,N,02-2094-2582,중랑구청 교통행정과,2024-07-23,I,2026-05-15 18:45:05,2024-07-29 16:34:28
3060000,202430600000300254,사가정역1번출구1,서울특별시 중랑구 사가정로393,서울특별시 중랑구 면목동495,37.58079455,127.0884391,10,,거치형,,N,,N,02-2094-2582,중랑구청 교통행정과,2024-07-23,I,2026-05-15 18:45:05,2024-07-29 16:34:28
3060000,202430600000300217,태릉중학교,서울특별시 중랑구 공릉로2길 60-25,서울특별시 중랑구 묵동121-278,37.61253191,127.0834355,28,,거치형,,N,,N,02-2094-2582,중랑구청 교통행정과,2024-07-23,I,2026-05-15 18:45:05,2024-07-29 16:34:28
3060000,202430600000300296,동원중학교,서울특별시 중랑구 양원역로32,서울특별시 중랑구 망우동85-3,37.60382264,127.1094981,60,,거치형,,N,,N,02-2094-2582,중랑구청 교통행정과,2024-07-23,I,2026-05-15 18:45:05,2024-07-29 16:34:28
3060000,202430600000300178,구청사거리,서울특별시 중랑구 봉화산로194,서울특별시 중랑구 신내동666,37.60645263,127.094707,15,,거치형,,N,,N,02-2094-2582,중랑구청 교통행정과,2024-07-23,I,2026-05-15 18:45:05,2024-07-29 16:34:28
3060000,202430600000300274,원묵고등학교,서울특별시 중랑구 숙선옹주로82,서울특별시 중랑구 묵동23,37.61523231,127.0855078,80,,거치형,,Y,기계식,N,02-2094-2582,중랑구청 교통행정과,2024-07-23,I,2026-05-15 18:45:05,2024-07-29 16:34:28
3060000,202430600000300231,상봉2동 신한은행앞,서울특별시 중랑구 면목로460,서울특별시 중랑구 상봉동107-9,37.59301247,127.0866116,10,,거치형,,N,,N,02-2094-2582,중랑구청 교통행정과,2024-07-23,I,2026-05-15 18:45:05,2024-07-29 16:34:28
3060000,202430600000300177,중랑구청 신한은행 맞은편,서울특별시 중랑구 봉화산로194,서울특별시 중랑구 신내동666,37.60645263,127.094707,14,,거치형,,N,,N,02-2094-2582,중랑구청 교통행정과,2024-07-23,I,2026-05-15 18:45:05,2024-07-29 16:34:28
3060000,202430600000300310,봉화산역4번출구,서울특별시 중랑구 신내로232,서울특별시 중랑구 신내동643-1,37.61765376,127.0907581,5,,거치형,,N,,N,02-2094-2582,중랑구청 교통행정과,2024-07-23,I,2026-05-15 18:45:05,2024-07-29 16:34:28
3060000,202530600000300003,양원역 2번 출구,,서울특별시 중랑구 망우동 253,37.606326,127.107452,5,,,N,N,,N,02-2094-2582,중랑구청 교통행정과,2025-10-23,I,2026-05-15 18:45:05,2025-10-23 09:22:47
3060000,202430600000300347,중랑구민회관,서울특별시 중랑구 면목로238,서울특별시 중랑구 면목동378-8,37.57395395,127.0851055,14,,거치형,,N,,N,02-2094-2582,중랑구청 교통행정과,2024-07-23,I,2026-05-15 18:45:05,2024-07-29 16:34:29
3060000,202430600000300205,중화역1번출구,서울특별시 중랑구 동일로797,서울특별시 중랑구 중화동50-3,37.6015797,127.0794692,25,,거치형,,N,,N,02-2094-2582,중랑구청 교통행정과,2024-07-23,I,2026-05-15 18:45:05,2024-07-29 16:34:28
3060000,202430600000300207,용마산역1번출구,서울특별시 중랑구 용마산로227,서울특별시 중랑구 면목동1316-5,37.57403021,127.0870381,5,,거치형,,N,,N,02-2094-2582,중랑구청 교통행정과,2024-07-23,I,2026-05-15 18:45:05,2024-07-29 16:34:28
3060000,202430600000300197,묵2동 산성교회앞,서울특별시 중랑구 동일로855,서울특별시 중랑구 묵동245-8,37.60683851,127.0781154,6,,거치형,,Y,기계식,N,02-2094-2582,중랑구청 교통행정과,2024-07-23,I,2026-05-15 18:45:05,2024-07-29 16:34:28
3060000,202430600000300322,상봉2동주민센터,서울특별시 중랑구 동일로114길10,서울특별시 중랑구 상봉동126,37.59289195,127.0808518,10,,거치형,,N,,N,02-2094-2582,중랑구청 교통행정과,2024-07-23,I,2026-05-15 18:45:05,2024-07-29 16:34:28
3060000,202530600000300005,먹골역 7번 출구,,서울특별시 중랑구 묵동 189-5,37.611751,127.077398,8,,거치형,N,N,,N,02-2094-2582,중랑구청 교통행정과,2025-10-23,I,2026-05-15 18:45:05,2025-10-23 09:28:55
3060000,202430600000300329,중화역2번출구,서울특별시 중랑구 동일로797,서울특별시 중랑구 중화동50-3,37.6015797,127.0794692,22,,거치형,,Y,기계식,N,02-2094-2582,중랑구청 교통행정과,2024-07-23,I,2026-05-15 18:45:05,2024-07-29 16:34:28
3060000,202430600000300280,면목4동주민센터,서울특별시 중랑구 면목로246,서울특별시 중랑구 면목동378-9,37.57470151,127.0856085,10,,거치형,,N,,N,02-2094-2582,중랑구청 교통행정과,2024-07-23,I,2026-05-15 18:45:05,2024-07-29 16:34:28
3060000,202430600000300183,망우3동 주민센터,서울특별시 중랑구 겸재로61길40,서울특별시 중랑구 망우동529-2,37.59189966,127.0949182,5,,거치형,,N,,N,02-2094-2582,중랑구청 교통행정과,2024-07-23,I,2026-05-15 18:45:05,2024-07-29 16:34:28
3060000,202430600000300219,사가정역,서울특별시 중랑구 사가정로393,서울특별시 중랑구 면목동495,37.58079455,127.0884391,25,,거치형,,N,,N,02-2094-2582,중랑구청 교통행정과,2024-07-23,I,2026-05-15 18:45:05,2024-07-29 16:34:28
3060000,202430600000300272,서일대학교,서울특별시 중랑구 용마산로90길28,서울특별시 중랑구 면목동49-3,37.5860828,127.0972033,40,,거치형,,Y,기계식,N,02-2094-2582,중랑구청 교통행정과,2024-07-23,I,2026-05-15 18:45:05,2024-07-29 16:34:28
3060000,202430600000300289,중랑역2번출구,서울특별시 중랑구 중랑역로9,서울특별시 중랑구 중화동73-7,37.5948241,127.075729,60,,거치형,,Y,기계식,N,02-2094-2582,중랑구청 교통행정과,2024-07-23,I,2026-05-15 18:45:05,2024-07-29 16:34:28
3060000,202430600000300277,한국전력공사 동대문중랑지사,서울특별시 중랑구 동일로862,서울특별시 중랑구 묵동181-4,37.60746881,127.079243,10,,거치형,,N,,N,02-2094-2582,중랑구청 교통행정과,2024-07-23,I,2026-05-15 18:45:05,2024-07-29 16:34:28
3060000,202530600000300004,중화역 2번 출구,,서울특별시 중랑구 중화동 286-26,37.601648,127.079708,23,,거치형,N,N,,N,02-2094-2582,중랑구청 교통행정과,2025-10-23,I,2026-05-15 18:45:05,2025-10-23 09:26:23
3060000,202430600000300278,신내1동 KT신내지점앞,서울특별시 중랑구 신내로202,서울특별시 중랑구 신내동641,37.61659175,127.0940067,15,,거치형,,N,,N,02-2094-2582,중랑구청 교통행정과,2024-07-23,I,2026-05-15 18:45:05,2024-07-29 16:34:28
3060000,202430600000300225,사가정역1번출구,서울특별시 중랑구 사가정로393,서울특별시 중랑구 면목동495,37.58079455,127.0884391,7,,거치형,,N,,N,02-2094-2582,중랑구청 교통행정과,2024-07-23,I,2026-05-15 18:45:05,2024-07-29 16:34:28
3060000,202430600000300305,상봉1동주민센터,서울특별시 중랑구 상봉중앙로 1길 6,서울특별시 중랑구 상봉동204-1,37.59983752,127.0871613,5,,거치형,,N,,N,02-2094-2582,중랑구청 교통행정과,2024-07-23,I,2026-05-15 18:45:05,2024-07-29 16:34:28
3060000,202430600000300244,수협중화동지점앞2,서울특별시 중랑구 동일로843,서울특별시 중랑구 묵동250-41,37.60565832,127.078368,12,,거치형,,N,,N,02-2094-2582,중랑구청 교통행정과,2024-07-23,I,2026-05-15 18:45:05,2024-07-29 16:34:28
3060000,202430600000300259,상봉역3번출구,서울특별시 중랑구 망우로297,서울특별시 중랑구 상봉동100-46,37.59671378,127.0854368,40,,거치형,,N,,N,02-2094-2582,중랑구청 교통행정과,2024-07-23,I,2026-05-15 18:45:05,2024-07-29 16:34:28
3060000,202430600000300284,중화중학교앞,서울특별시 중랑구 용마산로364,서울특별시 중랑구 면목동83,37.58450379,127.0945608,5,,거치형,,N,,N,02-2094-2582,중랑구청 교통행정과,2024-07-23,I,2026-05-15 18:45:05,2024-07-29 16:34:28
3060000,202430600000300285,구립신내노인종합복지관앞,서울특별시 중랑구 신내로15길 175,서울특별시 중랑구 신내동771-1,37.61481251,127.0878892,20,,거치형,,N,,N,02-2094-2582,중랑구청 교통행정과,2024-07-23,I,2026-05-15 18:45:05,2024-07-29 16:34:28
3060000,202430600000300238,신내9단지아파트,서울특별시 중랑구 신내로127,서울특별시 중랑구 신내동657,37.61086744,127.0956519,50,,거치형,,N,,N,02-2094-2582,중랑구청 교통행정과,2024-07-23,I,2026-05-15 18:45:05,2024-07-29 16:34:28
3060000,202430600000300250,중화역3번출구,서울특별시 중랑구 동일로797,서울특별시 중랑구 중화동50-3,37.6015797,127.0794692,15,,거치형,,N,,N,02-2094-2582,중랑구청 교통행정과,2024-07-23,I,2026-05-15 18:45:05,2024-07-29 16:34:28
3060000,202430600000300208,사가정역4번출구,서울특별시 중랑구 사가정로393,서울특별시 중랑구 면목동495,37.58079455,127.0884391,4,,거치형,,Y,기계식,N,02-2094-2582,중랑구청 교통행정과,2024-07-23,I,2026-05-15 18:45:05,2024-07-29 16:34:28
3060000,202430600000300319,"중랑역 1,4번출구사이",서울특별시 중랑구 중랑역로9,서울특별시 중랑구 중화동73-7,37.5948241,127.075729,150,,거치형,,Y,기계식,N,02-2094-2582,중랑구청 교통행정과,2024-07-23,I,2026-05-15 18:45:05,2024-07-29 16:34:28
3060000,202430600000300258,태릉고등학교,서울특별시 중랑구 신내로23길36,서울특별시 중랑구 묵동6,37.61916383,127.0855576,100,,거치형,,Y,기계식,N,02-2094-2582,중랑구청 교통행정과,2024-07-23,I,2026-05-15 18:45:05,2024-07-29 16:34:28
3060000,202430600000300269,상봉역 삼성서비스센터 앞,서울특별시 중랑구 면목로407,서울특별시 중랑구 면목동282-6,37.5883849,127.0875678,40,,거치형,,Y,기계식,N,02-2094-2582,중랑구청 교통행정과,2024-07-23,I,2026-05-15 18:45:05,2024-07-29 16:34:28
3060000,202430600000300204,중화역4번출구,서울특별시 중랑구 동일로797,서울특별시 중랑구 중화동50-3,37.6015797,127.0794692,32,,거치형,,N,,N,02-2094-2582,중랑구청 교통행정과,2024-07-23,I,2026-05-15 18:45:05,2024-07-29 16:34:28
3060000,202430600000300221,사가정역,서울특별시 중랑구 사가정로393,서울특별시 중랑구 면목동495,37.58079455,127.0884391,25,,거치형,,N,,N,02-2094-2582,중랑구청 교통행정과,2024-07-23,I,2026-05-15 18:45:05,2024-07-29 16:34:28
3060000,202430600000300222,상봉역2번출구,서울특별시 중랑구 망우로297,서울특별시 중랑구 상봉동100-46,37.59671378,127.0854368,10,,거치형,,N,,N,02-2094-2582,중랑구청 교통행정과,2024-07-23,I,2026-05-15 18:45:05,2024-07-29 16:34:28
3060000,202430600000300261,중화2동 로얄스포츠센터앞,서울특별시 중랑구 망우로247,서울특별시 중랑구 중화동207,37.59532179,127.0795771,25,,거치형,,Y,기계식,N,02-2094-2582,중랑구청 교통행정과,2024-07-23,I,2026-05-15 18:45:05,2024-07-29 16:34:28
3060000,202430600000300312,중화고등학교,서울특별시 중랑구 봉화산로27길62,서울특별시 중랑구 중화동21-4,37.60481461,127.0836541,20,,거치형,,Y,기계식,N,02-2094-2582,중랑구청 교통행정과,2024-07-23,I,2026-05-15 18:45:05,2024-07-29 16:34:28
3060000,202430600000300302,중화수경공원 옆,서울특별시 중랑구 중화동381-3,서울특별시 중랑구 중화동381-3,37.6034084,127.0739177,60,,거치형,,N,,N,02-2094-2582,중랑구청 교통행정과,2024-07-23,I,2026-05-15 18:45:05,2024-07-29 16:34:28
3060000,202430600000300287,망우본동 공영주차장,서울특별시 중랑구 망우동463-8,서울특별시 중랑구 망우동463-8,37.59651809,127.0981509,42,,거치형,,Y,기계식,N,02-2094-2582,중랑구청 교통행정과,2024-07-23,I,2026-05-15 18:45:05,2024-07-29 16:34:28
3060000,202430600000300275,서일대학교,서울특별시 중랑구 용마산로90길28,서울특별시 중랑구 면목동49-3,37.5860828,127.0972033,10,,거치형,,Y,기계식,N,02-2094-2582,중랑구청 교통행정과,2024-07-23,I,2026-05-15 18:45:05,2024-07-29 16:34:28
3060000,202430600000300337,면목2동 겸재보도육교 앞,,서울특별시 중랑구 면목동,37.585464,127.074592,26,,거치형,,N,,N,02-2094-2582,중랑구청 교통행정과,2024-07-23,I,2026-05-15 18:45:05,2024-07-29 16:34:28
3060000,202430600000300237,면목역1번출구,서울특별시 중랑구 면목로407,서울특별시 중랑구 면목동282-6,37.5883849,127.0875678,10,,거치형,,N,,N,02-2094-2582,중랑구청 교통행정과,2024-07-23,I,2026-05-15 18:45:05,2024-07-29 16:34:28
3060000,202430600000300336,면목5동 나을약국앞,서울특별시 중랑구 동일로 608,서울특별시 중랑구 면목동161-34,37.58464368,127.0801248,15,,거치형,,N,,N,02-2094-2582,중랑구청 교통행정과,2024-07-23,I,2026-05-15 18:45:05,2024-07-29 16:34:28
3060000,202430600000300234,중화역3번출구,서울특별시 중랑구 동일로797,서울특별시 중랑구 중화동50-3,37.6015797,127.0794692,5,,거치형,,N,,N,02-2094-2582,중랑구청 교통행정과,2024-07-23,I,2026-05-15 18:45:05,2024-07-29 16:34:28
3060000,202430600000300206,용마산역3번출구,서울특별시 중랑구 용마산로227,서울특별시 중랑구 면목동1316-5,37.57403021,127.0870381,20,,거치형,,N,,N,02-2094-2582,중랑구청 교통행정과,2024-07-23,I,2026-05-15 18:45:05,2024-07-29 16:34:28
3060000,202430600000300228,면목고등학교,서울특별시 중랑구 용마산로72길 36-14,서울특별시 중랑구 면목동77,37.58466341,127.0972706,20,,거치형,,Y,기계식,N,02-2094-2582,중랑구청 교통행정과,2024-07-23,I,2026-05-15 18:45:05,2024-07-29 16:34:28
3060000,202430600000300176,상봉역 7번 출구,서울특별시 중랑구 망우로297,서울특별시 중랑구 상봉동100-46,37.59671378,127.0854368,35,,거치형,,N,,N,02-2094-2582,중랑구청 교통행정과,2024-07-23,I,2026-05-15 18:45:05,2024-07-29 16:34:28
3060000,202430600000300180,망우역 1번 출구,서울특별시 중랑구 망우로55길11-10,서울특별시 중랑구 상봉동172,37.59928762,127.0927566,13,,거치형,,Y,기계식,N,02-2094-2583,중랑구청 교통행정과,2024-07-23,I,2026-05-15 18:45:05,2024-07-29 16:34:28
3060000,202430600000300335,면목동 대우빌딩앞,서울특별시 중랑구 겸재로226-3,서울특별시 중랑구 면목동72-36,37.58938645,127.0929721,10,,거치형,,N,,N,02-2094-2582,중랑구청 교통행정과,2024-07-23,I,2026-05-15 18:45:05,2024-07-29 16:34:28
3060000,202430600000300263,중화2동주민자치센터,서울특별시 중랑구 동일로129길1,서울특별시 중랑구 중화동301-1,37.59938385,127.0795426,5,,거치형,,N,,N,02-2094-2582,중랑구청 교통행정과,2024-07-23,I,2026-05-15 18:45:05,2024-07-29 16:34:28
3060000,202430600000300200,먹골역1번출구,서울특별시 중랑구 동일로901,서울특별시 중랑구 묵동189-5,37.61062506,127.0777648,6,,거치형,,Y,기계식,N,02-2094-2582,중랑구청 교통행정과,2024-07-23,I,2026-05-15 18:45:05,2024-07-29 16:34:28
3060000,202430600000300276,면목역3번출구(롯데리아),서울특별시 중랑구 면목로407,서울특별시 중랑구 면목동282-6,37.5883849,127.0875678,55,,거치형,,N,,N,02-2094-2582,중랑구청 교통행정과,2024-07-23,I,2026-05-15 18:45:05,2024-07-29 16:34:28
3060000,202430600000300236,상봉역8번출구,서울특별시 중랑구 망우로297,서울특별시 중랑구 상봉동100-46,37.59671378,127.0854368,15,,거치형,,Y,수동식,N,02-2094-2582,중랑구청 교통행정과,2024-07-23,I,2026-05-15 18:45:05,2024-07-29 16:34:28
3060000,202430600000300349,면목천로 어르신 쉼터,서울특별시 중랑구 면목천로 119,서울특별시 중랑구 면목동 1507-15,37.5873491,127.0837744,15,,거치형,,N,,N,02-2094-2582,중랑구청 교통행정과,2024-07-23,I,2026-05-15 18:45:05,2024-07-29 16:34:29
3060000,202430600000300245,수협중화동지점앞1,서울특별시 중랑구 동일로843,서울특별시 중랑구 묵동250-41,37.60565832,127.078368,15,,거치형,,N,,N,02-2094-2582,중랑구청 교통행정과,2024-07-23,I,2026-05-15 18:45:05,2024-07-29 16:34:28
3060000,202430600000300317,중랑소방서,서울특별시 중랑구 신내로183,서울특별시 중랑구 신내동644-2,37.6153857,127.0948865,20,,거치형,,N,,N,02-2094-2582,중랑구청 교통행정과,2024-07-23,I,2026-05-15 18:45:05,2024-07-29 16:34:28
3060000,202430600000300307,망우본동주민센터,서울특별시 중랑구 망우로67길 10,서울특별시 중랑구 망우동340-17,37.60056056,127.1014853,10,,거치형,,N,,N,02-2094-2582,중랑구청 교통행정과,2024-07-23,I,2026-05-15 18:45:05,2024-07-29 16:34:28
3060000,202430600000300291,먹골역4번출구,서울특별시 중랑구 동일로901,서울특별시 중랑구 묵동189-5,37.61062506,127.0777648,5,,거치형,,Y,기계식,N,02-2094-2582,중랑구청 교통행정과,2024-07-23,I,2026-05-15 18:45:05,2024-07-29 16:34:28
3060000,202430600000300211,먹골역3번출구,서울특별시 중랑구 동일로901,서울특별시 중랑구 묵동189-5,37.61062506,127.0777648,10,,거치형,,N,,N,02-2094-2582,중랑구청 교통행정과,2024-07-23,I,2026-05-15 18:45:05,2024-07-29 16:34:28
3060000,202430600000300311,망우역1번출구,서울특별시 중랑구 망우로55길11-10,서울특별시 중랑구 상봉동172,37.59928762,127.0927566,10,,거치형,,Y,기계식,N,02-2094-2582,중랑구청 교통행정과,2024-07-23,I,2026-05-15 18:45:05,2024-07-29 16:34:28
3060000,202430600000300235,"중랑역사및1,4번출구사이",서울특별시 중랑구 중랑역로9,서울특별시 중랑구 중화동73-7,37.5948241,127.075729,90,,거치형,,N,,N,02-2094-2582,중랑구청 교통행정과,2024-07-23,I,2026-05-15 18:45:05,2024-07-29 16:34:28
3060000,202430600000300215,사가정역4번출구,서울특별시 중랑구 사가정로393,서울특별시 중랑구 면목동495,37.58079455,127.0884391,5,,거치형,,N,,N,02-2094-2582,중랑구청 교통행정과,2024-07-23,I,2026-05-15 18:45:05,2024-07-29 16:34:28
3060000,202430600000300283,원묵초등학교,서울특별시 중랑구 숙선옹주로109,서울특별시 중랑구 묵동11,37.61774881,127.0868142,10,,거치형,,N,,N,02-2094-2582,중랑구청 교통행정과,2024-07-23,I,2026-05-15 18:45:05,2024-07-29 16:34:28
3060000,202430600000300306,면목2동주민센터,서울특별시 중랑구 동일로101길20-15,서울특별시 중랑구 면목동180-8,37.58977313,127.0790295,10,,거치형,,N,,N,02-2094-2582,중랑구청 교통행정과,2024-07-23,I,2026-05-15 18:45:05,2024-07-29 16:34:28
3060000,202430600000300324,신내2동 신아타운앞,서울특별시 중랑구 봉화산로194,서울특별시 중랑구 신내동666,37.60645263,127.094707,5,,거치형,,N,,N,02-2094-2582,중랑구청 교통행정과,2024-07-23,I,2026-05-15 18:45:05,2024-07-29 16:34:28
3060000,202430600000300213,중화역1번출구주변,서울특별시 중랑구 동일로797,서울특별시 중랑구 중화동50-3,37.6015797,127.0794692,5,,거치형,,N,,N,02-2094-2582,중랑구청 교통행정과,2024-07-23,I,2026-05-15 18:45:05,2024-07-29 16:34:28
3060000,202430600000300341,중목초등학교앞,서울특별시 중랑구 동일로665,서울특별시 중랑구 면목동180-5,37.59008735,127.0793732,40,,거치형,,N,,N,02-2094-2582,중랑구청 교통행정과,2024-07-23,I,2026-05-15 18:45:05,2024-07-29 16:34:29
3060000,202430600000300242,봉화산역2번출구,서울특별시 중랑구 신내로232,서울특별시 중랑구 신내동643-1,37.61765376,127.0907581,20,,거치형,,Y,기계식,N,02-2094-2582,중랑구청 교통행정과,2024-07-23,I,2026-05-15 18:45:05,2024-07-29 16:34:28
3060000,202430600000300339,용마산역3번출구,서울특별시 중랑구 용마산로227,서울특별시 중랑구 면목동1316-5,37.57403021,127.0870381,5,,거치형,,N,,N,02-2094-2582,중랑구청 교통행정과,2024-07-23,I,2026-05-15 18:45:05,2024-07-29 16:34:29
3060000,202430600000300270,면목역1번출구,서울특별시 중랑구 면목로407,서울특별시 중랑구 면목동282-6,37.5883849,127.0875678,6,,거치형,,N,,N,02-2094-2582,중랑구청 교통행정과,2024-07-23,I,2026-05-15 18:45:05,2024-07-29 16:34:28
3060000,202430600000300344,상봉동 대상빌딩,서울특별시 중랑구 면목로470,서울특별시 중랑구 상봉동107-6,37.59366574,127.0866622,18,,거치형,,N,,N,02-2094-2582,중랑구청 교통행정과,2024-07-23,I,2026-05-15 18:45:05,2024-07-29 16:34:29
3060000,202430600000300318,면목본동주민센터,서울특별시 중랑구 면목로397,서울특별시 중랑구 면목동115-18,37.58735561,127.0875552,15,,거치형,,Y,기계식,N,02-2094-2582,중랑구청 교통행정과,2024-07-23,I,2026-05-15 18:45:05,2024-07-29 16:34:28
3060000,202430600000300290,먹골역7번출구,서울특별시 중랑구 동일로901,서울특별시 중랑구 묵동189-5,37.61062506,127.0777648,23,,거치형,,N,,N,02-2094-2582,중랑구청 교통행정과,2024-07-23,I,2026-05-15 18:45:05,2024-07-29 16:34:28
3060000,202430600000300186,화랑대 e편한세상 아파트 정문,서울특별시 중랑구 숙선옹주로45,서울특별시 중랑구 묵동396,37.61570769,127.0827092,6,,거치형,,N,,N,02-2094-2582,중랑구청 교통행정과,2024-07-23,I,2026-05-15 18:45:05,2024-07-29 16:34:28
3060000,202430600000300230,상봉2동 동부시장입구,서울특별시 중랑구 면목로407,서울특별시 중랑구 면목동282-6,37.5883849,127.0875678,20,,거치형,,Y,기계식,N,02-2094-2582,중랑구청 교통행정과,2024-07-23,I,2026-05-15 18:45:05,2024-07-29 16:34:28
3060000,202430600000300281,면목5동주민센터,서울특별시 중랑구 동일로619,서울특별시 중랑구 면목동175-18,37.58575279,127.0794745,25,,거치형,,N,,N,02-2094-2582,중랑구청 교통행정과,2024-07-23,I,2026-05-15 18:45:05,2024-07-29 16:34:28
3060000,202430600000300309,봉화산역4번출구,서울특별시 중랑구 신내로232,서울특별시 중랑구 신내동643-1,37.61765376,127.0907581,20,,거치형,,N,,N,02-2094-2582,중랑구청 교통행정과,2024-07-23,I,2026-05-15 18:45:05,2024-07-29 16:34:28
3060000,202430600000300343,먹골역5번출구,서울특별시 중랑구 동일로901,서울특별시 중랑구 묵동189-5,37.61062506,127.0777648,25,,거치형,,N,,N,02-2094-2582,중랑구청 교통행정과,2024-07-23,I,2026-05-15 18:45:05,2024-07-29 16:34:29
3060000,202430600000300295,영란여자중학교,서울특별시 중랑구 망우로73길56,서울특별시 중랑구 망우동220,37.6031324,127.1053324,20,,거치형,,N,,N,02-2094-2582,중랑구청 교통행정과,2024-07-23,I,2026-05-15 18:45:05,2024-07-29 16:34:28
3060000,202430600000300325,화랑대역5번출구,서울특별시 중랑구 화랑로510,서울특별시 중랑구 묵동285-2,37.619917,127.085981,20,,거치형,,Y,기계식,N,02-2094-2582,중랑구청 교통행정과,2024-07-23,I,2026-05-15 18:45:05,2024-07-29 16:34:28
3060000,202430600000300293,혜원여자중학교,서울특별시 중랑구 봉우재로58길39,서울특별시 중랑구 망우동519,37.59327987,127.0970427,20,,거치형,,Y,기계식,N,02-2094-2582,중랑구청 교통행정과,2024-07-23,I,2026-05-15 18:45:05,2024-07-29 16:34:28
3060000,202430600000300301,면목동 생명중앙교회 앞,서울특별시 중랑구 용마산로70길15-20,서울특별시 중랑구 면목동1075-62,37.58164883,127.0954373,5,,거치형,,N,,N,02-2094-2582,중랑구청 교통행정과,2024-07-23,I,2026-05-15 18:45:05,2024-07-29 16:34:28
3060000,202430600000300271,장안중학교,서울특별시 중랑구 동일로780,서울특별시 중랑구 중화동288-26,37.60077444,127.0809965,40,,거치형,,Y,기계식,N,02-2094-2582,중랑구청 교통행정과,2024-07-23,I,2026-05-15 18:45:05,2024-07-29 16:34:28
3060000,202430600000300260,신내1동 원광장애인복지관 앞,서울특별시 중랑구 신내로56,서울특별시 중랑구 신내동572-2,37.60447047,127.0959157,10,,거치형,,N,,N,02-2094-2582,중랑구청 교통행정과,2024-07-23,I,2026-05-15 18:45:05,2024-07-29 16:34:28
3060000,202430600000300304,중랑경찰서,서울특별시 중랑구  신내역로 3길 40-10,서울특별시 중랑구 신내동810,37.61825428,127.1044681,10,,거치형,,Y,기계식,N,02-2094-2582,중랑구청 교통행정과,2024-07-23,I,2026-05-15 18:45:05,2024-07-29 16:34:28
3060000,202430600000300251,사가정역3번출구,서울특별시 중랑구 사가정로393,서울특별시 중랑구 면목동495,37.58079455,127.0884391,30,,거치형,,N,,N,02-2094-2582,중랑구청 교통행정과,2024-07-23,I,2026-05-15 18:45:05,2024-07-29 16:34:28
3060000,202430600000300202,한국교통,서울특별시 중랑구 신내로14길70,서울특별시 중랑구 신내동448-2,37.60535572,127.0994775,15,,거치형,,N,,N,02-2094-2582,중랑구청 교통행정과,2024-07-23,I,2026-05-15 18:45:05,2024-07-29 16:34:28
3060000,202430600000300227,면목고등학교,서울특별시 중랑구 용마산로72길 36-14,서울특별시 중랑구 면목동77,37.58466341,127.0972706,20,,거치형,,N,,N,02-2094-2582,중랑구청 교통행정과,2024-07-23,I,2026-05-15 18:45:05,2024-07-29 16:34:28
3060000,202430600000300268,사가정역3번출구,서울특별시 중랑구 사가정로393,서울특별시 중랑구 면목동495,37.58079455,127.0884391,10,,거치형,,Y,기계식,N,02-2094-2582,중랑구청 교통행정과,2024-07-23,I,2026-05-15 18:45:05,2024-07-29 16:34:28
3060000,202430600000300292,망우역2번출구,서울특별시 중랑구 망우로55길11-10,서울특별시 중랑구 상봉동172,37.59928762,127.0927566,80,,거치형,,Y,기계식,N,02-2094-2582,중랑구청 교통행정과,2024-07-23,I,2026-05-15 18:45:05,2024-07-29 16:34:28
3060000,202430600000300314,신현고등학교,서울특별시 중랑구 봉화산로174,서울특별시 중랑구 상봉동482,37.60524904,127.0929499,40,,거치형,,N,,N,02-2094-2582,중랑구청 교통행정과,2024-07-23,I,2026-05-15 18:45:05,2024-07-29 16:34:28
3060000,202430600000300299,신내2동 금강리빙스텔앞,서울특별시 중랑구 신내로211,서울특별시 중랑구 신내동646,37.61634963,127.0926682,20,,거치형,,N,,N,02-2094-2582,중랑구청 교통행정과,2024-07-23,I,2026-05-15 18:45:05,2024-07-29 16:34:28
3070000,202630700000300047,석관고등학교,서울특별시 성북구 한천로66길,,37.609168,127.066624,63,,,,N,,N,02-2241-3413,서울특별시 성북구청,2026-05-21,,2026-05-22 22:27:50,2026-05-21 15:46:18
3070000,202630700000300048,석관초등학교,,서울특별시 성북구 석관동 203-3,37.610383,127.059377,30,,,,Y,,N,02-2241-3413,서울특별시 성북구청,2026-05-21,,2026-05-22 22:27:50,2026-05-21 15:46:18
3070000,202630700000300085,일신초등학교 건너편 래미안아파트 앞,,서울특별시 성북구 종암동 1-77,37.598639,127.039681,91,,,,N,,N,02-2241-3413,서울특별시 성북구청,2026-05-21,,2026-05-22 22:27:51,2026-05-21 15:46:18
3070000,202630700000300086,종암로 상원약국 앞,,서울특별시 성북구 종암동 3-1237,37.600865,127.034404,7,,,,N,,N,02-2241-3413,서울특별시 성북구청,2026-05-21,,2026-05-22 22:27:51,2026-05-21 15:46:18
3070000,202630700000300001,아리랑어린이도서관,서울특별시 성북구 아리랑로 75,,37.5999,127.0134,10,,,,N,,N,02-2241-3413,서울특별시 성북구청,2026-05-21,,2026-05-22 22:27:50,2026-05-21 15:46:17
3070000,202630700000300002,이마트 하월곡동점 후문,서울특별시 성북구 종암로 167,,37.6052,127.0306,25,,,,N,,N,02-2241-3413,서울특별시 성북구청,2026-05-21,,2026-05-22 22:27:50,2026-05-21 15:46:17
3070000,202630700000300087,기업은행(종암동지점),,서울특별시 성북구 종암동 3-395,37.599782,127.034465,10,,,,N,,N,02-2241-3413,서울특별시 성북구청,2026-05-21,,2026-05-22 22:27:51,2026-05-21 15:46:18
3070000,202630700000300003,이마트 하월곡동점 정문,서울특별시 성북구 종암로 167,,37.6048,127.0314,40,,,,N,,N,02-2241-3413,서울특별시 성북구청,2026-05-21,,2026-05-22 22:27:50,2026-05-21 15:46:17
3070000,202630700000300004,경륜경정사업본부 성북지점,서울특별시 성북구 동소문로 300,,37.6064,127.0285,31,,,,N,,N,02-2241-3413,서울특별시 성북구청,2026-05-21,,2026-05-22 22:27:50,2026-05-21 15:46:17
3070000,202630700000300005,생명의전화종합사회복지관,서울특별시 성북구 오패산로 21,,37.604,127.0372,7,,,,N,,N,02-2241-3413,서울특별시 성북구청,2026-05-21,,2026-05-22 22:27:50,2026-05-21 15:46:17
3070000,202630700000300006,성북구보건소 앞,서울특별시 성북구 화랑로 63,,37.6026,127.0396,5,,,,N,,N,02-2241-3413,서울특별시 성북구청,2026-05-21,,2026-05-22 22:27:50,2026-05-21 15:46:17
3070000,202630700000300007,월곡 루나벨리아파트 공영주차장 앞,,서울특별시 성북구 하월곡동 33-1,37.6007,127.0409,25,,,,N,,N,02-2241-3413,서울특별시 성북구청,2026-05-21,,2026-05-22 22:27:50,2026-05-21 15:46:17
3070000,202630700000300008,삼성래미안라센트 아파트 버스정류장 옆,서울특별시 성북구 종암동 종암로24가길 80,,37.598,127.0394,30,,,,Y,,N,02-2241-3413,서울특별시 성북구청,2026-05-21,,2026-05-22 22:27:50,2026-05-21 15:46:17
3070000,202630700000300088,종암동 수협 앞,,서울특별시 성북구 종암동 69,37.598244,127.034042,14,,,,N,,N,02-2241-3413,서울특별시 성북구청,2026-05-21,,2026-05-22 22:27:51,2026-05-21 15:46:18
3070000,202630700000300050,서울사대부속고등학교,,서울특별시 성북구 종암동 8-249,37.593165,127.037011,85,,,,N,,N,02-2241-3413,서울특별시 성북구청,2026-05-21,,2026-05-22 22:27:50,2026-05-21 15:46:18
3070000,202630700000300059,석계초등학교 정문,,서울특별시 성북구 석관동 382-2,37.609087,127.070255,84,,,,N,,N,02-2241-3413,서울특별시 성북구청,2026-05-21,,2026-05-22 22:27:50,2026-05-21 15:46:18
3070000,202630700000300070,돌곶이역 6번출구,,서울특별시 성북구 석관동 242-2,37.610406,127.057521,29,,,,Y,,N,02-2241-3413,서울특별시 성북구청,2026-05-21,,2026-05-22 22:27:50,2026-05-21 15:46:18
3070000,202630700000300099,보문역 6번출구,,서울특별시 성북구 보문동1가 147-48,37.5851,127.0197,5,,,,N,,N,02-2241-3413,서울특별시 성북구청,2026-05-21,,2026-05-22 22:27:50,2026-05-21 15:46:18
3070000,202630700000300105,안암역 3번출구,,서울특별시 성북구 안암동 101-146,37.586192,127.029719,15,,,,N,,N,02-2241-3413,서울특별시 성북구청,2026-05-21,,2026-05-22 22:27:50,2026-05-21 15:46:18
3070000,202630700000300107,성신여대역 6번출구,서울특별시 성북구 동소문로 103-1,,37.592764,127.016984,5,,,,N,,N,02-2241-3413,서울특별시 성북구청,2026-05-21,,2026-05-22 22:27:50,2026-05-21 15:46:18
3070000,202630700000300071,돌곶이역 5번출구,,서울특별시 성북구 석관동 242-4,37.610929,127.057549,15,,,,N,,N,02-2241-3413,서울특별시 성북구청,2026-05-21,,2026-05-22 22:27:50,2026-05-21 15:46:18
3070000,202630700000300072,돌곶이역 2번출구,,서울특별시 성북구 장위동 64-135,37.611219,127.056482,8,,,,N,,N,02-2241-3413,서울특별시 성북구청,2026-05-21,,2026-05-22 22:27:50,2026-05-21 15:46:18
3070000,202630700000300073,돌곶이역 4번출구,,서울특별시 성북구 장위동 63-93,37.611131,127.057273,58,,,,Y,,N,02-2241-3413,서울특별시 성북구청,2026-05-21,,2026-05-22 22:27:50,2026-05-21 15:46:18
3070000,202630700000300074,남대문중학교 정문,,서울특별시 성북구 장위3동 134-25,37.618086,127.055469,81,,,,N,,N,02-2241-3413,서울특별시 성북구청,2026-05-21,,2026-05-22 22:27:50,2026-05-21 15:46:18
3070000,202630700000300075,동산어린이공원,,서울특별시 성북구 하월곡동 96-165,37.6062,127.0348,8,,,,N,,N,02-2241-3413,서울특별시 성북구청,2026-05-21,,2026-05-22 22:27:51,2026-05-21 15:46:18
3070000,202630700000300082,월곡역 2번출구(농협 앞),,서울특별시 성북구 월곡2동 29-117,37.602429,127.040909,64,,,,Y,,N,02-2241-3413,서울특별시 성북구청,2026-05-21,,2026-05-22 22:27:51,2026-05-21 15:46:18
3070000,202630700000300083,홈플러스,,서울특별시 성북구 하월곡동 32-3번지,37.601339,127.040905,20,,,,N,,N,02-2241-3413,서울특별시 성북구청,2026-05-21,,2026-05-22 22:27:51,2026-05-21 15:46:18
3070000,202630700000300084,월곡역 1번출구 (홈플러스 옆),,서울특별시 성북구 월곡2동 30-7,37.601709,127.041141,40,,,,Y,,N,02-2241-3413,서울특별시 성북구청,2026-05-21,,2026-05-22 22:27:51,2026-05-21 15:46:18
3070000,202630700000300108,성신여대역 2번출구,,서울특별시 성북구 동선동1가 1-33,37.592421,127.017061,21,,,,N,,N,02-2241-3413,서울특별시 성북구청,2026-05-21,,2026-05-22 22:27:50,2026-05-21 15:46:18
3070000,202630700000300109,성북구청 앞,서울특별시 성북구 보문로 168,,37.589411,127.016832,32,,,,Y,,N,02-2241-3413,서울특별시 성북구청,2026-05-21,,2026-05-22 22:27:50,2026-05-21 15:46:18
3070000,202630700000300110,성북초등학교 후문,서울특별시 성북구 성북로 102-10,,37.594052,126.998777,17,,,,N,,N,02-2241-3413,서울특별시 성북구청,2026-05-21,,2026-05-22 22:27:50,2026-05-21 15:46:18
3070000,202630700000300112,한성대역 6번출구,,서울특별시 성북구 동소문동1가 1-2,37.588694,127.006147,7,,,,N,,N,02-2241-3413,서울특별시 성북구청,2026-05-21,,2026-05-22 22:27:50,2026-05-21 15:46:18
3070000,202630700000300111,홍익중고등학교,,서울특별시 성북구 성북동 170-45,37.592514,127.002517,42,,,,N,,N,02-2241-3413,서울특별시 성북구청,2026-05-21,,2026-05-22 22:27:50,2026-05-21 15:46:18
3070000,202630700000300022,보문하우스 스토리 102동 앞,서울특별시 성북구 보문동4가 1-1,,37.5841,127.0212,16,,,,N,,N,02-2241-3413,서울특별시 성북구청,2026-05-21,,2026-05-22 22:27:50,2026-05-21 15:46:17
3070000,202630700000300023,보문동 명륜진사갈비 앞,서울특별시 성북구 보문동4가 8,,37.5835,127.0205,12,,,,N,,N,02-2241-3413,서울특별시 성북구청,2026-05-21,,2026-05-22 22:27:50,2026-05-21 15:46:17
3070000,202630700000300017,석관동 미리내도서관 앞,,서울특별시 성북구 석관동 134-2,37.6136,127.0655,14,,,,N,,N,02-2241-3413,서울특별시 성북구청,2026-05-21,,2026-05-22 22:27:50,2026-05-21 15:46:17
3070000,202630700000300018,해나온 석계점 건너편,,서울특별시 성북구 석관동 134-1,37.6134,127.0661,12,,,,N,,N,02-2241-3413,서울특별시 성북구청,2026-05-21,,2026-05-22 22:27:50,2026-05-21 15:46:17
3070000,202630700000300021,상월곡 실버복지센터,서울특별시 성북구 화랑로18길 6,,37.6058,127.0481,7,,,,N,,N,02-2241-3413,서울특별시 성북구청,2026-05-21,,2026-05-22 22:27:50,2026-05-21 15:46:17
3070000,202630700000300090,서울사대부속고등학교 정문 앞,,서울특별시 성북구 종암동 7-119,37.593262,127.037135,14,,,,Y,,N,02-2241-3413,서울특별시 성북구청,2026-05-21,,2026-05-22 22:27:50,2026-05-21 15:46:18
3070000,202630700000300091,길음역 6번출구,서울특별시 성북구 동소문로 258,,37.603842,127.024999,7,,,,N,,N,02-2241-3413,서울특별시 성북구청,2026-05-21,,2026-05-22 22:27:50,2026-05-21 15:46:18
3070000,202630700000300093,길음역 환승주차장(이상갈비 앞),,서울특별시 성북구 월곡1동 104-108,37.604184,127.025504,14,,,,N,,N,02-2241-3413,서울특별시 성북구청,2026-05-21,,2026-05-22 22:27:50,2026-05-21 15:46:18
3070000,202630700000300009,정릉어울림마당,,서울특별시 성북구 정릉동 383-83,37.6068,127.0087,7,,,,N,,N,02-2241-3413,서울특별시 성북구청,2026-05-21,,2026-05-22 22:27:50,2026-05-21 15:46:17
3070000,202630700000300011,장위꿈의숲하늘채아파트 상가(빽다방)앞,,서울특별시 성북구 장위동 319,37.6192,127.0455,24,,,,N,,N,02-2241-3413,서울특별시 성북구청,2026-05-21,,2026-05-22 22:27:50,2026-05-21 15:46:17
3070000,202630700000300094,길음역 2번출구,,서울특별시 성북구 돈암1동 8-165,37.602372,127.024614,10,,,,N,,N,02-2241-3413,서울특별시 성북구청,2026-05-21,,2026-05-22 22:27:50,2026-05-21 15:46:18
3070000,202630700000300097,아리랑시장 형제빌딩 앞,,서울특별시 성북구 정릉2동 484-1,37.602484,127.011632,8,,,,N,,N,02-2241-3413,서울특별시 성북구청,2026-05-21,,2026-05-22 22:27:50,2026-05-21 15:46:18
3070000,202630700000300095,길음역 1번출구,,서울특별시 성북구 길음동 817-137,37.602968,127.024928,14,,,,N,,N,02-2241-3413,서울특별시 성북구청,2026-05-21,,2026-05-22 22:27:50,2026-05-21 15:46:18
3070000,202630700000300096,북악중학교 입구,,서울특별시 성북구 정릉3동 647-29,37.606681,127.002321,18,,,,N,,N,02-2241-3413,서울특별시 성북구청,2026-05-21,,2026-05-22 22:27:50,2026-05-21 15:46:18
3070000,202630700000300098,보문역 7번출구,서울특별시 성북구 보문로 111,,37.584911,127.019324,5,,,,N,,N,02-2241-3413,서울특별시 성북구청,2026-05-21,,2026-05-22 22:27:50,2026-05-21 15:46:18
3070000,202630700000300013,안암동주민센터 앞,서울특별시 성북구 인촌로 16,,37.5859,127.0212,7,,,,N,,N,02-2241-3413,서울특별시 성북구청,2026-05-21,,2026-05-22 22:27:50,2026-05-21 15:46:17
3070000,202630700000300014,성북동 173-25번지 앞,,서울특별시 성북구 성북동 173-25,37.5918,127.0031,8,,,,N,,N,02-2241-3413,서울특별시 성북구청,2026-05-21,,2026-05-22 22:27:50,2026-05-21 15:46:17
3070000,202630700000300015,성북동 163-19번지 앞,,서울특별시 성북구 성북동 163-19,37.5926,127.0024,6,,,,N,,N,02-2241-3413,서울특별시 성북구청,2026-05-21,,2026-05-22 22:27:50,2026-05-21 15:46:17
3070000,202630700000300016,홍익대부속중고등학교 버스정류장 뒤,,서울특별시 성북구 성북동 155-15번지,37.5932,127.0016,11,,,,N,,N,02-2241-3413,서울특별시 성북구청,2026-05-21,,2026-05-22 22:27:50,2026-05-21 15:46:17
3070000,202630700000300052,고려대학교,,서울특별시 성북구 안암동5가 126-67,37.586216,127.027327,715,,,,N,,N,02-2241-3413,서울특별시 성북구청,2026-05-21,,2026-05-22 22:27:50,2026-05-21 15:46:18
3070000,202630700000300053,고려사대부속고등학교,,서울특별시 성북구 정릉동 665,37.609851,127.002109,63,,,,N,,N,02-2241-3413,서울특별시 성북구청,2026-05-21,,2026-05-22 22:27:50,2026-05-21 15:46:18
3070000,202630700000300054,경동고등학교,,서울특별시 성북구 삼선동5가 150-7,37.587033,127.015631,32,,,,N,,N,02-2241-3413,서울특별시 성북구청,2026-05-21,,2026-05-22 22:27:50,2026-05-21 15:46:18
3070000,202630700000300055,성북레포츠센터 앞,,서울특별시 성북구 석관동 22-2,37.610201,127.070233,48,,,,Y,,N,02-2241-3413,서울특별시 성북구청,2026-05-21,,2026-05-22 22:27:50,2026-05-21 15:46:18
3070000,202630700000300056,석관동 상진운수 옆,,서울특별시 성북구 석관동 124-39,37.611224,127.065129,14,,,,N,,N,02-2241-3413,서울특별시 성북구청,2026-05-21,,2026-05-22 22:27:50,2026-05-21 15:46:18
3070000,202630700000300019,석관래미안아트리치 아파트 상가 앞,서울특별시 성북구 돌곶이로8길 22,,37.6064,127.0616,20,,,,Y,,N,02-2241-3413,서울특별시 성북구청,2026-05-21,,2026-05-22 22:27:50,2026-05-21 15:46:17
3070000,202630700000300020,월곡2동 주민센터,서울특별시 성북구 화랑로 152,,37.6058,127.0479,7,,,,N,,N,02-2241-3413,서울특별시 성북구청,2026-05-21,,2026-05-22 22:27:50,2026-05-21 15:46:17
3070000,202630700000300078,정릉청소년상담센터,,서울특별시 성북구 정릉2동 966-297,37.604567,127.010546,7,,,,N,,N,02-2241-3413,서울특별시 성북구청,2026-05-21,,2026-05-22 22:27:51,2026-05-21 15:46:18
3070000,202630700000300079,월곡역 5번출구,,서울특별시 성북구 하월곡동 35-1,37.601925,127.041184,14,,,,N,,N,02-2241-3413,서울특별시 성북구청,2026-05-21,,2026-05-22 22:27:51,2026-05-21 15:46:18
3070000,202630700000300080,월곡역 4번출구,,서울특별시 성북구 하월곡동 37-93,37.602499,127.042237,14,,,,N,,N,02-2241-3413,서울특별시 성북구청,2026-05-21,,2026-05-22 22:27:51,2026-05-21 15:46:18
3070000,202630700000300081,월곡역 3번출구,,서울특별시 성북구 월곡2동 37-6,37.602588,127.041743,21,,,,N,,N,02-2241-3413,서울특별시 성북구청,2026-05-21,,2026-05-22 22:27:51,2026-05-21 15:46:18
3070000,202630700000300089,숭례초등학교 앞,,서울특별시 성북구 종암동 28-363,37.594503,127.035699,34,,,,N,,N,02-2241-3413,서울특별시 성북구청,2026-05-21,,2026-05-22 22:27:51,2026-05-21 15:46:18
3070000,202630700000300092,길음역 삼부아파트 앞,서울특별시 성북구 동소문로 248,,37.603466,127.024556,65,,,,N,,N,02-2241-3413,서울특별시 성북구청,2026-05-21,,2026-05-22 22:27:50,2026-05-21 15:46:18
3070000,202630700000300100,보문역 5번출구,서울특별시 성북구 고려대로 2,,37.585288,127.019812,11,,,,N,,N,02-2241-3413,서울특별시 성북구청,2026-05-21,,2026-05-22 22:27:50,2026-05-21 15:46:18
3070000,202630700000300101,대광초등학교 옆 (국민은행 사이),서울특별시 성북구 안암로 5,,37.579031,127.023561,21,,,,N,,N,02-2241-3413,서울특별시 성북구청,2026-05-21,,2026-05-22 22:27:50,2026-05-21 15:46:18
3070000,202630700000300102,대광아파트 입구,,서울특별시 성북구 안암동3가 136-1번지,37.582333,127.024661,48,,,,N,,N,02-2241-3413,서울특별시 성북구청,2026-05-21,,2026-05-22 22:27:50,2026-05-21 15:46:18
3070000,202630700000300103,"고려대역 1,2번출구 (라이시움 앞)",,서울특별시 성북구 종암동 30-62,37.590083,127.035957,56,,,,Y,,N,02-2241-3413,서울특별시 성북구청,2026-05-21,,2026-05-22 22:27:50,2026-05-21 15:46:18
3070000,202630700000300104,안암역 2번출구,,서울특별시 성북구 안암동 101-142,37.586358,127.029701,13,,,,Y,,N,02-2241-3413,서울특별시 성북구청,2026-05-21,,2026-05-22 22:27:50,2026-05-21 15:46:18
3070000,202630700000300106,안암동 로터리(하나은행 앞),,서울특별시 성북구 안암동5가 104-42,37.583203,127.029278,12,,,,N,,N,02-2241-3413,서울특별시 성북구청,2026-05-21,,2026-05-22 22:27:50,2026-05-21 15:46:18
3070000,202630700000300037,길음역 5번출구,,서울특별시 성북구 길음동 541-1,37.603955,127.025188,4,,,,N,,N,02-2241-3413,서울특별시 성북구청,2026-05-21,,2026-05-22 22:27:50,2026-05-21 15:46:17
3070000,202630700000300038,길음역 3번출구,서울특별시 성북구 동소문로 248,,37.603466,127.024556,28,,,,Y,,N,02-2241-3413,서울특별시 성북구청,2026-05-21,,2026-05-22 22:27:50,2026-05-21 15:46:17
3070000,202630700000300039,한국예술종합학교,,서울특별시 성북구 석관동 1-5,37.604946,127.056396,157,,,,N,,N,02-2241-3413,서울특별시 성북구청,2026-05-21,,2026-05-22 22:27:50,2026-05-21 15:46:18
3070000,202630700000300041,정릉초등학교,서울특별시 성북구 솔샘로25가길 8,,37.619674,127.005221,50,,,,N,,N,02-2241-3413,서울특별시 성북구청,2026-05-21,,2026-05-22 22:27:50,2026-05-21 15:46:18
3070000,202630700000300042,장월초등학교,,서울특별시 성북구 장위동 302-9,37.622002,127.047311,17,,,,N,,N,02-2241-3413,서울특별시 성북구청,2026-05-21,,2026-05-22 22:27:50,2026-05-21 15:46:18
3070000,202630700000300043,월곡초등학교,,서울특별시 성북구 장위2동 246-194,37.609794,127.046197,10,,,,N,,N,02-2241-3413,서울특별시 성북구청,2026-05-21,,2026-05-22 22:27:50,2026-05-21 15:46:18
3070000,202630700000300051,광운초등학교,,서울특별시 성북구 장위동 270-132,37.618294,127.055089,7,,,,N,,N,02-2241-3413,서울특별시 성북구청,2026-05-21,,2026-05-22 22:27:50,2026-05-21 15:46:18
3070000,202630700000300010,정릉동 국민은행 앞,서울특별시 성북구 보국문로 50,,37.6088,127.0099,8,,,,N,,N,02-2241-3413,서울특별시 성북구청,2026-05-21,,2026-05-22 22:27:50,2026-05-21 15:46:17
3070000,202630700000300012,안암삼익아파트 앞,서울특별시 성북구 안암동 안암로9길 30,,37.5813,127.0243,24,,,,N,,N,02-2241-3413,서울특별시 성북구청,2026-05-21,,2026-05-22 22:27:50,2026-05-21 15:46:17
3070000,202630700000300057,석관초등학교 정문,,서울특별시 성북구 석관동 203-3,37.610311,127.059393,49,,,,N,,N,02-2241-3413,서울특별시 성북구청,2026-05-21,,2026-05-22 22:27:50,2026-05-21 15:46:18
3070000,202630700000300058,석관중학교 인근,,서울특별시 성북구 석관동 89-4,37.607021,127.066263,24,,,,N,,N,02-2241-3413,서울특별시 성북구청,2026-05-21,,2026-05-22 22:27:50,2026-05-21 15:46:18
3070000,202630700000300060,석계역 7번출구,,서울특별시 성북구 석관동 375-54,37.614447,127.065222,46,,,,Y,,N,02-2241-3413,서울특별시 성북구청,2026-05-21,,2026-05-22 22:27:50,2026-05-21 15:46:18
3070000,202630700000300061,석계역 6번출구,,서울특별시 성북구 석관동 375-50,37.614521,127.065702,88,,,,N,,N,02-2241-3413,서울특별시 성북구청,2026-05-21,,2026-05-22 22:27:50,2026-05-21 15:46:18
3070000,202630700000300062,석계역 5번출구 맞은편,,서울특별시 성북구 석관동 135-6,37.613445,127.063749,14,,,,N,,N,02-2241-3413,서울특별시 성북구청,2026-05-21,,2026-05-22 22:27:50,2026-05-21 15:46:18
3070000,202630700000300063,석계역 5번출구,,서울특별시 성북구 석관동 384-7,37.613714,127.066102,78,,,,N,,N,02-2241-3413,서울특별시 성북구청,2026-05-21,,2026-05-22 22:27:50,2026-05-21 15:46:18
3070000,202630700000300064,석계역 4번출구,,서울특별시 성북구 석관동 375-44,37.614764,127.066824,28,,,,N,,N,02-2241-3413,서울특별시 성북구청,2026-05-21,,2026-05-22 22:27:50,2026-05-21 15:46:18
3070000,202630700000300065,석관동 온누리병원 앞,서울특별시 성북구 화랑로 271,,37.612155,127.058683,8,,,,N,,N,02-2241-3413,서울특별시 성북구청,2026-05-21,,2026-05-22 22:27:50,2026-05-21 15:46:18
3070000,202630700000300069,돌곶이역 8번출구,,서울특별시 성북구 석관동 348-7,37.610472,127.056648,18,,,,N,,N,02-2241-3413,서울특별시 성북구청,2026-05-21,,2026-05-22 22:27:50,2026-05-21 15:46:18
3070000,202630700000300066,석관동주민센터 앞,,서울특별시 성북구 석관동 168-7,37.612986,127.061315,14,,,,Y,,N,02-2241-3413,서울특별시 성북구청,2026-05-21,,2026-05-22 22:27:50,2026-05-21 15:46:18
3070000,202630700000300067,석관실버복지센터,,서울특별시 성북구 석관동 261-109,37.606691,127.058512,10,,,,Y,,N,02-2241-3413,서울특별시 성북구청,2026-05-21,,2026-05-22 22:27:50,2026-05-21 15:46:18
3070000,202630700000300068,돌곶이역 7번출구,,"서울특별시 성북구 석관동 350-1, 3층 석산빌딩",37.610406,127.057328,25,,,,N,,N,02-2241-3413,서울특별시 성북구청,2026-05-21,,2026-05-22 22:27:50,2026-05-21 15:46:18
3070000,202630700000300076,상월곡역 4번출구,,서울특별시 성북구 월곡2동 산5-50,37.605485,127.047176,7,,,,N,,N,02-2241-3413,서울특별시 성북구청,2026-05-21,,2026-05-22 22:27:51,2026-05-21 15:46:18
3070000,202630700000300077,상월곡역 2번출구,,서울특별시 성북구 월곡2동 23-156,37.607464,127.050302,19,,,,N,,N,02-2241-3413,서울특별시 성북구청,2026-05-21,,2026-05-22 22:27:51,2026-05-21 15:46:18
3070000,202630700000300024,돈암지구대 옆,서울특별시 성북구 아리랑로5길 54,,37.5974,127.0125,7,,,,N,,N,02-2241-3413,서울특별시 성북구청,2026-05-21,,2026-05-22 22:27:50,2026-05-21 15:46:17
3070000,202630700000300025,길음 서울미디어문화마루,서울특별시 성북구 길음제1동 길음로7길 20,,37.6035,127.0226,20,,,,N,,N,02-2241-3413,서울특별시 성북구청,2026-05-21,,2026-05-22 22:27:50,2026-05-21 15:46:17
3070000,202630700000300026,종암사거리광장,,서울특별시 성북구 종암동 3-1288,37.603366,127.031824,10,,,,Y,,N,02-2241-3413,서울특별시 성북구청,2026-05-21,,2026-05-22 22:27:50,2026-05-21 15:46:17
3070000,202630700000300027,성북자기주도학습지원센터,서울특별시 성북구 오패산로3길 87,,37.607082,127.033981,4,,,,N,,N,02-2241-3413,서울특별시 성북구청,2026-05-21,,2026-05-22 22:27:50,2026-05-21 15:46:17
3070000,202630700000300028,보국문역(엘리베이터),서울특별시 성북구 보국문로 88,,37.612021,127.008434,4,,,,N,,N,02-2241-3413,서울특별시 성북구청,2026-05-21,,2026-05-22 22:27:50,2026-05-21 15:46:17
3070000,202630700000300029,정릉역 2번 출구,서울특별시 성북구 정릉로26길 61,,37.602702,127.013125,5,,,,N,,N,02-2241-3413,서울특별시 성북구청,2026-05-21,,2026-05-22 22:27:50,2026-05-21 15:46:17
3070000,202630700000300030,상월곡동 우남아파트,서울특별시 성북구 화랑로15길 4,,37.605737,127.046494,13,,,,N,,N,02-2241-3413,서울특별시 성북구청,2026-05-21,,2026-05-22 22:27:50,2026-05-21 15:46:17
3070000,202630700000300031,상월곡역1번출구,,서울특별시 성북구 월곡2동 102,37.605857,127.047075,14,,,,N,,N,02-2241-3413,서울특별시 성북구청,2026-05-21,,2026-05-22 22:27:50,2026-05-21 15:46:17
3070000,202630700000300032,상월곡역2번출구,서울특별시 성북구 화랑로 179,,37.607522,127.050199,8,,,,N,,N,02-2241-3413,서울특별시 성북구청,2026-05-21,,2026-05-22 22:27:50,2026-05-21 15:46:17
3070000,202630700000300033,정릉교회 육교 밑,,서울특별시 성북구 정릉1동 139-2,37.603023,127.014312,14,,,,N,,N,02-2241-3413,서울특별시 성북구청,2026-05-21,,2026-05-22 22:27:50,2026-05-21 15:46:17
3070000,202630700000300034,돈암동 고명중고등학교 앞,서울특별시 성북구 북악산로 870,,37.597505,127.019901,8,,,,N,,N,02-2241-3413,서울특별시 성북구청,2026-05-21,,2026-05-22 22:27:50,2026-05-21 15:46:17
3070000,202630700000300035,월곡역 입구(교차로),,서울특별시 성북구 월곡2동 93-2,37.602323,127.041353,12,,,,N,,N,02-2241-3413,서울특별시 성북구청,2026-05-21,,2026-05-22 22:27:50,2026-05-21 15:46:17
3070000,202630700000300036,한성대역 2번출구(삼선교 분수마루),,서울특별시 성북구 삼선동 2-4,37.588329,127.006519,5,,,,N,,N,02-2241-3413,서울특별시 성북구청,2026-05-21,,2026-05-22 22:27:50,2026-05-21 15:46:17
3070000,202630700000300040,종암중학교,서울특별시 성북구 종암로5길 80-17,,37.592973,127.031744,24,,,,N,,N,02-2241-3413,서울특별시 성북구청,2026-05-21,,2026-05-22 22:27:50,2026-05-21 15:46:18
3070000,202630700000300044,숭곡초등학교,,서울특별시 성북구 월곡1동 84-86,37.608467,127.032395,30,,,,N,,N,02-2241-3413,서울특별시 성북구청,2026-05-21,,2026-05-22 22:27:50,2026-05-21 15:46:18
3070000,202630700000300045,성북초등학교,서울특별시 성북구 성북로 102-10,,37.594052,126.998777,37,,,,N,,N,02-2241-3413,서울특별시 성북구청,2026-05-21,,2026-05-22 22:27:50,2026-05-21 15:46:18
3070000,202630700000300049,석계초등학교,,서울특별시 성북구 석관동 382-2,37.609034,127.070267,12,,,,N,,N,02-2241-3413,서울특별시 성북구청,2026-05-21,,2026-05-22 22:27:50,2026-05-21 15:46:18
3070000,202630700000300046,석관중학교,,서울특별시 성북구 석관동 86-1,37.607921,127.065663,44,,,,N,,N,02-2241-3413,서울특별시 성북구청,2026-05-21,,2026-05-22 22:27:50,2026-05-21 15:46:18
3080000,202030800000300001,수유역 6번출구 자전거 주차장,서울특별시 강북구 도봉로85길 10,서울특별시 강북구 수유동 229-30,37.637985,127.022516,650,2009,,,Y,기계식,Y,02-944-3037,서울특별시 강북구도시관리공단,2025-10-27,I,2026-05-15 18:45:05,2025-10-27 15:03:00
3100000,202431000000300323,마들근린공원,,서울특별시 노원구 상계6동 770-2,37.644164,127.058283,20,2012,거치형,N,N,,N,02-2116-0629,서울시 노원구청,2024-07-22,I,2026-05-15 18:45:05,2024-07-22 15:43:53
3100000,202431000000300174,월계2동 주민센터,,서울특별시 노원구 월계2동777,37.632435,127.050727,10,2010,거치형,N,N,,N,02-2116-0629,서울시 노원구청,2024-07-22,I,2026-05-15 18:45:05,2024-07-22 15:43:51
3100000,202431000000300154,중계본동주민센터,,서울특별시 노원구 중계본동66-5번지,37.646701,127.082852,5,2016,거치형,N,N,,N,02-2116-0629,서울시 노원구청,2024-07-22,I,2026-05-15 18:45:05,2024-07-22 15:43:51
3100000,202431000000300085,재현중학교,,서울특별시 노원구 중계4동129-1,37.661584,127.081456,19,2009,기타,N,N,,N,02-2116-0629,서울시 노원구청,2024-07-22,I,2026-05-15 18:45:05,2024-07-22 15:43:51
3100000,202431000000300285,공릉역 1번출구,,서울특별시 노원구 공릉3동386-5번지,37.626111,127.073126,20,2004,거치형,N,N,,N,02-2116-0629,서울시 노원구청,2024-07-22,I,2026-05-15 18:45:05,2024-07-22 15:43:52
3100000,202431000000300330,을지초등학교,,서울특별시 노원구 중계동239(중계1동360),37.652606,127.075311,10,2013,기타,Y,N,,N,02-2116-0629,서울시 노원구청,2024-07-22,I,2026-05-15 18:45:05,2024-07-22 15:43:53
3100000,202431000000300160,중계3동주민센터,,서울특별시 노원구 중계3동511-1번지,37.642057,127.068598,7,2007,기타,Y,N,,N,02-2116-0629,서울시 노원구청,2024-07-22,I,2026-05-15 18:45:05,2024-07-22 15:43:51
3100000,202431000000300141,공릉중학교,,서울특별시 노원구 공릉2동 250-1번지,37.622259,127.084444,70,2008,기타,Y,N,,N,02-2116-0629,서울시 노원구청,2024-07-22,I,2026-05-15 18:45:05,2024-07-22 15:43:51
3100000,202431000000300300,태릉입구역 3번출구,,서울특별시 노원구 공릉1동610-1번지,37.619098,127.074288,5,2001,거치형,N,N,,N,02-2116-0629,서울시 노원구청,2024-07-22,I,2026-05-15 18:45:05,2024-07-22 15:43:52
3100000,202431000000300283,공릉역 2번출구,,서울특별시 노원구 공릉3동395-8번지,37.625282,127.073441,25,2004,거치형,N,N,,N,02-2116-0629,서울시 노원구청,2024-07-22,I,2026-05-15 18:45:05,2024-07-22 15:43:52
3100000,202431000000300111,청원중학교,,서울특별시 노원구 상계9동 641번지,37.666001,127.062303,99,2001,기타,Y,N,,N,02-2116-0629,서울시 노원구청,2024-07-22,I,2026-05-15 18:45:05,2024-07-22 15:43:51
3100000,202431000000300117,신상중학교,,서울특별시 노원구 상계7동 754-5번지,37.644487,127.061441,16,2009,거치형,N,N,,N,02-2116-0629,서울시 노원구청,2024-07-22,I,2026-05-15 18:45:05,2024-07-22 15:43:51
3100000,202431000000300003,서울노원역우편취급국앞,,서울특별시 노원구 상계동 724-2,37.654399,127.062641,7,2016,거치형,N,N,,N,02-2116-0629,서울시 노원구청,2024-07-22,I,2026-05-15 18:45:05,2024-07-22 15:43:50
3100000,202431000000300318,어린이교통공원,,서울특별시 노원구 중계2동 500-1,37.645172,127.062621,7,1997,기타,Y,N,,N,02-2116-0629,서울시 노원구청,2024-07-22,I,2026-05-15 18:45:05,2024-07-22 15:43:53
3100000,202431000000300032,수락리버시티 3단지 앞,,서울특별시 노원구 상계1동 1312,37.687526,127.054356,10,2014,거치형,N,N,,N,02-2116-0629,서울시 노원구청,2024-07-22,I,2026-05-15 18:45:05,2024-07-22 15:43:51
3100000,202431000000300266,마들역 4번출구,,서울특별시 노원구 상계10동670번지,37.662993,127.060153,50,2003,기타,Y,N,,N,02-2116-0629,서울시 노원구청,2024-07-22,I,2026-05-15 18:45:05,2024-07-22 15:43:52
3100000,202431000000300168,공릉1.3동주민센터,,"서울특별시 노원구 공릉1,3동499-25번지",37.624744,127.073798,24,2007,거치형,N,N,,N,02-2116-0629,서울시 노원구청,2024-07-22,I,2026-05-15 18:45:05,2024-07-22 15:43:51
3100000,202431000000300136,태랑중학교,,서울특별시 노원구 공릉2동 117번지,37.626765,127.091525,35,2004,기타,Y,N,,N,02-2116-0629,서울시 노원구청,2024-07-22,I,2026-05-15 18:45:05,2024-07-22 15:43:51
3100000,202431000000300020,온수골사거리,,서울특별시 노원구 상계10동 670-2,37.661421,127.059549,10,2014,기타,Y,N,,N,02-2116-0629,서울시 노원구청,2024-07-22,I,2026-05-15 18:45:05,2024-07-22 15:43:51
3100000,202431000000300339,재현고등학교,,서울특별시 노원구 중계4동129-1,37.661584,127.081456,14,2008,기타,Y,N,,N,02-2116-0629,서울시 노원구청,2024-07-22,I,2026-05-15 18:45:05,2024-07-22 15:43:53
3100000,202431000000300017,상계주공5단지 놀이터앞,,서울특별시 노원구 상계동 720-4,37.652698,127.062935,10,2015,거치형,N,N,,N,02-2116-0629,서울시 노원구청,2024-07-22,I,2026-05-15 18:45:05,2024-07-22 15:43:50
3100000,202431000000300338,재현고등학교,,서울특별시 노원구 중계4동129-1,37.661584,127.081456,20,2016,기타,Y,N,,N,02-2116-0629,서울시 노원구청,2024-07-22,I,2026-05-15 18:45:05,2024-07-22 15:43:53
3100000,202431000000300290,화랑대역 2번출구,,서울특별시 노원구 공릉2동279-1번지,37.619771,127.082027,20,2007,기타,Y,N,,N,02-2116-0629,서울시 노원구청,2024-07-22,I,2026-05-15 18:45:05,2024-07-22 15:43:52
3100000,202431000000300038,을지병원,,서울특별시 노원구 하계1동 289-1,37.644245,127.074134,50,2009,거치형,N,N,,N,02-2116-0629,서울시 노원구청,2024-07-22,I,2026-05-15 18:45:05,2024-07-22 15:43:51
3100000,202431000000300108,청원고등학교,,서울특별시 노원구 상계9동 641번지,37.666001,127.062303,130,2011,거치형,N,N,,N,02-2116-0629,서울시 노원구청,2024-07-22,I,2026-05-15 18:45:05,2024-07-22 15:43:51
3100000,202431000000300177,상계6.7동주민센터,,서울특별시 노원구 상계6동735-1번지,37.653011,127.057991,14,2012,거치형,N,N,,N,02-2116-0629,서울시 노원구청,2024-07-22,I,2026-05-15 18:45:05,2024-07-22 15:43:51
3100000,202431000000300226,월계역 1번출구,,서울특별시 노원구 월계4동264번지,37.654375,127.056318,10,2011,거치형,N,N,,N,02-2116-0629,서울시 노원구청,2024-07-22,I,2026-05-15 18:45:05,2024-07-22 15:43:52
3100000,202431000000300101,인덕공업고등학교,,서울특별시 노원구 월계4동 산76번지,37.654375,127.056318,49,1999,기타,Y,N,,N,02-2116-0629,서울시 노원구청,2024-07-22,I,2026-05-15 18:45:05,2024-07-22 15:43:51
3100000,202431000000300222,중계역 5번출구,,서울특별시 노원구 중계2동502-1번지,37.644259,127.063392,20,2006,기타,Y,N,,N,02-2116-0629,서울시 노원구청,2024-07-22,I,2026-05-15 18:45:05,2024-07-22 15:43:52
3100000,202431000000300031,수락리버시티 시티플러스앞,,서울특별시 노원구 상계1동 1195,37.687007,127.052582,10,2014,거치형,N,N,,N,02-2116-0629,서울시 노원구청,2024-07-22,I,2026-05-15 18:45:05,2024-07-22 15:43:51
3100000,202431000000300002,버스정류장(공릉시장11101),,서울특별시 노원구 공릉동 567-2,37.622756,127.074208,5,2016,거치형,N,N,,N,02-2116-0629,서울시 노원구청,2024-07-22,I,2026-05-15 18:45:05,2024-07-22 15:43:50
3100000,202431000000300267,수락산역 6번출구,,서울특별시 노원구 상계1동1262번지,37.679061,127.054894,80,2004,거치형,N,N,,N,02-2116-0629,서울시 노원구청,2024-07-22,I,2026-05-15 18:45:05,2024-07-22 15:43:52
3100000,202431000000300294,태릉입구역 8번출구,,서울특별시 노원구 공릉1동687-6번지,37.617231,127.075194,40,2007,기타,Y,N,,N,02-2116-0629,서울시 노원구청,2024-07-22,I,2026-05-15 18:45:05,2024-07-22 15:43:52
3100000,202431000000300075,혜성여고,,서울특별시 노원구 하계1동 266-2번지,37.641159,127.073663,64,2000,기타,Y,N,,N,02-2116-0629,서울시 노원구청,2024-07-22,I,2026-05-15 18:45:05,2024-07-22 15:43:51
3100000,202431000000300185,서울북부지검,,서울특별시 노원구 공릉1동622번지,37.619667,127.076727,20,2008,기타,Y,N,,N,02-2116-0629,서울시 노원구청,2024-07-22,I,2026-05-15 18:45:05,2024-07-22 15:43:52
3100000,202431000000300170,월계3동주민센터,,서울특별시 노원구 월계3동15-1번지,37.620961,127.069246,7,2007,기타,Y,N,,N,02-2116-0629,서울시 노원구청,2024-07-22,I,2026-05-15 18:45:05,2024-07-22 15:43:51
3100000,202431000000300116,노원고등학교,,서울특별시 노원구 상계8동 664번지,37.662343,127.053315,108,2001,기타,Y,N,,N,02-2116-0629,서울시 노원구청,2024-07-22,I,2026-05-15 18:45:05,2024-07-22 15:43:51
3100000,202431000000300001,버스정류장(중계본동종점11409),,서울특별시 노원구 중계로90,37.643822,127.083431,10,2016,거치형,N,N,,N,02-2116-0629,서울시 노원구청,2024-07-22,I,2026-05-15 18:45:05,2024-07-22 15:43:50
3100000,202431000000300345,서울산업대학교,,서울특별시 노원구 공릉동172,37.632683,127.079751,100,2009,거치형,N,N,,N,02-2116-0629,서울시 노원구청,2024-07-22,I,2026-05-15 18:45:05,2024-07-22 15:43:53
3100000,202431000000300106,염광고등학교,,서울특별시 노원구 월계2동 820번지,37.630793,127.050475,17,2014,기타,Y,N,,N,02-2116-0629,서울시 노원구청,2024-07-22,I,2026-05-15 18:45:05,2024-07-22 15:43:51
3100000,202431000000300293,공릉역 2번출구,,서울특별시 노원구 공릉1동449-1번지,37.623368,127.070779,10,2003,거치형,N,N,,N,02-2116-0629,서울시 노원구청,2024-07-22,I,2026-05-15 18:45:05,2024-07-22 15:43:52
3100000,202431000000300102,월계중학교,,서울특별시 노원구 월계2동 602-1번지,37.630463,127.051998,123,2001,기타,Y,N,,N,02-2116-0629,서울시 노원구청,2024-07-22,I,2026-05-15 18:45:05,2024-07-22 15:43:51
3100000,202431000000300176,월계보건지소,,서울특별시 노원구 월계3동321-4,37.631387,127.061571,10,2011,거치형,N,N,,N,02-2116-0629,서울시 노원구청,2024-07-22,I,2026-05-15 18:45:05,2024-07-22 15:43:51
3100000,202431000000300115,노원고등학교,,서울특별시 노원구 상계8동 664번지,37.662343,127.053315,21,2001,거치형,N,N,,N,02-2116-0629,서울시 노원구청,2024-07-22,I,2026-05-15 18:45:05,2024-07-22 15:43:51
3100000,202431000000300012,서울시립 북서울 미술관,,서울특별시 노원구 중계동 508,37.640081,127.067081,30,2015,거치형,N,N,,N,02-2116-0629,서울시 노원구청,2024-07-22,I,2026-05-15 18:45:05,2024-07-22 15:43:50
3100000,202431000000300269,수락산역 4~5번출구,,서울특별시 노원구 상계1동1132-144번지,37.677475,127.054846,25,2011,거치형,N,N,,N,02-2116-0629,서울시 노원구청,2024-07-22,I,2026-05-15 18:45:05,2024-07-22 15:43:52
3100000,202431000000300309,한내근린공원,,서울특별시 노원구 월계동 한내공원,37.628249,127.056727,20,2009,거치형,N,N,,N,02-2116-0629,서울시 노원구청,2024-07-22,I,2026-05-15 18:45:05,2024-07-22 15:43:52
3100000,202431000000300011,하계동 대진고사거리,,서울특별시 노원구 하계동 256-8,37.639044,127.075083,20,2016,거치형,N,N,,N,02-2116-0629,서울시 노원구청,2024-07-22,I,2026-05-15 18:45:05,2024-07-22 15:43:50
3100000,202431000000300016,중계동 여물소식당앞,,서울특별시 노원구 중계동 369-9,37.656487,127.078345,20,2015,거치형,N,N,,N,02-2116-0629,서울시 노원구청,2024-07-22,I,2026-05-15 18:45:05,2024-07-22 15:43:50
3100000,202431000000300134,위레정보산업고,,서울특별시 노원구 공릉2동 481번지,37.631141,127.072586,59,2004,기타,Y,N,,N,02-2116-0629,서울시 노원구청,2024-07-22,I,2026-05-15 18:45:05,2024-07-22 15:43:51
3100000,202431000000300009,과기대사거리,,서울특별시 노원구 동일로 1106,37.628747,127.071789,10,2016,거치형,N,N,,N,02-2116-0629,서울시 노원구청,2024-07-22,I,2026-05-15 18:45:05,2024-07-22 15:43:50
3100000,202431000000300122,노일중학교,,서울특별시 노원구 상계6동 743번지,37.649051,127.059796,53,1998,기타,Y,N,,N,02-2116-0629,서울시 노원구청,2024-07-22,I,2026-05-15 18:45:05,2024-07-22 15:43:51
3100000,202431000000300329,신상계초교,,서울특별시 노원구 상계4동86-1,37.667937,127.075791,10,2011,거치형,N,N,,N,02-2116-0629,서울시 노원구청,2024-07-22,I,2026-05-15 18:45:05,2024-07-22 15:43:53
3100000,202431000000300301,태릉입구역 3번출구,,서울특별시 노원구 공릉1동610-1번지,37.619098,127.074288,17,2001,기타,Y,N,,N,02-2116-0629,서울시 노원구청,2024-07-22,I,2026-05-15 18:45:05,2024-07-22 15:43:52
3100000,202431000000300249,노원역 6번출구,,서울특별시 노원구 상계6동731-5번지,37.653794,127.060212,25,2005,거치형,N,N,,N,02-2116-0629,서울시 노원구청,2024-07-22,I,2026-05-15 18:45:05,2024-07-22 15:43:52
3100000,202431000000300308,당현천근린공원앞,,서울특별시 노원구 상계동 762-1,37.647719,127.063394,10,2016,거치형,N,N,,N,02-2116-0629,서울시 노원구청,2024-07-22,I,2026-05-15 18:45:05,2024-07-22 15:43:52
3100000,202431000000300252,상계역 2번출구,,서울특별시 노원구 상계5동173-1번지,37.660973,127.072521,80,2007,거치형,N,N,,N,02-2116-0629,서울시 노원구청,2024-07-22,I,2026-05-15 18:45:05,2024-07-22 15:43:52
3100000,202431000000300050,노원자동차학원,,서울특별시 노원구 중계4동 368번지,37.655646,127.079127,10,2006,거치형,N,N,,N,02-2116-0629,서울시 노원구청,2024-07-22,I,2026-05-15 18:45:05,2024-07-22 15:43:51
3100000,202431000000300169,월계4동주민센터,,서울특별시 노원구 월계4동321-4번지,37.654375,127.056318,10,2007,기타,Y,N,,N,02-2116-0629,서울시 노원구청,2024-07-22,I,2026-05-15 18:45:05,2024-07-22 15:43:51
3100000,202431000000300060,상계백병원,,서울특별시 노원구 상계7동 761-1번지,37.648518,127.063089,40,2009,거치형,N,N,,N,02-2116-0629,서울시 노원구청,2024-07-22,I,2026-05-15 18:45:05,2024-07-22 15:43:51
3100000,202431000000300080,경기기계공고,,서울특별시 노원구 하계1동 78번지,37.633038,127.074455,160,2008,거치형,N,N,,N,02-2116-0629,서울시 노원구청,2024-07-22,I,2026-05-15 18:45:05,2024-07-22 15:43:51
3100000,202431000000300071,서울여자대학교,,서울특별시 노원구 공릉2동126,37.627775,127.090471,195,2009,거치형,N,N,,N,02-2116-0629,서울시 노원구청,2024-07-22,I,2026-05-15 18:45:05,2024-07-22 15:43:51
3100000,202431000000300149,상계8동 치안센터,,서울특별시 노원구 상계8동 657,37.666863,127.051705,10,2009,거치형,N,N,,N,02-2116-0629,서울시 노원구청,2024-07-22,I,2026-05-15 18:45:05,2024-07-22 15:43:51
3100000,202431000000300258,당고개역 2번출구,서울특별시 노원구 상계로 305,서울특별시 노원구,37.670296,127.079002,65,2008,거치형,N,N,,N,02-2116-0629,서울시 노원구청,2024-07-22,I,2026-05-15 18:45:05,2024-07-22 15:43:52
3100000,202431000000300013,불암산종합스타디움,,서울특별시 노원구 중계로 36,37.638741,127.083426,10,2015,기타,Y,N,,N,02-2116-0629,서울시 노원구청,2024-07-22,I,2026-05-15 18:45:05,2024-07-22 15:43:50
3100000,202431000000300246,노원역 5번출구,,서울특별시 노원구 상계7동727-2번지,37.653981,127.061071,44,1997,기타,Y,N,,N,02-2116-0629,서울시 노원구청,2024-07-22,I,2026-05-15 18:45:05,2024-07-22 15:43:52
3100000,202431000000300148,노원평생학습관,,서울특별시 노원구 상계동735-1,37.652974,127.057967,10,2011,거치형,N,N,,N,02-2116-0629,서울시 노원구청,2024-07-22,I,2026-05-15 18:45:05,2024-07-22 15:43:51
3100000,202431000000300164,중계1동주민센터,,서울특별시 노원구 중계1동359-5번지,37.652551,127.077488,10,2007,기타,Y,N,,N,02-2116-0629,서울시 노원구청,2024-07-22,I,2026-05-15 18:45:05,2024-07-22 15:43:51
3100000,202431000000300302,태릉입구역 2번출구,,서울특별시 노원구 공릉1동680-8번지,37.618059,127.075116,10,2005,기타,Y,N,,N,02-2116-0629,서울시 노원구청,2024-07-22,I,2026-05-15 18:45:05,2024-07-22 15:43:52
3100000,202431000000300095,서라벌고등학교,,서울특별시 노원구 중계1동360-5,37.650437,127.075621,35,2009,거치형,N,N,,N,02-2116-0629,서울시 노원구청,2024-07-22,I,2026-05-15 18:45:05,2024-07-22 15:43:51
3100000,202431000000300306,중랑천,,서울특별시 노원구 상계현대4차앞,37.654375,127.056318,10,2010,거치형,N,N,,N,02-2116-0629,서울시 노원구청,2024-07-22,I,2026-05-15 18:45:05,2024-07-22 15:43:52
3100000,202431000000300216,중계역 1~2번출구 사이,,서울특별시 노원구 중계2동515-2번지,37.646812,127.066091,17,2003,기타,Y,N,,N,02-2116-0629,서울시 노원구청,2024-07-22,I,2026-05-15 18:45:05,2024-07-22 15:43:52
3100000,202431000000300334,신창중학교,,서울특별시 노원구 월계2동805-5,37.628304,127.047913,30,2010,거치형,N,N,,N,02-2116-0629,서울시 노원구청,2024-07-22,I,2026-05-15 18:45:05,2024-07-22 15:43:53
3100000,202431000000300190,노원경찰서,,서울특별시 노원구 하계1동227번지,37.641125,127.072734,10,2001,기타,Y,N,,N,02-2116-0629,서울시 노원구청,2024-07-22,I,2026-05-15 18:45:05,2024-07-22 15:43:52
3100000,202431000000300288,공릉역 1번출구,,서울특별시 노원구 공릉3동386-5번지,37.626111,127.073126,42,2004,기타,Y,N,,N,02-2116-0629,서울시 노원구청,2024-07-22,I,2026-05-15 18:45:05,2024-07-22 15:43:52
3100000,202431000000300087,중계중학교,,서울특별시 노원구 중계4동 358-3,37.655273,127.075244,56,2002,기타,Y,N,,N,02-2116-0629,서울시 노원구청,2024-07-22,I,2026-05-15 18:45:05,2024-07-22 15:43:51
3100000,202431000000300127,노일초교앞,,서울특별시 노원구 상계10동 696번지,37.658789,127.058393,101,2001,기타,Y,N,,N,02-2116-0629,서울시 노원구청,2024-07-22,I,2026-05-15 18:45:05,2024-07-22 15:43:51
3100000,202431000000300090,대진여자고등학교,,서울특별시 노원구 중계3동 514-2,37.646074,127.067278,32,1998,기타,Y,N,,N,02-2116-0629,서울시 노원구청,2024-07-22,I,2026-05-15 18:45:05,2024-07-22 15:43:51
3100000,202431000000300048,백병원 맞은편,,"서울특별시 노원구 상계6,7동 763-7",37.648437,127.061968,10,2009,거치형,N,N,,N,02-2116-0629,서울시 노원구청,2024-07-22,I,2026-05-15 18:45:05,2024-07-22 15:43:51
3100000,202431000000300343,서울산업대학교,,서울특별시 노원구 공릉동172,37.632683,127.079751,40,2008,기타,Y,N,,N,02-2116-0629,서울시 노원구청,2024-07-22,I,2026-05-15 18:45:05,2024-07-22 15:43:53
3100000,202431000000300026,은행사거리,,서울특별시 노원구 중계본동 364,37.649666,127.078305,7,2014,단독형,N,N,,N,02-2116-0629,서울시 노원구청,2024-07-22,I,2026-05-15 18:45:05,2024-07-22 15:43:51
3100000,202431000000300091,은곡고등학교,,서울특별시 노원구 중계2동 504,37.642121,127.061934,37,2001,기타,Y,N,,N,02-2116-0629,서울시 노원구청,2024-07-22,I,2026-05-15 18:45:05,2024-07-22 15:43:51
3100000,202431000000300231,마들역 3번출구,,서울특별시 노원구 상계9동649-5번지,37.665408,127.057912,45,1997,거치형,N,N,,N,02-2116-0629,서울시 노원구청,2024-07-22,I,2026-05-15 18:45:05,2024-07-22 15:43:52
3100000,202431000000300073,동산정보고,,서울특별시 노원구 공릉2동481,37.631141,127.072586,175,1999,기타,Y,N,,N,02-2116-0629,서울시 노원구청,2024-07-22,I,2026-05-15 18:45:05,2024-07-22 15:43:51
3100000,202431000000300161,월계동 보건지소,,서울특별시 노원구 월계4동 942,37.654375,127.056318,5,2009,거치형,N,N,,N,02-2116-0629,서울시 노원구청,2024-07-22,I,2026-05-15 18:45:05,2024-07-22 15:43:51
3100000,202431000000300205,하계역 2~3번출구 사이,,서울특별시 노원구 하계1동280번지,37.634459,127.069554,7,2003,기타,Y,N,,N,02-2116-0629,서울시 노원구청,2024-07-22,I,2026-05-15 18:45:05,2024-07-22 15:43:52
3100000,202431000000300286,공릉역 1번출구,,서울특별시 노원구 공릉3동386-5번지,37.626111,127.073126,5,2011,거치형,N,N,,N,02-2116-0629,서울시 노원구청,2024-07-22,I,2026-05-15 18:45:05,2024-07-22 15:43:52
3100000,202431000000300062,꽃동산교회 앞,,서울특별시 노원구 상계2동 320-11번지,37.654171,127.067891,28,2004,기타,Y,N,,N,02-2116-0629,서울시 노원구청,2024-07-22,I,2026-05-15 18:45:05,2024-07-22 15:43:51
3100000,202431000000300035,노원교회,,서울특별시 노원구 중계본동 산101-7,37.651949,127.086891,10,2009,거치형,N,N,,N,02-2116-0629,서울시 노원구청,2024-07-22,I,2026-05-15 18:45:05,2024-07-22 15:43:51
3100000,202431000000300094,서라벌고등학교,,서울특별시 노원구 중계1동360-5,37.650437,127.075621,70,2008,기타,Y,N,,N,02-2116-0629,서울시 노원구청,2024-07-22,I,2026-05-15 18:45:05,2024-07-22 15:43:51
3100000,202431000000300227,월계역 1번출구,,서울특별시 노원구 월계4동264번지,37.654375,127.056318,30,2005,기타,Y,N,,N,02-2116-0629,서울시 노원구청,2024-07-22,I,2026-05-15 18:45:05,2024-07-22 15:43:52
3100000,202431000000300153,상계2동 주민센터,,서울특별시 노원구 상계동 389-483,37.658779,127.068491,5,2014,거치형,N,N,,N,02-2116-0629,서울시 노원구청,2024-07-22,I,2026-05-15 18:45:05,2024-07-22 15:43:51
3100000,202431000000300244,마들역 5번출구,,서울특별시 노원구 상계8동666번지,37.663002,127.055653,30,1997,기타,Y,N,,N,02-2116-0629,서울시 노원구청,2024-07-22,I,2026-05-15 18:45:05,2024-07-22 15:43:52
3100000,202431000000300234,마들역 1번출구,,서울특별시 노원구 상계9동649번지,37.665795,127.057941,30,2009,거치형,N,N,,N,02-2116-0629,서울시 노원구청,2024-07-22,I,2026-05-15 18:45:05,2024-07-22 15:43:52
3100000,202431000000300282,공릉역 4번출구,,서울특별시 노원구 공릉3동749-7번지,37.627867,127.066566,31,2001,기타,Y,N,,N,02-2116-0629,서울시 노원구청,2024-07-22,I,2026-05-15 18:45:05,2024-07-22 15:43:52
3100000,202431000000300281,공릉역 4번출구,,서울특별시 노원구 공릉3동749-7번지,37.627867,127.066566,5,2007,거치형,N,N,,N,02-2116-0629,서울시 노원구청,2024-07-22,I,2026-05-15 18:45:05,2024-07-22 15:43:52
3100000,202431000000300203,하계역 3번출구,,서울특별시 노원구 하계1동280번지,37.634459,127.069554,17,1997,기타,Y,N,,N,02-2116-0629,서울시 노원구청,2024-07-22,I,2026-05-15 18:45:05,2024-07-22 15:43:52
3100000,202431000000300006,중계본동주민센터 건너,,서울특별시 노원구 중계본동66-5번지,37.646701,127.082852,7,2016,기타,Y,N,,N,02-2116-0629,서울시 노원구청,2024-07-22,I,2026-05-15 18:45:05,2024-07-22 15:43:50
3100000,202431000000300195,노원정보도서관,,서울특별시 노원구 상계10동686번지,37.660925,127.064157,60,2006,기타,Y,N,,N,02-2116-0629,서울시 노원구청,2024-07-22,I,2026-05-15 18:45:05,2024-07-22 15:43:52
3100000,202431000000300275,수락산역 3번출구,,서울특별시 노원구 상계1동1132-35번지,37.676535,127.055618,10,2009,거치형,N,N,,N,02-2116-0629,서울시 노원구청,2024-07-22,I,2026-05-15 18:45:05,2024-07-22 15:43:52
3100000,202431000000300337,재현고등학교,,서울특별시 노원구 중계4동129-1,37.661584,127.081456,55,2016,기타,Y,N,,N,02-2116-0629,서울시 노원구청,2024-07-22,I,2026-05-15 18:45:05,2024-07-22 15:43:53
3100000,202431000000300103,월계중학교,,서울특별시 노원구 월계2동 602-1번지,37.630463,127.051998,32,2002,기타,Y,N,,N,02-2116-0629,서울시 노원구청,2024-07-22,I,2026-05-15 18:45:05,2024-07-22 15:43:51
3100000,202431000000300019,근호빌딩앞,,"서울특별시 노원구 상계6,7동 724",37.654259,127.062122,10,2015,거치형,N,N,,N,02-2116-0629,서울시 노원구청,2024-07-22,I,2026-05-15 18:45:05,2024-07-22 15:43:51
3100000,202431000000300079,경기기계공고,,서울특별시 노원구 하계1동 78번지,37.633038,127.074455,50,2015,기타,Y,N,,N,02-2116-0629,서울시 노원구청,2024-07-22,I,2026-05-15 18:45:05,2024-07-22 15:43:51
3100000,202431000000300051,은행사거리,,서울특별시 노원구 중계본동 360번지일대,37.646084,127.080004,24,2012,거치형,N,N,,N,02-2116-0629,서울시 노원구청,2024-07-22,I,2026-05-15 18:45:05,2024-07-22 15:43:51
3100000,202431000000300315,가재울근린공원,,서울특별시 노원구 중계3동 515-4,37.648644,127.066408,16,1998,기타,Y,N,,N,02-2116-0629,서울시 노원구청,2024-07-22,I,2026-05-15 18:45:05,2024-07-22 15:43:52
3100000,202431000000300157,중계동평생학습관,,서울특별시 노원구 중계3동 547-7번지,37.643421,127.062088,35,2000,기타,Y,N,,N,02-2116-0629,서울시 노원구청,2024-07-22,I,2026-05-15 18:45:05,2024-07-22 15:43:51
3100000,202431000000300307,당고개공원앞,,서울특별시 노원구 상계로 283,37.669151,127.077656,10,2016,거치형,N,N,,N,02-2116-0629,서울시 노원구청,2024-07-22,I,2026-05-15 18:45:05,2024-07-22 15:43:52
3100000,202431000000300264,노원역 1번출구,,서울특별시 노원구 상계2동339-2번지,37.656633,127.063814,87,2004,기타,Y,N,,N,02-2116-0629,서울시 노원구청,2024-07-22,I,2026-05-15 18:45:05,2024-07-22 15:43:52
3100000,202431000000300196,상계10동주민센터,,서울특별시 노원구 상계10동670번지,37.662993,127.060153,10,2007,기타,Y,N,,N,02-2116-0629,서울시 노원구청,2024-07-22,I,2026-05-15 18:45:05,2024-07-22 15:43:52
3100000,202431000000300238,마들역 7번출구,,서울특별시 노원구 상계8동647번지,37.668386,127.055211,10,1997,거치형,N,N,,N,02-2116-0629,서울시 노원구청,2024-07-22,I,2026-05-15 18:45:05,2024-07-22 15:43:52
3100000,202431000000300028,은행사거리,,서울특별시 노원구 중계1동 359-20,37.651998,127.077007,20,2014,단독형,N,N,,N,02-2116-0629,서울시 노원구청,2024-07-22,I,2026-05-15 18:45:05,2024-07-22 15:43:51
3100000,202431000000300209,중계역 6번출구,,서울특별시 노원구 중계2동500번지,37.645623,127.062683,7,2016,기타,Y,N,,N,02-2116-0629,서울시 노원구청,2024-07-22,I,2026-05-15 18:45:05,2024-07-22 15:43:52
3100000,202431000000300255,상계역 남측주차장,,서울특별시 노원구 상계6동전철밑,37.654919,127.066919,126,1995,기타,Y,N,,N,02-2116-0629,서울시 노원구청,2024-07-22,I,2026-05-15 18:45:05,2024-07-22 15:43:52
3100000,202431000000300324,마들근린공원,,서울특별시 노원구 상계6동 770-2,37.644164,127.058283,20,1998,기타,Y,N,,N,02-2116-0629,서울시 노원구청,2024-07-22,I,2026-05-15 18:45:05,2024-07-22 15:43:53
3100000,202431000000300025,은행사거리,,서울특별시 노원구 중계본동 364,37.649666,127.078305,7,2014,단독형,N,N,,N,02-2116-0629,서울시 노원구청,2024-07-22,I,2026-05-15 18:45:05,2024-07-22 15:43:51
3100000,202431000000300129,수락고등학교,,서울특별시 노원구 상계1동 1254번지,37.682961,127.054573,10,2004,기타,Y,N,,N,02-2116-0629,서울시 노원구청,2024-07-22,I,2026-05-15 18:45:05,2024-07-22 15:43:51
3100000,202431000000300092,을지중학교 앞,,서울특별시 노원구 중계1동 360-19,37.649912,127.071831,85,2001,기타,Y,N,,N,02-2116-0629,서울시 노원구청,2024-07-22,I,2026-05-15 18:45:05,2024-07-22 15:43:51
3100000,202431000000300320,갈울근린공원,,서울특별시 노원구 상계9동 644,37.666821,127.061023,16,1998,기타,Y,N,,N,02-2116-0629,서울시 노원구청,2024-07-22,I,2026-05-15 18:45:05,2024-07-22 15:43:53
3100000,202431000000300235,마들역 1번출구,,서울특별시 노원구 상계9동649번지,37.665795,127.057941,31,1997,기타,Y,N,,N,02-2116-0629,서울시 노원구청,2024-07-22,I,2026-05-15 18:45:05,2024-07-22 15:43:52
3100000,202431000000300138,삼육중학교,,서울특별시 노원구 공릉2동 26-38번지,37.640759,127.108193,7,2003,기타,Y,N,,N,02-2116-0629,서울시 노원구청,2024-07-22,I,2026-05-15 18:45:05,2024-07-22 15:43:51
3100000,202431000000300120,노원중학교,,서울특별시 노원구 상계6동 738번지,37.652291,127.055936,20,2002,기타,Y,N,,N,02-2116-0629,서울시 노원구청,2024-07-22,I,2026-05-15 18:45:05,2024-07-22 15:43:51
3100000,202431000000300098,녹천중학교,,서울특별시 노원구 월계4동 321-7,37.654375,127.056318,140,2003,거치형,N,N,,N,02-2116-0629,서울시 노원구청,2024-07-22,I,2026-05-15 18:45:05,2024-07-22 15:43:51
3100000,202431000000300066,중랑천,,서울특별시 노원구 주공17단지앞,37.654375,127.056318,25,2010,거치형,N,N,,N,02-2116-0629,서울시 노원구청,2024-07-22,I,2026-05-15 18:45:05,2024-07-22 15:43:51
3100000,202431000000300027,은행사거리,,서울특별시 노원구 중계본동 366-6,37.650891,127.077089,3,2014,단독형,N,N,,N,02-2116-0629,서울시 노원구청,2024-07-22,I,2026-05-15 18:45:05,2024-07-22 15:43:51
3100000,202431000000300037,주공702동앞 두레문고뒤,,서울특별시 노원구 상계동692,37.658535,127.060447,25,2010,거치형,N,N,,N,02-2116-0629,서울시 노원구청,2024-07-22,I,2026-05-15 18:45:05,2024-07-22 15:43:51
3100000,202431000000300150,당현지구대,,서울특별시 노원구 중계3동 511-1,37.642057,127.068598,10,2009,거치형,N,N,,N,02-2116-0629,서울시 노원구청,2024-07-22,I,2026-05-15 18:45:05,2024-07-22 15:43:51
3100000,202431000000300089,상명고등학교,,서울특별시 노원구 중계3동 515,37.649244,127.068293,125,2012,기타,Y,N,,N,02-2116-0629,서울시 노원구청,2024-07-22,I,2026-05-15 18:45:05,2024-07-22 15:43:51
3100000,202431000000300072,하계중학교,,서울특별시 노원구 하계231-4,37.654375,127.056318,20,2008,기타,Y,N,,N,02-2116-0629,서울시 노원구청,2024-07-22,I,2026-05-15 18:45:05,2024-07-22 15:43:51
3100000,202431000000300125,노원고등학교,,서울특별시 노원구 상계2동 195-5번지,37.652214,127.068958,98,2001,기타,Y,N,,N,02-2116-0629,서울시 노원구청,2024-07-22,I,2026-05-15 18:45:05,2024-07-22 15:43:51
3100000,202431000000300114,상경중학교,,서울특별시 노원구 상계8동 653번지,37.666652,127.053533,35,2003,기타,Y,N,,N,02-2116-0629,서울시 노원구청,2024-07-22,I,2026-05-15 18:45:05,2024-07-22 15:43:51
3100000,202431000000300276,수락산역 3번출구,,서울특별시 노원구 상계1동1132-35번지,37.676535,127.055618,20,2005,기타,Y,N,,N,02-2116-0629,서울시 노원구청,2024-07-22,I,2026-05-15 18:45:05,2024-07-22 15:43:52
3100000,202431000000300067,중랑천,,서울특별시 노원구 녹천교자전거대여소앞,37.654375,127.056318,10,2010,거치형,N,N,,N,02-2116-0629,서울시 노원구청,2024-07-22,I,2026-05-15 18:45:05,2024-07-22 15:43:51
3100000,202431000000300126,용화여자고등학교,,서울특별시 노원구 상계10동 (노원길),37.661245,127.060243,15,2003,거치형,N,N,,N,02-2116-0629,서울시 노원구청,2024-07-22,I,2026-05-15 18:45:05,2024-07-22 15:43:51
3100000,202431000000300054,은행사거리,,서울특별시 노원구 중계본동 360번지일대,37.646084,127.080004,34,2005,기타,N,N,,N,02-2116-0629,서울시 노원구청,2024-07-22,I,2026-05-15 18:45:05,2024-07-22 15:43:51
3100000,202431000000300328,삼육고등학교,,서울특별시 노원구 공릉동 26-38,37.640714,127.108182,50,2015,기타,Y,N,,N,02-2116-0629,서울시 노원구청,2024-07-22,I,2026-05-15 18:45:05,2024-07-22 15:43:53
3100000,202431000000300014,상명고교 사거리,,서울특별시 노원구 중계동 515,37.649199,127.068271,8,2015,거치형,N,N,,N,02-2116-0629,서울시 노원구청,2024-07-22,I,2026-05-15 18:45:05,2024-07-22 15:43:50
3100000,202431000000300033,석계역 공영 노외주차장,,서울특별시 노원구 월계동65-1,37.616005,127.064891,20,2009,거치형,N,N,,N,02-2116-0629,서울시 노원구청,2024-07-22,I,2026-05-15 18:45:05,2024-07-22 15:43:51
3100000,202431000000300277,수락산역 1번출구,,서울특별시 노원구 상계1동1269번지,37.679239,127.056887,5,2003,거치형,N,N,,N,02-2116-0629,서울시 노원구청,2024-07-22,I,2026-05-15 18:45:05,2024-07-22 15:43:52
3100000,202431000000300259,당고개역 북측,,서울특별시 노원구 상계4동전철밑,37.672624,127.083021,15,2006,거치형,N,N,,N,02-2116-0629,서울시 노원구청,2024-07-22,I,2026-05-15 18:45:05,2024-07-22 15:43:52
3100000,202431000000300291,화랑대역 1번출구,,서울특별시 노원구 공릉2동280-4번지,37.619978,127.083091,20,2007,기타,Y,N,,N,02-2116-0629,서울시 노원구청,2024-07-22,I,2026-05-15 18:45:05,2024-07-22 15:43:52
3100000,202431000000300167,공릉2동주민센터,,서울특별시 노원구 공릉2동87-7번지,37.621313,127.083277,10,2007,기타,Y,N,,N,02-2116-0629,서울시 노원구청,2024-07-22,I,2026-05-15 18:45:05,2024-07-22 15:43:51
3100000,202431000000300076,대진고등학교,,서울특별시 노원구 하계1동55,37.637401,127.075794,38,2005,기타,Y,N,,N,02-2116-0629,서울시 노원구청,2024-07-22,I,2026-05-15 18:45:05,2024-07-22 15:43:51
3100000,202431000000300304,중랑천,,서울특별시 노원구 상계교밑,37.654375,127.056318,10,2010,거치형,N,N,,N,02-2116-0629,서울시 노원구청,2024-07-22,I,2026-05-15 18:45:05,2024-07-22 15:43:52
3100000,202431000000300335,육군사관학교,,서울특별시 노원구 공릉동 사서함 77호,37.630511,127.091004,10,2009,거치형,N,N,,N,02-2116-0629,서울시 노원구청,2024-07-22,I,2026-05-15 18:45:05,2024-07-22 15:43:53
3100000,202431000000300188,월계정보도서관,,서울특별시 노원구 월계동598번지,37.628604,127.056066,14,2008,거치형,N,N,,N,02-2116-0629,서울시 노원구청,2024-07-22,I,2026-05-15 18:45:05,2024-07-22 15:43:52
3100000,202431000000300084,재현중학교,,서울특별시 노원구 중계4동129-1,37.661584,127.081456,22,2006,기타,Y,N,,N,02-2116-0629,서울시 노원구청,2024-07-22,I,2026-05-15 18:45:05,2024-07-22 15:43:51
3100000,202431000000300135,태랑중학교,,서울특별시 노원구 공릉2동 117번지,37.626765,127.091525,60,2004,거치형,N,N,,N,02-2116-0629,서울시 노원구청,2024-07-22,I,2026-05-15 18:45:05,2024-07-22 15:43:51
3100000,202431000000300099,인덕공업고등학교,,서울특별시 노원구 월계4동 산76번지,37.654375,127.056318,50,2016,기타,Y,N,,N,02-2116-0629,서울시 노원구청,2024-07-22,I,2026-05-15 18:45:05,2024-07-22 15:43:51
3100000,202431000000300163,상계6동우체국,,서울특별시 노원구 상계6.7동734,37.653442,127.057871,70,2010,거치형,N,N,,N,02-2116-0629,서울시 노원구청,2024-07-22,I,2026-05-15 18:45:05,2024-07-22 15:43:51
3100000,202431000000300049,백병원 맞은편,,"서울특별시 노원구 상계6,7동 763-7",37.648437,127.061968,40,2009,거치형,N,N,,N,02-2116-0629,서울시 노원구청,2024-07-22,I,2026-05-15 18:45:05,2024-07-22 15:43:51
3100000,202431000000300191,하계119안전센터,,서울특별시 노원구 하계1동251-14번지,37.638184,127.071061,10,2009,거치형,N,N,,N,02-2116-0629,서울시 노원구청,2024-07-22,I,2026-05-15 18:45:05,2024-07-22 15:43:52
3100000,202431000000300253,상계역 육교 밑,,서울특별시 노원구 상계5동육교밑,37.662994,127.069471,35,2006,거치형,N,N,,N,02-2116-0629,서울시 노원구청,2024-07-22,I,2026-05-15 18:45:05,2024-07-22 15:43:52
3100000,202431000000300278,수락산역 1번출구,,서울특별시 노원구 상계1동1268번지,37.679042,127.055892,10,2003,기타,Y,N,,N,02-2116-0629,서울시 노원구청,2024-07-22,I,2026-05-15 18:45:05,2024-07-22 15:43:52
3100000,202431000000300280,공릉역 4번출구,,서울특별시 노원구 공릉동 383-7,37.625985,127.072391,10,2014,기타,Y,N,,N,02-2116-0629,서울시 노원구청,2024-07-22,I,2026-05-15 18:45:05,2024-07-22 15:43:52
3100000,202431000000300078,대진고등학교,,서울특별시 노원구 하계1동55,37.637401,127.075794,65,2011,기타,Y,N,,N,02-2116-0629,서울시 노원구청,2024-07-22,I,2026-05-15 18:45:05,2024-07-22 15:43:51
3100000,202431000000300156,평화사회복지관,,서울특별시 노원구 중계3동 514-3번지,37.646431,127.068962,7,2004,기타,Y,N,,N,02-2116-0629,서울시 노원구청,2024-07-22,I,2026-05-15 18:45:05,2024-07-22 15:43:51
3100000,202431000000300140,공릉중학교,,서울특별시 노원구 공릉2동 250-1번지,37.622259,127.084444,12,2009,거치형,N,N,,N,02-2116-0629,서울시 노원구청,2024-07-22,I,2026-05-15 18:45:05,2024-07-22 15:43:51
3100000,202431000000300239,마들역 7번출구,,서울특별시 노원구 상계8동647번지,37.668386,127.055211,14,1997,기타,Y,N,,N,02-2116-0629,서울시 노원구청,2024-07-22,I,2026-05-15 18:45:05,2024-07-22 15:43:52
3100000,202431000000300152,월계2동 주민센터 옆,,서울특별시 노원구 월계동 777-1,37.632301,127.050808,10,2009,거치형,N,N,,N,02-2116-0629,서울시 노원구청,2024-07-22,I,2026-05-15 18:45:05,2024-07-22 15:43:51
3100000,202431000000300132,수락중학교,,서울특별시 노원구 상계1동 1254번지,37.682961,127.054573,50,2001,거치형,N,N,,N,02-2116-0629,서울시 노원구청,2024-07-22,I,2026-05-15 18:45:05,2024-07-22 15:43:51
3100000,202431000000300144,노원역지구대,,서울특별시 노원구 상계7동 720,37.653705,127.064916,5,2015,거치형,N,N,,N,02-2116-0629,서울시 노원구청,2024-07-22,I,2026-05-15 18:45:05,2024-07-22 15:43:51
3100000,202431000000300124,노원고등학교,,서울특별시 노원구 상계2동 195-5번지,37.652214,127.068958,90,2011,기타,Y,N,,N,02-2116-0629,서울시 노원구청,2024-07-22,I,2026-05-15 18:45:05,2024-07-22 15:43:51
3100000,202431000000300341,상명여자중고등학교,,서울특별시 노원구 중계3동515,37.649244,127.068293,160,2008,기타,N,N,,N,02-2116-0629,서울시 노원구청,2024-07-22,I,2026-05-15 18:45:05,2024-07-22 15:43:53
3100000,202431000000300268,수락산역 5번출구,,서울특별시 노원구 상계1동1132-1번지,37.677791,127.054911,10,2004,기타,Y,N,,N,02-2116-0629,서울시 노원구청,2024-07-22,I,2026-05-15 18:45:05,2024-07-22 15:43:52
3100000,202431000000300082,불암고등학교,,서울특별시 노원구 중계본동364-10,37.648842,127.080162,14,2002,기타,Y,N,,N,02-2116-0629,서울시 노원구청,2024-07-22,I,2026-05-15 18:45:05,2024-07-22 15:43:51
3100000,202431000000300005,하계동 장미아파트상가앞,,서울특별시 노원구 하계동 273,37.633591,127.067922,10,2016,거치형,N,N,,N,02-2116-0629,서울시 노원구청,2024-07-22,I,2026-05-15 18:45:05,2024-07-22 15:43:50
3100000,202431000000300061,상계백병원,,서울특별시 노원구 상계7동 761-1번지,37.648518,127.063089,40,2007,기타,Y,N,,N,02-2116-0629,서울시 노원구청,2024-07-22,I,2026-05-15 18:45:05,2024-07-22 15:43:51
3100000,202431000000300155,중계본동주민센터,,서울특별시 노원구 중계본동66-5번지,37.646701,127.082852,7,2007,기타,Y,N,,N,02-2116-0629,서울시 노원구청,2024-07-22,I,2026-05-15 18:45:05,2024-07-22 15:43:51
3100000,202431000000300121,노일중학교,,서울특별시 노원구 상계6동 743번지,37.649051,127.059796,40,2015,기타,Y,N,,N,02-2116-0629,서울시 노원구청,2024-07-22,I,2026-05-15 18:45:05,2024-07-22 15:43:51
3100000,202431000000300265,마들역 4번출구,,서울특별시 노원구 상계10동670번지,37.662993,127.060153,15,2011,거치형,N,N,,N,02-2116-0629,서울시 노원구청,2024-07-22,I,2026-05-15 18:45:05,2024-07-22 15:43:52
3100000,202431000000300202,하계역 4번출구,,서울특별시 노원구 하계2동273번지,37.633591,127.067922,31,1997,기타,Y,N,,N,02-2116-0629,서울시 노원구청,2024-07-22,I,2026-05-15 18:45:05,2024-07-22 15:43:52
3100000,202431000000300336,서울정민학교,,서울특별시 노원구 하계동153-1,37.634412,127.072671,50,2009,거치형,N,N,,N,02-2116-0629,서울시 노원구청,2024-07-22,I,2026-05-15 18:45:05,2024-07-22 15:43:53
3100000,202431000000300274,수락산역 3번출구,,서울특별시 노원구 상계1동1132-35번지,37.676535,127.055618,7,2016,기타,Y,N,,N,02-2116-0629,서울시 노원구청,2024-07-22,I,2026-05-15 18:45:05,2024-07-22 15:43:52
3100000,202431000000300180,노원구청,,서울특별시 노원구 상계6동701-1번지,37.654269,127.056534,179,2008,기타,Y,N,,N,02-2116-0629,서울시 노원구청,2024-07-22,I,2026-05-15 18:45:05,2024-07-22 15:43:51
3100000,202431000000300145,노원역지구대,,서울특별시 노원구 상계7동 720,37.653705,127.064916,10,2015,거치형,N,N,,N,02-2116-0629,서울시 노원구청,2024-07-22,I,2026-05-15 18:45:05,2024-07-22 15:43:51
3100000,202431000000300137,삼육중학교,,서울특별시 노원구 공릉2동 26-38번지,37.640759,127.108193,50,2015,기타,Y,N,,N,02-2116-0629,서울시 노원구청,2024-07-22,I,2026-05-15 18:45:05,2024-07-22 15:43:51
3100000,202431000000300063,상계주공2단지,,서울특별시 노원구 상계6동740번지,37.649899,127.058833,60,2007,기타,Y,N,,N,02-2116-0629,서울시 노원구청,2024-07-22,I,2026-05-15 18:45:05,2024-07-22 15:43:51
3100000,202431000000300151,화랑지구대,,서울특별시 노원구 공릉1동 567-18,37.622542,127.074539,10,2009,거치형,N,N,,N,02-2116-0629,서울시 노원구청,2024-07-22,I,2026-05-15 18:45:05,2024-07-22 15:43:51
3100000,202431000000300182,도봉면허시험장,,서울특별시 노원구 상계10동611-1번지,37.655911,127.058792,10,2006,기타,Y,N,,N,02-2116-0629,서울시 노원구청,2024-07-22,I,2026-05-15 18:45:05,2024-07-22 15:43:51
3100000,202431000000300130,수락고등학교,,서울특별시 노원구 상계1동 1254번지,37.682961,127.054573,21,2001,기타,Y,N,,N,02-2116-0629,서울시 노원구청,2024-07-22,I,2026-05-15 18:45:05,2024-07-22 15:43:51
3100000,202431000000300173,상계8동주민센터,,서울특별시 노원구 상계8동658번지,37.666762,127.051548,7,2007,기타,Y,N,,N,02-2116-0629,서울시 노원구청,2024-07-22,I,2026-05-15 18:45:05,2024-07-22 15:43:51
3100000,202431000000300224,월계역 4번출구,,서울특별시 노원구 월계4동303-3번지,37.654375,127.056318,5,2016,거치형,N,N,,N,02-2116-0629,서울시 노원구청,2024-07-22,I,2026-05-15 18:45:05,2024-07-22 15:43:52
3100000,202431000000300055,은행사거리,,서울특별시 노원구 중계본동 360번지일대,37.646084,127.080004,28,2005,기타,Y,N,,N,02-2116-0629,서울시 노원구청,2024-07-22,I,2026-05-15 18:45:05,2024-07-22 15:43:51
3100000,202431000000300210,중계역 6번출구,,서울특별시 노원구 중계2동500번지,37.645623,127.062683,10,2016,기타,Y,N,,N,02-2116-0629,서울시 노원구청,2024-07-22,I,2026-05-15 18:45:05,2024-07-22 15:43:52
3100000,202431000000300263,노원역 1번출구,,서울특별시 노원구 상계2동339-2번지,37.656633,127.063814,7,2004,기타,Y,N,,N,02-2116-0629,서울시 노원구청,2024-07-22,I,2026-05-15 18:45:05,2024-07-22 15:43:52
3100000,202431000000300201,하계역 5번출구,,서울특별시 노원구 하계2동270번지,37.636794,127.066261,14,1997,기타,Y,N,,N,02-2116-0629,서울시 노원구청,2024-07-22,I,2026-05-15 18:45:05,2024-07-22 15:43:52
3100000,202431000000300018,백병원 건너편,,서울특별시 노원구 상계동 747,37.649088,127.062164,5,2015,거치형,N,N,,N,02-2116-0629,서울시 노원구청,2024-07-22,I,2026-05-15 18:45:05,2024-07-22 15:43:51
3100000,202431000000300284,공릉역 2번출구,,서울특별시 노원구 공릉3동395-8번지,37.625282,127.073441,14,2004,기타,Y,N,,N,02-2116-0629,서울시 노원구청,2024-07-22,I,2026-05-15 18:45:05,2024-07-22 15:43:52
3100000,202431000000300058,삼성생명 앞,,서울특별시 노원구 상계동730,37.653137,127.060402,15,1997,거치형,N,N,,N,02-2116-0629,서울시 노원구청,2024-07-22,I,2026-05-15 18:45:05,2024-07-22 15:43:51
3100000,202431000000300314,등나무근린공원,,서울특별시 노원구 중계3동 508-1번지,37.640283,127.067679,10,2006,기타,Y,N,,N,02-2116-0629,서울시 노원구청,2024-07-22,I,2026-05-15 18:45:05,2024-07-22 15:43:52
3100000,202431000000300045,노원역 롯데백화점 앞,,서울특별시 노원구 상계2동713번지,37.654963,127.061093,10,2009,거치형,N,N,,N,02-2116-0629,서울시 노원구청,2024-07-22,I,2026-05-15 18:45:05,2024-07-22 15:43:51
3100000,202431000000300211,중계역 6번출구,,서울특별시 노원구 중계2동500번지,37.645623,127.062683,20,2001,거치형,N,N,,N,02-2116-0629,서울시 노원구청,2024-07-22,I,2026-05-15 18:45:05,2024-07-22 15:43:52
3100000,202431000000300344,서울산업대학교,,서울특별시 노원구 공릉동172,37.632683,127.079751,49,2011,기타,Y,N,,N,02-2116-0629,서울시 노원구청,2024-07-22,I,2026-05-15 18:45:05,2024-07-22 15:43:53
3100000,202431000000300229,석계역 1번출구,,서울특별시 노원구 월계1동46-1번지,37.615179,127.065139,10,2004,거치형,N,N,,N,02-2116-0629,서울시 노원구청,2024-07-22,I,2026-05-15 18:45:05,2024-07-22 15:43:52
3100000,202431000000300186,수락119안전센터,,서울특별시 노원구 상계1동1267-1번지,37.679699,127.055804,5,2008,거치형,N,N,,N,02-2116-0629,서울시 노원구청,2024-07-22,I,2026-05-15 18:45:05,2024-07-22 15:43:52
3100000,202431000000300199,중계역 북측,,서울특별시 노원구 상계7동749-5번지,37.650007,127.062131,10,2007,기타,Y,N,,N,02-2116-0629,서울시 노원구청,2024-07-22,I,2026-05-15 18:45:05,2024-07-22 15:43:52
3100000,202431000000300197,상계1동주민센터,,서울특별시 노원구 상계1동1259번지,37.679854,127.054873,14,2007,기타,Y,N,,N,02-2116-0629,서울시 노원구청,2024-07-22,I,2026-05-15 18:45:05,2024-07-22 15:43:52
3100000,202431000000300230,"석계역2,3번출구",,서울특별시 노원구 월계1동39-1번지,37.615381,127.064581,20,2001,기타,Y,N,,N,02-2116-0629,서울시 노원구청,2024-07-22,I,2026-05-15 18:45:05,2024-07-22 15:43:52
3100000,202431000000300271,수락산역 4~5번출구,,서울특별시 노원구 상계1동1132-144번지,37.677475,127.054846,21,2003,기타,Y,N,,N,02-2116-0629,서울시 노원구청,2024-07-22,I,2026-05-15 18:45:05,2024-07-22 15:43:52
3100000,202431000000300178,노원구청,,서울특별시 노원구 상계6동701-1번지,37.654269,127.056534,10,2015,거치형,N,N,,N,02-2116-0629,서울시 노원구청,2024-07-22,I,2026-05-15 18:45:05,2024-07-22 15:43:51
3100000,202431000000300053,은행사거리,,서울특별시 노원구 중계본동 360번지일대,37.646084,127.080004,76,2005,거치형,N,N,,N,02-2116-0629,서울시 노원구청,2024-07-22,I,2026-05-15 18:45:05,2024-07-22 15:43:51
3100000,202431000000300110,청원중학교,,서울특별시 노원구 상계9동 641번지,37.666001,127.062303,67,2011,기타,Y,N,,N,02-2116-0629,서울시 노원구청,2024-07-22,I,2026-05-15 18:45:05,2024-07-22 15:43:51
3100000,202431000000300333,신창중학교,,서울특별시 노원구 월계2동805-5,37.628304,127.047913,20,2014,기타,Y,N,,N,02-2116-0629,서울시 노원구청,2024-07-22,I,2026-05-15 18:45:05,2024-07-22 15:43:53
3100000,202431000000300042,창동교 진입부,,서울특별시 노원구 상계동,37.672994,127.070321,15,2009,거치형,N,N,,N,02-2116-0629,서울시 노원구청,2024-07-22,I,2026-05-15 18:45:05,2024-07-22 15:43:51
3100000,202431000000300221,중계역 5번출구,,서울특별시 노원구 중계2동502-1번지,37.644259,127.063392,5,2009,거치형,N,N,,N,02-2116-0629,서울시 노원구청,2024-07-22,I,2026-05-15 18:45:05,2024-07-22 15:43:52
3100000,202431000000300219,중계역 1번출구,,서울특별시 노원구 중계2동515-2번지,37.646812,127.066091,60,2003,기타,Y,N,,N,02-2116-0629,서울시 노원구청,2024-07-22,I,2026-05-15 18:45:05,2024-07-22 15:43:52
3100000,202431000000300256,상계역 북측주차장,,서울특별시 노원구 상계5동전철밑,37.662994,127.069471,69,1995,기타,Y,N,,N,02-2116-0629,서울시 노원구청,2024-07-22,I,2026-05-15 18:45:05,2024-07-22 15:43:52
3100000,202431000000300023,은행사거리,,서울특별시 노원구 중계1동 360-2,37.649671,127.074351,15,2014,단독형,N,N,,N,02-2116-0629,서울시 노원구청,2024-07-22,I,2026-05-15 18:45:05,2024-07-22 15:43:51
3100000,202431000000300250,노원역 6번출구,,서울특별시 노원구 상계6동731-5번지,37.653794,127.060212,59,2005,기타,Y,N,,N,02-2116-0629,서울시 노원구청,2024-07-22,I,2026-05-15 18:45:05,2024-07-22 15:43:52
3100000,202431000000300243,마들역 6번출구,,서울특별시 노원구 상계8동651-8번지,37.664811,127.057399,51,1997,기타,Y,N,,N,02-2116-0629,서울시 노원구청,2024-07-22,I,2026-05-15 18:45:05,2024-07-22 15:43:52
3100000,202431000000300319,노해근린공원,,서울특별시 노원구 중계1동 360-18,37.648663,127.071076,28,1998,기타,Y,N,,N,02-2116-0629,서울시 노원구청,2024-07-22,I,2026-05-15 18:45:05,2024-07-22 15:43:53
3100000,202431000000300251,상계역 2번출구,,서울특별시 노원구 상계5동173-1번지,37.660973,127.072521,20,2009,거치형,N,N,,N,02-2116-0629,서울시 노원구청,2024-07-22,I,2026-05-15 18:45:05,2024-07-22 15:43:52
3100000,202431000000300142,노원소방서,,서울특별시 노원구 한글비석로1길 8,37.638184,127.071061,10,2016,기타,Y,N,,N,02-2116-0629,서울시 노원구청,2024-07-22,I,2026-05-15 18:45:05,2024-07-22 15:43:51
3100000,202431000000300303,태릉입구역 1번출구,,서울특별시 노원구 공릉1동680-5번지,37.617634,127.074895,20,2004,기타,Y,N,,N,02-2116-0629,서울시 노원구청,2024-07-22,I,2026-05-15 18:45:05,2024-07-22 15:43:52
3100000,202431000000300298,태릉입구역 5번출구,,서울특별시 노원구 공릉1동670-3번지,37.618173,127.075783,10,2005,기타,Y,N,,N,02-2116-0629,서울시 노원구청,2024-07-22,I,2026-05-15 18:45:05,2024-07-22 15:43:52
3100000,202431000000300340,재현고등학교,,서울특별시 노원구 중계4동129-1,37.661584,127.081456,32,2009,거치형,N,N,,N,02-2116-0629,서울시 노원구청,2024-07-22,I,2026-05-15 18:45:05,2024-07-22 15:43:53
3100000,202431000000300097,녹천중학교,,서울특별시 노원구 월계4동 321-7,37.654375,127.056318,81,2006,기타,Y,N,,N,02-2116-0629,서울시 노원구청,2024-07-22,I,2026-05-15 18:45:05,2024-07-22 15:43:51
3100000,202431000000300004,상계동 하라프라자앞,,서울특별시 노원구 상계동 764-1,37.646739,127.062567,10,2016,거치형,N,N,,N,02-2116-0629,서울시 노원구청,2024-07-22,I,2026-05-15 18:45:05,2024-07-22 15:43:50
3100000,202431000000300189,월계정보도서관,,서울특별시 노원구 월계동598번지,37.628604,127.056066,10,2008,기타,Y,N,,N,02-2116-0629,서울시 노원구청,2024-07-22,I,2026-05-15 18:45:05,2024-07-22 15:43:52
3100000,202431000000300100,인덕공업고등학교,,서울특별시 노원구 월계4동 산76번지,37.654375,127.056318,80,2011,기타,Y,N,,N,02-2116-0629,서울시 노원구청,2024-07-22,I,2026-05-15 18:45:05,2024-07-22 15:43:51
3100000,202431000000300010,월계정보도서관,,서울특별시 노원구 월계동 598,37.628604,127.056066,10,2016,거치형,N,N,,N,02-2116-0629,서울시 노원구청,2024-07-22,I,2026-05-15 18:45:05,2024-07-22 15:43:50
3100000,202431000000300162,상계6동우체국,,서울특별시 노원구 상계6.7동734,37.653442,127.057871,5,2011,거치형,N,N,,N,02-2116-0629,서울시 노원구청,2024-07-22,I,2026-05-15 18:45:05,2024-07-22 15:43:51
3100000,202431000000300074,혜성여고,,서울특별시 노원구 하계1동 266-2번지,37.641159,127.073663,40,2016,기타,Y,N,,N,02-2116-0629,서울시 노원구청,2024-07-22,I,2026-05-15 18:45:05,2024-07-22 15:43:51
3100000,202431000000300311,골마을근린공원,,서울특별시 노원구 하계1동 251-8,37.638675,127.073999,8,1998,기타,Y,N,,N,02-2116-0629,서울시 노원구청,2024-07-22,I,2026-05-15 18:45:05,2024-07-22 15:43:52
3100000,202431000000300193,하계2동주민센터,,서울특별시 노원구 하계2동273-2번지,37.632004,127.067841,7,2007,기타,Y,N,,N,02-2116-0629,서울시 노원구청,2024-07-22,I,2026-05-15 18:45:05,2024-07-22 15:43:52
3100000,202431000000300036,은행사거리,,서울특별시 노원구 중계364,37.654375,127.056318,20,2010,거치형,N,N,,N,02-2116-0629,서울시 노원구청,2024-07-22,I,2026-05-15 18:45:05,2024-07-22 15:43:51
3100000,202431000000300171,중계동영재과학센타,,서울특별시 노원구 중계동359-4,37.652841,127.077688,15,2010,거치형,N,N,,N,02-2116-0629,서울시 노원구청,2024-07-22,I,2026-05-15 18:45:05,2024-07-22 15:43:51
3100000,202431000000300317,중계근린공원,,서울특별시 노원구 중계2동 507-3,37.639701,127.065761,7,1997,기타,Y,N,,N,02-2116-0629,서울시 노원구청,2024-07-22,I,2026-05-15 18:45:05,2024-07-22 15:43:52
3100000,202431000000300039,롯데마트,,서울특별시 노원구 중계동 361,37.646509,127.071081,40,2011,거치형,N,N,,N,02-2116-0629,서울시 노원구청,2024-07-22,I,2026-05-15 18:45:05,2024-07-22 15:43:51
3100000,202431000000300310,한글비근린공원,,서울특별시 노원구 하계1동 288-2,37.644935,127.073706,16,1998,기타,Y,N,,N,02-2116-0629,서울시 노원구청,2024-07-22,I,2026-05-15 18:45:05,2024-07-22 15:43:52
3100000,202431000000300184,청소년수련관,,서울특별시 노원구 상계6동722번지,37.654883,127.066953,25,2008,거치형,N,N,,N,02-2116-0629,서울시 노원구청,2024-07-22,I,2026-05-15 18:45:05,2024-07-22 15:43:52
3100000,202431000000300008,다이소노원본점앞,,서울특별시 노원구 동일로 1392,37.653027,127.061299,5,2016,거치형,N,N,,N,02-2116-0629,서울시 노원구청,2024-07-22,I,2026-05-15 18:45:05,2024-07-22 15:43:50
3100000,202431000000300022,은행사거리,,서울특별시 노원구 중계1동 360-2,37.649671,127.074351,20,2014,단독형,N,N,,N,02-2116-0629,서울시 노원구청,2024-07-22,I,2026-05-15 18:45:05,2024-07-22 15:43:51
3100000,202431000000300342,온곡중학교,,서울특별시 노원구 상계10동687,37.660163,127.064688,18,2008,기타,N,N,,N,02-2116-0629,서울시 노원구청,2024-07-22,I,2026-05-15 18:45:05,2024-07-22 15:43:53
3100000,202431000000300068,중랑천,,서울특별시 노원구 창동교밑,37.654375,127.056318,15,2010,거치형,N,N,,N,02-2116-0629,서울시 노원구청,2024-07-22,I,2026-05-15 18:45:05,2024-07-22 15:43:51
3100000,202431000000300029,구 아라유치원앞,,서울특별시 노원구 상계6.7동 751-4,37.652141,127.065469,15,2014,거치형,N,N,,N,02-2116-0629,서울시 노원구청,2024-07-22,I,2026-05-15 18:45:05,2024-07-22 15:43:51
3100000,202431000000300179,노원구청,,서울특별시 노원구 상계6동701-1번지,37.654269,127.056534,7,2014,거치형,N,N,,N,02-2116-0629,서울시 노원구청,2024-07-22,I,2026-05-15 18:45:05,2024-07-22 15:43:51
3100000,202431000000300295,태릉입구역 7번출구,,서울특별시 노원구 공릉1동672-8번지,37.617912,127.075899,20,2007,기타,Y,N,,N,02-2116-0629,서울시 노원구청,2024-07-22,I,2026-05-15 18:45:05,2024-07-22 15:43:52
3100000,202431000000300207,하계역 2번출구,,서울특별시 노원구 하계1동284번지,37.637958,127.068706,28,1997,기타,Y,N,,N,02-2116-0629,서울시 노원구청,2024-07-22,I,2026-05-15 18:45:05,2024-07-22 15:43:52
3100000,202431000000300044,을지병원 택시승차장 앞,,서울특별시 노원구 하계1동 289-1,37.644245,127.074134,15,2009,거치형,N,N,,N,02-2116-0629,서울시 노원구청,2024-07-22,I,2026-05-15 18:45:05,2024-07-22 15:43:51
3100000,202431000000300260,노원역4번출구,,서울특별시 노원구 상계2동713번지,37.654963,127.061093,46,1997,기타,Y,N,,N,02-2116-0629,서울시 노원구청,2024-07-22,I,2026-05-15 18:45:05,2024-07-22 15:43:52
3100000,202431000000300214,중계역 2번출구,,서울특별시 노원구 중계3동513번지,37.644751,127.065255,10,2004,거치형,N,N,,N,02-2116-0629,서울시 노원구청,2024-07-22,I,2026-05-15 18:45:05,2024-07-22 15:43:52
3100000,202431000000300223,중계역 4번출구,,서울특별시 노원구 중계2동502-1번지,37.644259,127.063392,45,2006,기타,Y,N,,N,02-2116-0629,서울시 노원구청,2024-07-22,I,2026-05-15 18:45:05,2024-07-22 15:43:52
3100000,202431000000300147,노원면허시험장,,서울특별시 노원구 상계10동동일로1449,37.657747,127.057669,40,2013,기타,Y,N,,N,02-2116-0629,서울시 노원구청,2024-07-22,I,2026-05-15 18:45:05,2024-07-22 15:43:51
3100000,202431000000300143,상계1파출소,,서울특별시 노원구 상계1동 1261,37.679666,127.055034,5,2014,거치형,N,N,,N,02-2116-0629,서울시 노원구청,2024-07-22,I,2026-05-15 18:45:05,2024-07-22 15:43:51
3100000,202431000000300322,상계근린공원,,서울특별시 노원구 상계8동 620,37.669547,127.050481,16,1998,기타,Y,N,,N,02-2116-0629,서울시 노원구청,2024-07-22,I,2026-05-15 18:45:05,2024-07-22 15:43:53
3100000,202431000000300240,마들역 6번출구,,서울특별시 노원구 상계8동651-8번지,37.664811,127.057399,10,2014,기타,Y,N,,N,02-2116-0629,서울시 노원구청,2024-07-22,I,2026-05-15 18:45:05,2024-07-22 15:43:52
3100000,202431000000300133,한천중학교 앞,,서울특별시 노원구 공릉동481-1,37.630615,127.073318,13,2009,거치형,N,N,,N,02-2116-0629,서울시 노원구청,2024-07-22,I,2026-05-15 18:45:05,2024-07-22 15:43:51
3100000,202431000000300187,공릉119안전센터,,서울특별시 노원구 공릉1동656-4번지,37.619058,127.080733,20,2008,기타,Y,N,,N,02-2116-0629,서울시 노원구청,2024-07-22,I,2026-05-15 18:45:05,2024-07-22 15:43:52
3100000,202431000000300220,중계역 5번출구,,서울특별시 노원구 중계2동502-1번지,37.644259,127.063392,10,2016,거치형,N,N,,N,02-2116-0629,서울시 노원구청,2024-07-22,I,2026-05-15 18:45:05,2024-07-22 15:43:52
3100000,202431000000300043,마들스타디움,,서울특별시 노원구 상계동770-2,37.644083,127.058295,30,2009,거치형,N,N,,N,02-2116-0629,서울시 노원구청,2024-07-22,I,2026-05-15 18:45:05,2024-07-22 15:43:51
3100000,202431000000300208,하계역 1번출구,,서울특별시 노원구 하계1동284번지,37.637958,127.068706,21,1997,기타,Y,N,,N,02-2116-0629,서울시 노원구청,2024-07-22,I,2026-05-15 18:45:05,2024-07-22 15:43:52
3100000,202431000000300052,은행사거리,,서울특별시 노원구 중계본동 360번지일대,37.646084,127.080004,35,2011,거치형,N,N,,N,02-2116-0629,서울시 노원구청,2024-07-22,I,2026-05-15 18:45:05,2024-07-22 15:43:51
3100000,202431000000300192,하계119안전센터,,서울특별시 노원구 하계1동251-14번지,37.638184,127.071061,20,2007,기타,Y,N,,N,02-2116-0629,서울시 노원구청,2024-07-22,I,2026-05-15 18:45:05,2024-07-22 15:43:52
3100000,202431000000300081,영신여자고등학교,,서울특별시 노원구 중계본동118,37.652198,127.082988,120,2012,기타,Y,N,,N,02-2116-0629,서울시 노원구청,2024-07-22,I,2026-05-15 18:45:05,2024-07-22 15:43:51
3100000,202431000000300289,화랑대역 3번출구,,서울특별시 노원구 공릉2동89-1번지,37.620811,127.083589,90,2001,기타,Y,N,,N,02-2116-0629,서울시 노원구청,2024-07-22,I,2026-05-15 18:45:05,2024-07-22 15:43:52
3100000,202431000000300198,노원역7호선 6번출구주변,,서울특별시 노원구 상계동 731-5,37.653794,127.060212,10,2015,거치형,N,N,,N,02-2116-0629,서울시 노원구청,2024-07-22,I,2026-05-15 18:45:05,2024-07-22 15:43:52
3100000,202431000000300183,상계문화정보도서관,서울특별시 노원구 동일로243길 57,,37.678479,127.051943,40,2006,기타,Y,N,,N,02-2116-0629,서울시 노원구청,2024-07-22,I,2026-05-15 18:45:05,2024-07-22 15:43:51
3100000,202431000000300112,월계지구대,,서울특별시 노원구 월계4동 320-4,37.654375,127.056318,10,2009,거치형,N,N,,N,02-2116-0629,서울시 노원구청,2024-07-22,I,2026-05-15 18:45:05,2024-07-22 15:43:51
3100000,202431000000300332,상수초등학교,,서울특별시 노원구 상계7동755,37.651623,127.064875,24,2009,기타,N,N,,N,02-2116-0629,서울시 노원구청,2024-07-22,I,2026-05-15 18:45:05,2024-07-22 15:43:53
3100000,202431000000300107,염광고등학교,,서울특별시 노원구 월계2동 820번지,37.630793,127.050475,21,2001,기타,Y,N,,N,02-2116-0629,서울시 노원구청,2024-07-22,I,2026-05-15 18:45:05,2024-07-22 15:43:51
3100000,202431000000300159,상계2동 주민센터,,서울특별시 노원구 상계동 389-483,37.658779,127.068491,5,2009,거치형,N,N,,N,02-2116-0629,서울시 노원구청,2024-07-22,I,2026-05-15 18:45:05,2024-07-22 15:43:51
3100000,202431000000300093,청암기술학교,,서울특별시 노원구 중계1동 359-17,37.651697,127.074223,67,2004,기타,Y,N,,N,02-2116-0629,서울시 노원구청,2024-07-22,I,2026-05-15 18:45:05,2024-07-22 15:43:51
3100000,202431000000300096,서라벌고등학교,,서울특별시 노원구 중계1동360-5,37.650437,127.075621,100,2006,거치형,N,N,,N,02-2116-0629,서울시 노원구청,2024-07-22,I,2026-05-15 18:45:05,2024-07-22 15:43:51
3100000,202431000000300194,하계1동주민센터,,서울특별시 노원구 하계1동251-1번지,37.640682,127.072524,7,2007,기타,Y,N,,N,02-2116-0629,서울시 노원구청,2024-07-22,I,2026-05-15 18:45:05,2024-07-22 15:43:52
3100000,202431000000300021,온수골사거리,,서울특별시 노원구 상계10동 694-1,37.660064,127.059111,10,2014,기타,Y,N,,N,02-2116-0629,서울시 노원구청,2024-07-22,I,2026-05-15 18:45:05,2024-07-22 15:43:51
3100000,202431000000300213,중계역 3번출구,,서울특별시 노원구 중계3동513번지,37.644751,127.065255,65,2004,기타,Y,N,,N,02-2116-0629,서울시 노원구청,2024-07-22,I,2026-05-15 18:45:05,2024-07-22 15:43:52
3100000,202431000000300245,노원역 5번출구,,서울특별시 노원구 상계7동727-2번지,37.653981,127.061071,5,1997,거치형,N,N,,N,02-2116-0629,서울시 노원구청,2024-07-22,I,2026-05-15 18:45:05,2024-07-22 15:43:52
3100000,202431000000300158,중계4동주민센터,,서울특별시 노원구 중계4동369-2번지,37.658781,127.077943,7,2008,거치형,N,N,,N,02-2116-0629,서울시 노원구청,2024-07-22,I,2026-05-15 18:45:05,2024-07-22 15:43:51
3100000,202431000000300272,수락산역 4번출구,,서울특별시 노원구 상계1동1118-100번지,37.676854,127.055001,27,1997,기타,Y,N,,N,02-2116-0629,서울시 노원구청,2024-07-22,I,2026-05-15 18:45:05,2024-07-22 15:43:52
3100000,202431000000300296,태릉입구역 6번출구,,서울특별시 노원구 공릉1동670-36번지,37.617976,127.076012,15,2011,거치형,N,N,,N,02-2116-0629,서울시 노원구청,2024-07-22,I,2026-05-15 18:45:05,2024-07-22 15:43:52
3100000,202431000000300297,태릉입구역 6번출구,,서울특별시 노원구 공릉1동670-36번지,37.617976,127.076012,20,2005,기타,Y,N,,N,02-2116-0629,서울시 노원구청,2024-07-22,I,2026-05-15 18:45:05,2024-07-22 15:43:52
3100000,202431000000300305,중랑천,,서울특별시 노원구 상계주공16단지,37.654375,127.056318,5,2010,거치형,N,N,,N,02-2116-0629,서울시 노원구청,2024-07-22,I,2026-05-15 18:45:05,2024-07-22 15:43:52
3100000,202431000000300346,삼육대학교,,서울특별시 노원구 공릉2동26-21,37.642905,127.106014,280,2008,기타,Y,N,,N,02-2116-0629,서울시 노원구청,2024-07-22,I,2026-05-15 18:45:05,2024-07-22 15:43:53
3100000,202431000000300175,월계1동주민센터,,서울특별시 노원구 석계로59(월계1동928),37.619909,127.062916,7,2013,거치형,N,N,,N,02-2116-0629,서울시 노원구청,2024-07-22,I,2026-05-15 18:45:05,2024-07-22 15:43:51
3100000,202431000000300331,상원초등학교,,서울특별시 노원구 동일로221길27,37.658796,127.056987,50,2013,기타,Y,N,,N,02-2116-0629,서울시 노원구청,2024-07-22,I,2026-05-15 18:45:05,2024-07-22 15:43:53
3100000,202431000000300146,노원역지구대,,서울특별시 노원구 상계7동 720,37.653705,127.064916,10,2009,거치형,N,N,,N,02-2116-0629,서울시 노원구청,2024-07-22,I,2026-05-15 18:45:05,2024-07-22 15:43:51
3100000,202431000000300232,마들역 3번출구,,서울특별시 노원구 상계9동649-5번지,37.665408,127.057912,27,1997,기타,Y,N,,N,02-2116-0629,서울시 노원구청,2024-07-22,I,2026-05-15 18:45:05,2024-07-22 15:43:52
3100000,202431000000300113,상경중학교,,서울특별시 노원구 상계8동 653번지,37.666652,127.053533,15,2003,거치형,N,N,,N,02-2116-0629,서울시 노원구청,2024-07-22,I,2026-05-15 18:45:05,2024-07-22 15:43:51
3100000,202431000000300254,상계역 고가 밑,,서울특별시 노원구 상계동 156-203,37.661036,127.073586,195,2006,거치형,N,N,,N,02-2116-0629,서울시 노원구청,2024-07-22,I,2026-05-15 18:45:05,2024-07-22 15:43:52
3100000,202431000000300166,노원우체국,,서울특별시 노원구 중계동129번지,37.659736,127.080209,50,2010,기타,Y,N,,N,02-2116-0629,서울시 노원구청,2024-07-22,I,2026-05-15 18:45:05,2024-07-22 15:43:51
3100000,202431000000300088,상명중학교,,서울특별시 노원구 중계3동 515,37.649244,127.068293,100,2012,거치형,N,N,,N,02-2116-0629,서울시 노원구청,2024-07-22,I,2026-05-15 18:45:05,2024-07-22 15:43:51
3100000,202431000000300225,월계역 1번출구,,서울특별시 노원구 월계4동264번지,37.654375,127.056318,40,2005,거치형,N,N,,N,02-2116-0629,서울시 노원구청,2024-07-22,I,2026-05-15 18:45:05,2024-07-22 15:43:52
3100000,202431000000300123,상계중학교,,서울특별시 노원구 상계3동 95-1번지,37.665811,127.078208,40,2012,기타,Y,N,,N,02-2116-0629,서울시 노원구청,2024-07-22,I,2026-05-15 18:45:05,2024-07-22 15:43:51
3100000,202431000000300128,수락고등학교,,서울특별시 노원구 상계1동 1254번지,37.682961,127.054573,123,2011,기타,Y,N,,N,02-2116-0629,서울시 노원구청,2024-07-22,I,2026-05-15 18:45:05,2024-07-22 15:43:51
3100000,202431000000300119,상계고등학교,,서울특별시 노원구 상계동739,37.652982,127.056789,220,2002,거치형,N,N,,N,02-2116-0629,서울시 노원구청,2024-07-22,I,2026-05-15 18:45:05,2024-07-22 15:43:51
3100000,202431000000300233,마들역 2번출구,,서울특별시 노원구 상계9동649번지,37.665795,127.057941,10,2008,거치형,N,N,,N,02-2116-0629,서울시 노원구청,2024-07-22,I,2026-05-15 18:45:05,2024-07-22 15:43:52
3100000,202431000000300046,백병원 맞은편,,"서울특별시 노원구 상계6,7동 763-7",37.648437,127.061968,15,2009,거치형,N,N,,N,02-2116-0629,서울시 노원구청,2024-07-22,I,2026-05-15 18:45:05,2024-07-22 15:43:51
3100000,202431000000300217,중계역 1번출구,,서울특별시 노원구 중계2동515-2번지,37.646812,127.066091,7,2003,거치형,N,N,,N,02-2116-0629,서울시 노원구청,2024-07-22,I,2026-05-15 18:45:05,2024-07-22 15:43:52
3100000,202431000000300299,태릉입구역 4번출구,,서울특별시 노원구 공릉1동617-4번지,37.619269,127.075441,24,2006,기타,Y,N,,N,02-2116-0629,서울시 노원구청,2024-07-22,I,2026-05-15 18:45:05,2024-07-22 15:43:52
3100000,202431000000300015,중계동 파파존스앞,,서울특별시 노원구 중계동 366-10,37.651696,127.077566,8,2015,거치형,N,N,,N,02-2116-0629,서울시 노원구청,2024-07-22,I,2026-05-15 18:45:05,2024-07-22 15:43:50
3100000,202431000000300261,노원역3번출구,,서울특별시 노원구 상계2동713번지,37.654963,127.061093,30,2005,기타,Y,N,,N,02-2116-0629,서울시 노원구청,2024-07-22,I,2026-05-15 18:45:05,2024-07-22 15:43:52
3100000,202431000000300327,염광여자메디텍고등학교,,서울특별시 노원구 월계동 820-9,37.629406,127.049383,30,2016,기타,Y,N,,N,02-2116-0629,서울시 노원구청,2024-07-22,I,2026-05-15 18:45:05,2024-07-22 15:43:53
3100000,202431000000300040,메가스터디학원 앞,,서울특별시 노원구 상계동709-2,37.654225,127.058972,10,2014,거치형,N,N,,N,02-2116-0629,서울시 노원구청,2024-07-22,I,2026-05-15 18:45:05,2024-07-22 15:43:51
3100000,202431000000300200,하계역 6번출구,,서울특별시 노원구 하계2동270번지,37.636794,127.066261,51,2007,기타,Y,N,,N,02-2116-0629,서울시 노원구청,2024-07-22,I,2026-05-15 18:45:05,2024-07-22 15:43:52
3100000,202431000000300313,등나무근린공원,,서울특별시 노원구 중계3동 508-1번지,37.640283,127.067679,50,2008,기타,Y,N,,N,02-2116-0629,서울시 노원구청,2024-07-22,I,2026-05-15 18:45:05,2024-07-22 15:43:52
3100000,202431000000300139,삼육중학교,,서울특별시 노원구 공릉2동 26-38번지,37.640759,127.108193,48,1999,기타,Y,N,,N,02-2116-0629,서울시 노원구청,2024-07-22,I,2026-05-15 18:45:05,2024-07-22 15:43:51
3100000,202431000000300292,공릉역 3번출구,,서울특별시 노원구 공릉1동398-5번지,37.625204,127.072751,17,2003,기타,Y,N,,N,02-2116-0629,서울시 노원구청,2024-07-22,I,2026-05-15 18:45:05,2024-07-22 15:43:52
3100000,202431000000300204,하계역 2~3번출구 사이,,서울특별시 노원구 하계1동280번지,37.634459,127.069554,10,2003,거치형,N,N,,N,02-2116-0629,서울시 노원구청,2024-07-22,I,2026-05-15 18:45:05,2024-07-22 15:43:52
3100000,202431000000300215,중계역 2번출구,,서울특별시 노원구 중계3동513번지,37.644751,127.065255,50,2004,기타,Y,N,,N,02-2116-0629,서울시 노원구청,2024-07-22,I,2026-05-15 18:45:05,2024-07-22 15:43:52
3100000,202431000000300172,상계9동주민센터,,서울특별시 노원구 상계9동 682번지,37.664463,127.063795,10,2008,기타,Y,N,,N,02-2116-0629,서울시 노원구청,2024-07-22,I,2026-05-15 18:45:05,2024-07-22 15:43:51
3100000,202431000000300237,마들역 8번출구,,서울특별시 노원구 상계8동651번지,37.666076,127.056974,30,2007,기타,Y,N,,N,02-2116-0629,서울시 노원구청,2024-07-22,I,2026-05-15 18:45:05,2024-07-22 15:43:52
3100000,202431000000300118,신상중학교,,서울특별시 노원구 상계7동 754-4번지,37.651316,127.063621,61,2001,기타,Y,N,,N,02-2116-0629,서울시 노원구청,2024-07-22,I,2026-05-15 18:45:05,2024-07-22 15:43:51
3100000,202431000000300206,하계역 2번출구,,서울특별시 노원구 하계1동284번지,37.637958,127.068706,6,1997,거치형,N,N,,N,02-2116-0629,서울시 노원구청,2024-07-22,I,2026-05-15 18:45:05,2024-07-22 15:43:52
3100000,202431000000300321,상계근린공원,,서울특별시 노원구 상계8동 620,37.669547,127.050481,17,2014,거치형,N,N,,N,02-2116-0629,서울시 노원구청,2024-07-22,I,2026-05-15 18:45:05,2024-07-22 15:43:53
3100000,202431000000300279,공릉역 4번출구,,서울특별시 노원구 공릉동 383-7,37.625985,127.072391,5,2014,거치형,N,N,,N,02-2116-0629,서울시 노원구청,2024-07-22,I,2026-05-15 18:45:05,2024-07-22 15:43:52
3100000,202431000000300262,노원역10번출구,,서울특별시 노원구 상계2동338번지,37.656623,127.063667,83,2004,기타,Y,N,,N,02-2116-0629,서울시 노원구청,2024-07-22,I,2026-05-15 18:45:05,2024-07-22 15:43:52
3100000,202431000000300069,중랑천,,서울특별시 노원구 노원구청앞,37.654375,127.056318,5,2010,거치형,N,N,,N,02-2116-0629,서울시 노원구청,2024-07-22,I,2026-05-15 18:45:05,2024-07-22 15:43:51
3100000,202431000000300247,노원역 8번출구,,서울특별시 노원구 상계6동711-13번지,37.655098,127.059946,71,2003,기타,Y,N,,N,02-2116-0629,서울시 노원구청,2024-07-22,I,2026-05-15 18:45:05,2024-07-22 15:43:52
3100000,202431000000300083,미래산업과학고교,,서울특별시 노원구 중계4동 369-3,37.659023,127.078949,79,2005,기타,Y,N,,N,02-2116-0629,서울시 노원구청,2024-07-22,I,2026-05-15 18:45:05,2024-07-22 15:43:51
3100000,202431000000300181,상계5동주민센터,,서울특별시 노원구 상계5동167-2번지,37.662948,127.069346,7,2007,기타,Y,N,,N,02-2116-0629,서울시 노원구청,2024-07-22,I,2026-05-15 18:45:05,2024-07-22 15:43:51
3100000,202431000000300064,학여울청구아파트,,서울특별시 노원구 하계2동 312번지,37.636018,127.060414,54,2007,기타,Y,N,,N,02-2116-0629,서울시 노원구청,2024-07-22,I,2026-05-15 18:45:05,2024-07-22 15:43:51
3100000,202431000000300312,삿갓봉근린공원,,서울특별시 노원구 중계4동 356,37.657938,127.076152,20,2010,거치형,N,N,,N,02-2116-0629,서울시 노원구청,2024-07-22,I,2026-05-15 18:45:05,2024-07-22 15:43:52
3100000,202431000000300030,삼성전자A/S 센터 앞,,서울특별시 노원구 상계1동 동일로 1637,37.674448,127.054873,5,2014,거치형,N,N,,N,02-2116-0629,서울시 노원구청,2024-07-22,I,2026-05-15 18:45:05,2024-07-22 15:43:51
3100000,202431000000300257,당고개역 3번출구,서울특별시 노원구 상계로 305,서울특별시 노원구,37.670296,127.079002,75,2008,거치형,N,N,,N,02-2116-0629,서울시 노원구청,2024-07-22,I,2026-05-15 18:45:05,2024-07-22 15:43:52
3100000,202431000000300077,대진고등학교,,서울특별시 노원구 하계1동55,37.637401,127.075794,40,2011,거치형,N,N,,N,02-2116-0629,서울시 노원구청,2024-07-22,I,2026-05-15 18:45:05,2024-07-22 15:43:51
3100000,202431000000300325,한우리근린공원,,서울특별시 노원구 공릉2동 481-2,37.630581,127.073488,12,1998,기타,Y,N,,N,02-2116-0629,서울시 노원구청,2024-07-22,I,2026-05-15 18:45:05,2024-07-22 15:43:53
3100000,202431000000300086,상계제일중학교,,서울특별시 노원구 중계4동132,37.661265,127.077618,43,2009,기타,N,N,,N,02-2116-0629,서울시 노원구청,2024-07-22,I,2026-05-15 18:45:05,2024-07-22 15:43:51
3100000,202431000000300228,성북역 앞,,서울특별시 노원구 월계4동85번지,37.654375,127.056318,128,1998,기타,Y,N,,N,02-2116-0629,서울시 노원구청,2024-07-22,I,2026-05-15 18:45:05,2024-07-22 15:43:52
3100000,202431000000300326,태강릉 입구,,서울특별시 노원구 공릉2동 산226번지,37.639172,127.105708,30,2011,거치형,N,N,,N,02-2116-0629,서울시 노원구청,2024-07-22,I,2026-05-15 18:45:05,2024-07-22 15:43:53
3100000,202431000000300056,불암산입구,,서울특별시 노원구 중계4동 산1-1번지,37.657427,127.073007,70,2005,기타,Y,N,,N,02-2116-0629,서울시 노원구청,2024-07-22,I,2026-05-15 18:45:05,2024-07-22 15:43:51
3100000,202431000000300109,청원고등학교,,서울특별시 노원구 상계9동 641번지,37.666001,127.062303,115,2001,기타,Y,N,,N,02-2116-0629,서울시 노원구청,2024-07-22,I,2026-05-15 18:45:05,2024-07-22 15:43:51
3100000,202431000000300024,은행사거리,,서울특별시 노원구 중계본동 364-17,37.648384,127.076904,5,2014,단독형,N,N,,N,02-2116-0629,서울시 노원구청,2024-07-22,I,2026-05-15 18:45:05,2024-07-22 15:43:51
3100000,202431000000300236,마들역 8번출구,,서울특별시 노원구 상계8동651번지,37.666076,127.056974,90,2009,거치형,N,N,,N,02-2116-0629,서울시 노원구청,2024-07-22,I,2026-05-15 18:45:05,2024-07-22 15:43:52
3100000,202431000000300212,중계역 6번출구,,서울특별시 노원구 중계2동500번지,37.645623,127.062683,40,2001,기타,Y,N,,N,02-2116-0629,서울시 노원구청,2024-07-22,I,2026-05-15 18:45:05,2024-07-22 15:43:52
3100000,202431000000300041,메가스터디학원 앞,,서울특별시 노원구 상계동709-2,37.654225,127.058972,10,2009,거치형,N,N,,N,02-2116-0629,서울시 노원구청,2024-07-22,I,2026-05-15 18:45:05,2024-07-22 15:43:51
3100000,202431000000300287,공릉역 1번출구,,서울특별시 노원구 공릉3동386-5번지,37.626111,127.073126,10,2004,거치형,N,N,,N,02-2116-0629,서울시 노원구청,2024-07-22,I,2026-05-15 18:45:05,2024-07-22 15:43:52
3100000,202431000000300057,중계동성당,,서울특별시 노원구 상계동764,37.647024,127.062156,40,2011,거치형,N,N,,N,02-2116-0629,서울시 노원구청,2024-07-22,I,2026-05-15 18:45:05,2024-07-22 15:43:51
3100000,202431000000300273,수락산역 3번출구,,서울특별시 노원구 상계1동1132-35번지,37.676535,127.055618,5,2016,거치형,N,N,,N,02-2116-0629,서울시 노원구청,2024-07-22,I,2026-05-15 18:45:05,2024-07-22 15:43:52
3100000,202431000000300248,노원역 7번출구,,서울특별시 노원구 상계6동712번지,37.654711,127.059985,50,1997,기타,Y,N,,N,02-2116-0629,서울시 노원구청,2024-07-22,I,2026-05-15 18:45:05,2024-07-22 15:43:52
3100000,202431000000300065,중랑천,,서울특별시 노원구 한천교밑,37.654375,127.056318,15,2010,거치형,N,N,,N,02-2116-0629,서울시 노원구청,2024-07-22,I,2026-05-15 18:45:05,2024-07-22 15:43:51
3100000,202431000000300218,중계역 1번출구,,서울특별시 노원구 중계2동515-2번지,37.646812,127.066091,35,2003,거치형,N,N,,N,02-2116-0629,서울시 노원구청,2024-07-22,I,2026-05-15 18:45:05,2024-07-22 15:43:52
3100000,202431000000300034,노원교회,,서울특별시 노원구 중계본동 산101-7,37.651949,127.086891,5,2014,거치형,N,N,,N,02-2116-0629,서울시 노원구청,2024-07-22,I,2026-05-15 18:45:05,2024-07-22 15:43:51
3100000,202431000000300165,구민체육센터,,서울특별시 노원구 중계1동 360-18번지,37.648663,127.071076,59,2007,기타,Y,N,,N,02-2116-0629,서울시 노원구청,2024-07-22,I,2026-05-15 18:45:05,2024-07-22 15:43:51
3100000,202431000000300242,마들역 6번출구,,서울특별시 노원구 상계8동651-8번지,37.664811,127.057399,10,1997,거치형,N,N,,N,02-2116-0629,서울시 노원구청,2024-07-22,I,2026-05-15 18:45:05,2024-07-22 15:43:52
3100000,202431000000300007,수락산 만남의광장,,서울특별시 노원구 동일로 242길 123,37.674825,127.061489,5,2016,거치형,N,N,,N,02-2116-0629,서울시 노원구청,2024-07-22,I,2026-05-15 18:45:05,2024-07-22 15:43:50
3100000,202431000000300105,월계고등학교,,서울특별시 노원구 월계2동 778번지,37.631627,127.048754,64,2005,기타,Y,N,,N,02-2116-0629,서울시 노원구청,2024-07-22,I,2026-05-15 18:45:05,2024-07-22 15:43:51
3100000,202431000000300047,백병원 맞은편,,"서울특별시 노원구 상계6,7동 763-7",37.648437,127.061968,15,2009,거치형,N,N,,N,02-2116-0629,서울시 노원구청,2024-07-22,I,2026-05-15 18:45:05,2024-07-22 15:43:51
3100000,202431000000300241,마들역 6번출구,,서울특별시 노원구 상계8동651-8번지,37.664811,127.057399,7,2008,거치형,N,N,,N,02-2116-0629,서울시 노원구청,2024-07-22,I,2026-05-15 18:45:05,2024-07-22 15:43:52
3100000,202431000000300104,월계고등학교,,서울특별시 노원구 월계2동 778번지,37.631627,127.048754,60,2011,기타,Y,N,,N,02-2116-0629,서울시 노원구청,2024-07-22,I,2026-05-15 18:45:05,2024-07-22 15:43:51
3100000,202431000000300131,수락중학교,,서울특별시 노원구 상계1동 1254번지,37.682961,127.054573,20,2003,기타,Y,N,,N,02-2116-0629,서울시 노원구청,2024-07-22,I,2026-05-15 18:45:05,2024-07-22 15:43:51
3100000,202431000000300316,중계근린공원,,서울특별시 노원구 중계2동 507-3,37.639701,127.065761,40,2008,기타,Y,N,,N,02-2116-0629,서울시 노원구청,2024-07-22,I,2026-05-15 18:45:05,2024-07-22 15:43:52
3100000,202431000000300059,상계백병원앞,,서울특별시 노원구 상계6동 730번지,37.653137,127.060402,14,1997,기타,Y,N,,N,02-2116-0629,서울시 노원구청,2024-07-22,I,2026-05-15 18:45:05,2024-07-22 15:43:51
3100000,202431000000300070,한국성서대학,,서울특별시 노원구 상계동205,37.648817,127.064388,40,2012,기타,Y,N,,N,02-2116-0629,서울시 노원구청,2024-07-22,I,2026-05-15 18:45:05,2024-07-22 15:43:51
3100000,202431000000300270,수락산역 4~5번출구,,서울특별시 노원구 상계1동1132-144번지,37.677475,127.054846,15,2003,거치형,N,N,,N,02-2116-0629,서울시 노원구청,2024-07-22,I,2026-05-15 18:45:05,2024-07-22 15:43:52
3110000,202031100000300142,은평 진관고등학교 앞,은평구 진관1로 22,,37.6,126.9,10,,,,N,,N,02-351-7774,서울특별시 은평구청,2020-12-21,I,2026-05-15 18:45:05,2020-12-21 17:05:32
3110000,202031100000300087,응암역3번출구,서울특별시 은평구 연서로 1,,37.6,126.9,16,,,,Y,,N,02-351-7774,서울특별시 은평구청,2020-12-21,I,2026-05-15 18:45:05,2020-12-21 17:05:31
3110000,202031100000300105,"녹번역4, 5번출구",서울특별시 은평구 은평로 245,,37.6,126.9,29,,,,N,,N,02-351-7774,서울특별시 은평구청,2020-12-21,I,2026-05-15 18:45:05,2020-12-21 17:05:32
3110000,202031100000300131,응암동 91-8(훼미리마트),서울특별시 은평로 85,,37.5,126.9,27,,,,Y,,N,02-351-7774,서울특별시 은평구청,2020-12-21,I,2026-05-15 18:45:05,2020-12-21 17:05:32
3110000,202031100000300003,불광역2번출구 뒤 (우리들약국),서울특별시 은평구 통일로 716-2,,37.6,126.9,5,,,,N,,N,02-351-7774,서울특별시 은평구청,2020-12-21,I,2026-05-15 18:45:05,2020-12-21 17:05:31
3110000,202031100000300129,대조동 현대자동차,은평구 통일로 817,,37.5,126.9,10,,,,N,,N,02-351-7774,서울특별시 은평구청,2020-12-21,I,2026-05-15 18:45:05,2020-12-21 17:05:32
3110000,202031100000300111,구산중학교,서울특별시 은평구 갈현로15길 20-23,,37.5,126.9,47,,,,Y,,N,02-351-7774,서울특별시 은평구청,2020-12-21,I,2026-05-15 18:45:05,2020-12-21 17:05:32
3110000,202031100000300068,구산역3번출구,서울특별시 은평구 연서로 137,,37.6,126.9,14,,,,N,,N,02-351-7774,서울특별시 은평구청,2020-12-21,I,2026-05-15 18:45:05,2020-12-21 17:05:31
3110000,202031100000300123,KT은평지점,은평구 통일로71길 16,,37.5,126.9,21,,,,N,,N,02-351-7774,서울특별시 은평구청,2020-12-21,I,2026-05-15 18:45:05,2020-12-21 17:05:32
3110000,202031100000300155,은평 뉴타운 유수지앞,은평구 진관1로 22,,37.6,126.9,10,,,,N,,N,02-351-7774,서울특별시 은평구청,2020-12-21,I,2026-05-15 18:45:05,2020-12-21 17:05:32
3110000,202031100000300069,구산역3번출구 (베스킨라빈스),서울특별시 은평구 연서로 137,,37.6,126.9,6,,,,Y,,N,02-351-7774,서울특별시 은평구청,2020-12-21,I,2026-05-15 18:45:05,2020-12-21 17:05:31
3110000,202031100000300104,"녹번역4번출구 앞, 옆",서울특별시 은평구 은평로 245,,37.6,126.9,20,,,,N,,N,02-351-7774,서울특별시 은평구청,2020-12-21,I,2026-05-15 18:45:05,2020-12-21 17:05:32
3110000,202031100000300077,응암역2번출구 뒤 (연세의원),서울특별시 은평구 연서로 1,,37.6,126.9,31,,,,N,,N,02-351-7774,서울특별시 은평구청,2020-12-21,I,2026-05-15 18:45:05,2020-12-21 17:05:31
3110000,202031100000300007,불광역3번출구 (엘레강스),서울특별시 은평구 통일로 719,,37.6,126.9,6,,,,N,,N,02-351-7774,서울특별시 은평구청,2020-12-21,I,2026-05-15 18:45:05,2020-12-21 17:05:31
3110000,202031100000300005,불광역정문온누리약국,서울특별시 은평구 녹번동 115-35,,37.6,126.9,18,,,,N,,N,02-351-7774,서울특별시 은평구청,2020-12-21,I,2026-05-15 18:45:05,2020-12-21 17:05:31
3110000,202031100000300049,증산역1번출구 뒤,서울특별시 은평구 증산로 307,,37.5,126.9,7,,,,N,,N,02-351-7774,서울특별시 은평구청,2020-12-21,I,2026-05-15 18:45:05,2020-12-21 17:05:31
3110000,202031100000300140,은평뉴타운 823동앞,은평구 진관1로 22,,37.6,126.9,10,,,,N,,N,02-351-7774,서울특별시 은평구청,2020-12-21,I,2026-05-15 18:45:05,2020-12-21 17:05:32
3110000,202031100000300013,7번출구 엉터리집,서울특별시 은평구 통일로 729-2,,37.6,126.9,9,,,,N,,N,02-351-7774,서울특별시 은평구청,2020-12-21,I,2026-05-15 18:45:05,2020-12-21 17:05:31
3110000,202131100000300161,응암역 신사오거리 교통섬,서울특별시 은평구 진흥로 21 (역촌동),서울특별시 은평구 역촌동 43-14 다인빌딩,37.5,126.9,65,2020,단독형,N,Y,기계식,N,02-351-7774,은평구청 교통행정과,2021-01-11,I,2026-05-15 18:45:05,2021-01-11 15:42:17
3110000,202031100000300159,신사1동 주민센터,은평구 은평로2길 2,,37.5,126.9,15,,,,N,,N,02-351-7774,서울특별시 은평구청,2020-12-21,I,2026-05-15 18:45:05,2020-12-21 17:05:32
3110000,202031100000300117,하나고등학교,서울특별시 은평구 연서로 535,,37.5,126.9,40,,,,Y,,N,02-351-7774,서울특별시 은평구청,2020-12-21,I,2026-05-15 18:45:05,2020-12-21 17:05:32
3110000,202031100000300060,디지털미디어시티역4번출구,서울특별시 은평구 수색로183-2,,37.5,126.8,35,,,,N,,N,02-351-7774,서울특별시 은평구청,2020-12-21,I,2026-05-15 18:45:05,2020-12-21 17:05:31
3110000,202031100000300154,은평뉴타운 10단지 1020동,은평구 진관1로 22,,37.6,126.9,10,,,,N,,N,02-351-7774,서울특별시 은평구청,2020-12-21,I,2026-05-15 18:45:05,2020-12-21 17:05:32
3110000,202031100000300061,디지털미디어시티역5번출구,서울특별시 은평구 수색로183-2,,37.5,126.8,14,,,,Y,,N,02-351-7774,서울특별시 은평구청,2020-12-21,I,2026-05-15 18:45:05,2020-12-21 17:05:31
3110000,202031100000300136,증산동 164-2,서울특별시 은평구 증산로 325,,37.5,126.9,14,,,,N,,N,02-351-7774,서울특별시 은평구청,2020-12-21,I,2026-05-15 18:45:05,2020-12-21 17:05:32
3110000,202031100000300148,은평뉴타운 701동앞,은평구 진관1로 22,,37.6,126.9,10,,,,N,,N,02-351-7774,서울특별시 은평구청,2020-12-21,I,2026-05-15 18:45:05,2020-12-21 17:05:32
3110000,202031100000300146,은평뉴타운 714동앞,은평구 진관1로 22,,37.6,126.9,10,,,,N,,N,02-351-7774,서울특별시 은평구청,2020-12-21,I,2026-05-15 18:45:05,2020-12-21 17:05:32
3110000,202031100000300010,불광역6번출구 뒤 (최윤영산부인과),서울특별시 은평구 통일로 731,,37.6,126.9,5,,,,N,,N,02-351-7774,서울특별시 은평구청,2020-12-21,I,2026-05-15 18:45:05,2020-12-21 17:05:31
3110000,202031100000300002,불광역2번출구 뒤 (정승기 정형외과),서울특별시 은평구 통일로 716-2,,37.6,126.9,10,,,,N,,N,02-351-7774,서울특별시 은평구청,2020-12-21,I,2026-05-15 18:45:05,2020-12-21 17:05:31
3110000,202031100000300074,구산역4번출구 앞 (갈현베르빌),서울특별시 은평구 연서로 143,,37.6,126.9,3,,,,N,,N,02-351-7774,서울특별시 은평구청,2020-12-21,I,2026-05-15 18:45:05,2020-12-21 17:05:31
3110000,202031100000300133,이마트,서울 은평구 은평로 111,,37.5,126.9,16,,,,N,,N,02-351-7774,서울특별시 은평구청,2020-12-21,I,2026-05-15 18:45:05,2020-12-21 17:05:32
3110000,202031100000300096,역촌역4번출구,서울특별시 은평구 진흥로 103,,37.6,126.9,10,,,,N,,N,02-351-7774,서울특별시 은평구청,2020-12-21,I,2026-05-15 18:45:05,2020-12-21 17:05:32
3110000,202031100000300076,구산역4번출구 앞(청솔빌딩),서울특별시 은평구 연서로 143,,37.6,126.9,10,,,,N,,N,02-351-7774,서울특별시 은평구청,2020-12-21,I,2026-05-15 18:45:05,2020-12-21 17:05:31
3110000,202031100000300149,은평 상림치안센터앞,은평구 진관1로 22,,37.6,126.9,12,,,,N,,N,02-351-7774,서울특별시 은평구청,2020-12-21,I,2026-05-15 18:45:05,2020-12-21 17:05:32
3110000,202031100000300084,응암역3번출구,서울특별시 은평구 연서로 1,,37.6,126.9,55,,,,N,,N,02-351-7774,서울특별시 은평구청,2020-12-21,I,2026-05-15 18:45:05,2020-12-21 17:05:31
3110000,202031100000300097,역촌역4번출구,서울특별시 은평구 진흥로 103,,37.6,126.9,18,,,,N,,N,02-351-7774,서울특별시 은평구청,2020-12-21,I,2026-05-15 18:45:05,2020-12-21 17:05:32
3110000,202031100000300153,은평뉴타운 신도고교 건너편,은평구 진관1로 22,,37.6,126.9,10,,,,N,,N,02-351-7774,서울특별시 은평구청,2020-12-21,I,2026-05-15 18:45:05,2020-12-21 17:05:32
3110000,202031100000300078,응암역2번출구(센타폴리스),서울특별시 은평구 연서로 1,,37.6,126.9,10,,,,N,,N,02-351-7774,서울특별시 은평구청,2020-12-21,I,2026-05-15 18:45:05,2020-12-21 17:05:31
3110000,202031100000300088,응암역1번출구,서울특별시 은평구 연서로 1,,37.6,126.9,10,,,,N,,N,02-351-7774,서울특별시 은평구청,2020-12-21,I,2026-05-15 18:45:05,2020-12-21 17:05:31
3110000,202031100000300082,응암역2번출구 앞 (하이 25),서울특별시 은평구 연서로 1,,37.6,126.9,8,,,,N,,N,02-351-7774,서울특별시 은평구청,2020-12-21,I,2026-05-15 18:45:05,2020-12-21 17:05:31
3110000,202031100000300006,불광역3번출구 (서울병원),서울특별시 은평구 통일로 719,,37.6,126.9,10,,,,N,,N,02-351-7774,서울특별시 은평구청,2020-12-21,I,2026-05-15 18:45:05,2020-12-21 17:05:31
3110000,202031100000300112,구산중학교,서울특별시 은평구 갈현로15길 20-23,,37.5,126.9,57,,,,Y,,N,02-351-7774,서울특별시 은평구청,2020-12-21,I,2026-05-15 18:45:05,2020-12-21 17:05:32
3110000,202031100000300052,증산역2번출구 앞,서울특별시 은평구 증산로 307,,37.5,126.9,7,,,,Y,,N,02-351-7774,서울특별시 은평구청,2020-12-21,I,2026-05-15 18:45:05,2020-12-21 17:05:31
3110000,202031100000300015,불광역7번출구 뒤 (LG텔레콤),서울특별시 은평구 통일로 729-2,,37.6,126.9,7,,,,Y,,N,02-351-7774,서울특별시 은평구청,2020-12-21,I,2026-05-15 18:45:05,2020-12-21 17:05:31
3110000,202031100000300018,불광역8번출구(신협앞),서울특별시 은평구 통일로 736,,37.6,126.9,7,,,,N,,N,02-351-7774,서울특별시 은평구청,2020-12-21,I,2026-05-15 18:45:05,2020-12-21 17:05:31
3110000,202031100000300066,구산역2번출구 (엘리트),서울특별시 은평구 서오릉로 140,,37.6,126.9,5,,,,N,,N,02-351-7774,서울특별시 은평구청,2020-12-21,I,2026-05-15 18:45:05,2020-12-21 17:05:31
3110000,202031100000300089,응암역4번출구,서울특별시 은평구 증산로 478,,37.6,126.9,36,,,,N,,N,02-351-7774,서울특별시 은평구청,2020-12-21,I,2026-05-15 18:45:05,2020-12-21 17:05:31
3110000,202031100000300126,수색국철,은평구 수색로 261-1,,37.5,126.9,90,,,,N,,N,02-351-7774,서울특별시 은평구청,2020-12-21,I,2026-05-15 18:45:05,2020-12-21 17:05:32
3110000,202031100000300150,은평뉴타운 605동앞,은평구 진관1로 22,,37.6,126.9,10,,,,N,,N,02-351-7774,서울특별시 은평구청,2020-12-21,I,2026-05-15 18:45:05,2020-12-21 17:05:32
3110000,202031100000300032,연신내역5번출구뒤 신한은행,서울특별시 은평구 통일로 837-2,,37.6,126.9,8,,,,Y,,N,02-351-7774,서울특별시 은평구청,2020-12-21,I,2026-05-15 18:45:05,2020-12-21 17:05:31
3110000,202031100000300083,응암역2번출구,서울특별시 은평구 연서로 1,,37.6,126.9,7,,,,N,,N,02-351-7774,서울특별시 은평구청,2020-12-21,I,2026-05-15 18:45:05,2020-12-21 17:05:31
3110000,202031100000300027,연신내역3번출구앞 범서쇼핑,서울특별시 은평구 통일로 842,,37.6,126.9,14,,,,N,,N,02-351-7774,서울특별시 은평구청,2020-12-21,I,2026-05-15 18:45:05,2020-12-21 17:05:31
3110000,202031100000300137,불광천변,서울특별시 은평구 증산로 478,,37.5,126.9,10,,,,N,,N,02-351-7774,서울특별시 은평구청,2020-12-21,I,2026-05-15 18:45:05,2020-12-21 17:05:32
3110000,202031100000300025,연신내역2번출구뒤 메트로쇼핑,서울특별시 은평구 통일로 854,,37.6,126.9,10,,,,N,,N,02-351-7774,서울특별시 은평구청,2020-12-21,I,2026-05-15 18:45:05,2020-12-21 17:05:31
3110000,202031100000300059,디지털미디어시티역4번출구,서울특별시 은평구 수색로183-2,,37.5,126.8,30,,,,N,,N,02-351-7774,서울특별시 은평구청,2020-12-21,I,2026-05-15 18:45:05,2020-12-21 17:05:31
3110000,202031100000300122,한국전력성서지점,서울 은평구 통일로 659,,37.5,126.9,7,,,,Y,,N,02-351-7774,서울특별시 은평구청,2020-12-21,I,2026-05-15 18:45:05,2020-12-21 17:05:32
3110000,202031100000300030,연신내역4번출구앞 연신우리약국,서울특별시 은평구 통일로 837-2,,37.6,126.9,11,,,,N,,N,02-351-7774,서울특별시 은평구청,2020-12-21,I,2026-05-15 18:45:05,2020-12-21 17:05:31
3110000,202031100000300124,구산동 주민센터,은평구 갈현로17길 10,,37.5,126.9,7,,,,N,,N,02-351-7774,서울특별시 은평구청,2020-12-21,I,2026-05-15 18:45:05,2020-12-21 17:05:32
3110000,202031100000300044,새절역2번출구,서울특별시 은평구 증산로 414,,37.5,126.9,38,,,,N,,N,02-351-7774,서울특별시 은평구청,2020-12-21,I,2026-05-15 18:45:05,2020-12-21 17:05:31
3110000,202031100000300014,불광역7번출구 뒤 (LG텔레콤),서울특별시 은평구 통일로 729-2,,37.6,126.9,5,,,,N,,N,02-351-7774,서울특별시 은평구청,2020-12-21,I,2026-05-15 18:45:05,2020-12-21 17:05:31
3110000,202031100000300079,응암역2번출구 앞 (국민은행),서울특별시 은평구 연서로 1,,37.6,126.9,17,,,,N,,N,02-351-7774,서울특별시 은평구청,2020-12-21,I,2026-05-15 18:45:05,2020-12-21 17:05:31
3110000,202031100000300011,불광역6번출구,서울특별시 은평구 통일로 731,,37.6,126.9,20,,,,N,,N,02-351-7774,서울특별시 은평구청,2020-12-21,I,2026-05-15 18:45:05,2020-12-21 17:05:31
3110000,202031100000300099,구파발역2번출구,서울특별시 은평구 진관동 75-3,,37.6,126.9,140,,,,Y,,N,02-351-7774,서울특별시 은평구청,2020-12-21,I,2026-05-15 18:45:05,2020-12-21 17:05:32
3110000,202031100000300031,연신내역5번출구뒤 신한은행,서울특별시 은평구 통일로 837-2,,37.6,126.9,14,,,,N,,N,02-351-7774,서울특별시 은평구청,2020-12-21,I,2026-05-15 18:45:05,2020-12-21 17:05:31
3110000,202031100000300033,연신내역5번출구뒤 신한은행,서울특별시 은평구 통일로 837-2,,37.6,126.9,3,,,,N,,N,02-351-7774,서울특별시 은평구청,2020-12-21,I,2026-05-15 18:45:05,2020-12-21 17:05:31
3110000,202031100000300008,불광역3번출구 뒤 (베드로약국),서울특별시 은평구 통일로 719,,37.6,126.9,6,,,,N,,N,02-351-7774,서울특별시 은평구청,2020-12-21,I,2026-05-15 18:45:05,2020-12-21 17:05:31
3110000,202031100000300100,녹번역3번출구뒤(건널목),서울특별시 은평구 응암동 15-2,,37.6,126.9,7,,,,Y,,N,02-351-7774,서울특별시 은평구청,2020-12-21,I,2026-05-15 18:45:05,2020-12-21 17:05:32
3110000,202031100000300143,은평뉴타운 815동앞,은평구 진관1로 22,,37.6,126.9,7,,,,N,,N,02-351-7774,서울특별시 은평구청,2020-12-21,I,2026-05-15 18:45:05,2020-12-21 17:05:32
3110000,202031100000300029,연신내역3번출구앞 김치과,서울특별시 은평구 통일로 842,,37.6,126.9,5,,,,N,,N,02-351-7774,서울특별시 은평구청,2020-12-21,I,2026-05-15 18:45:05,2020-12-21 17:05:31
3110000,202031100000300107,신진과학기술고등학교,서울특별시 은평구 은평로 6길 16,,37.5,126.9,40,,,,Y,,N,02-351-7774,서울특별시 은평구청,2020-12-21,I,2026-05-15 18:45:05,2020-12-21 17:05:32
3110000,202031100000300063,구산역1번출구앞,서울특별시 은평구 서오릉로 140,,37.6,126.9,10,,,,N,,N,02-351-7774,서울특별시 은평구청,2020-12-21,I,2026-05-15 18:45:05,2020-12-21 17:05:31
3110000,202031100000300021,불광역8번출구 뒤,서울특별시 은평구 통일로 736,,37.6,126.9,17,,,,N,,N,02-351-7774,서울특별시 은평구청,2020-12-21,I,2026-05-15 18:45:05,2020-12-21 17:05:31
3110000,202031100000300001,불광역1번출구 뒤 (카페베네),서울특별시 은평구 통일로 730-2,,37.6,126.9,11,,,,N,,N,02-351-7774,서울특별시 은평구청,2020-12-21,I,2026-05-15 18:45:05,2020-12-21 17:05:31
3110000,202031100000300160,역촌사거리 도미노 피자 앞,은평구 연서로 35,,37.5,126.9,6,,,,N,,N,02-351-7774,서울특별시 은평구청,2020-12-21,I,2026-05-15 18:45:05,2020-12-21 17:05:32
3110000,202031100000300023,불광역9번출구 온누리약국,불광동 281-109,,37.6,126.9,6,,,,N,,N,02-351-7774,서울특별시 은평구청,2020-12-21,I,2026-05-15 18:45:05,2020-12-21 17:05:31
3110000,202031100000300115,서울기독대학교,서울특별시 은평구 갈현로4길 26-2,,37.5,126.9,14,,,,N,,N,02-351-7774,서울특별시 은평구청,2020-12-21,I,2026-05-15 18:45:05,2020-12-21 17:05:32
3110000,202031100000300056,증산역4번출구뒤 (용우동),서울특별시 은평구 증산로 307,,37.5,126.9,10,,,,N,,N,02-351-7774,서울특별시 은평구청,2020-12-21,I,2026-05-15 18:45:05,2020-12-21 17:05:31
3110000,202031100000300157,은평뉴타운 2지구관리사무소,은평구 진관1로 22,,37.6,126.9,10,,,,N,,N,02-351-7774,서울특별시 은평구청,2020-12-21,I,2026-05-15 18:45:05,2020-12-21 17:05:32
3110000,202031100000300152,은평뉴타운 621동앞,은평구 진관1로 22,,37.6,126.9,10,,,,N,,N,02-351-7774,서울특별시 은평구청,2020-12-21,I,2026-05-15 18:45:05,2020-12-21 17:05:32
3110000,202031100000300093,역촌역3번출구 (엠에스케이),서울특별시 은평구 진흥로 103,,37.6,126.9,7,,,,N,,N,02-351-7774,서울특별시 은평구청,2020-12-21,I,2026-05-15 18:45:05,2020-12-21 17:05:32
3110000,202031100000300022,불광역8번출구 뒤,서울특별시 은평구 통일로 736,,37.6,126.9,17,,,,N,,N,02-351-7774,서울특별시 은평구청,2020-12-21,I,2026-05-15 18:45:05,2020-12-21 17:05:31
3110000,202031100000300042,새절역2번출구,서울특별시 은평구 증산로 414,,37.5,126.9,37,,,,Y,,N,02-351-7774,서울특별시 은평구청,2020-12-21,I,2026-05-15 18:45:05,2020-12-21 17:05:31
3110000,202031100000300138,불광천변(신응교),서울특별시 은평구 증산로 478,,37.5,126.9,12,,,,N,,N,02-351-7774,서울특별시 은평구청,2020-12-21,I,2026-05-15 18:45:05,2020-12-21 17:05:32
3110000,202031100000300144,은평뉴타운 816동앞,은평구 진관1로 22,,37.6,126.9,7,,,,N,,N,02-351-7774,서울특별시 은평구청,2020-12-21,I,2026-05-15 18:45:05,2020-12-21 17:05:32
3110000,202031100000300039,연신내역7번출구 앞 (국민은행),서울특별시 은평구 연서로 231,,37.6,126.9,32,,,,Y,,N,02-351-7774,서울특별시 은평구청,2020-12-21,I,2026-05-15 18:45:05,2020-12-21 17:05:31
3110000,202031100000300116,덕산중학교,서울특별시 은평구 가좌로 400,,37.5,126.9,40,,,,Y,,N,02-351-7774,서울특별시 은평구청,2020-12-21,I,2026-05-15 18:45:05,2020-12-21 17:05:32
3110000,202031100000300036,연신내역6번출구뒤 T월드SK텔레콤,서울특별시 은평구 연서로 231,,37.6,126.9,51,,,,N,,N,02-351-7774,서울특별시 은평구청,2020-12-21,I,2026-05-15 18:45:05,2020-12-21 17:05:31
3110000,202031100000300038,연신내역7번출구 뒤 (천냥하우스),서울특별시 은평구 연서로 231,,37.6,126.9,19,,,,N,,N,02-351-7774,서울특별시 은평구청,2020-12-21,I,2026-05-15 18:45:05,2020-12-21 17:05:31
3110000,202031100000300016,불광역7번출구 뒤,서울특별시 은평구 통일로 729-2,,37.6,126.9,20,,,,N,,N,02-351-7774,서울특별시 은평구청,2020-12-21,I,2026-05-15 18:45:05,2020-12-21 17:05:31
3110000,202031100000300051,증산역2번출구 앞 (환기구옆),서울특별시 은평구 증산로 307,,37.5,126.9,20,,,,N,,N,02-351-7774,서울특별시 은평구청,2020-12-21,I,2026-05-15 18:45:05,2020-12-21 17:05:31
3110000,202031100000300121,증산증학교,서울특별시 은평구 증산로5길 27-30,,37.5,126.9,17,,,,Y,,N,02-351-7774,서울특별시 은평구청,2020-12-21,I,2026-05-15 18:45:05,2020-12-21 17:05:32
3110000,202031100000300098,독바위역1번출구,서울특별시 은평구 불광로 129,,37.6,126.9,21,,,,N,,N,02-351-7774,서울특별시 은평구청,2020-12-21,I,2026-05-15 18:45:05,2020-12-21 17:05:32
3110000,202031100000300020,불광역8번출구 대한생명,서울특별시 은평구 통일로 736,,37.6,126.9,10,,,,N,,N,02-351-7774,서울특별시 은평구청,2020-12-21,I,2026-05-15 18:45:05,2020-12-21 17:05:31
3110000,202031100000300120,연신중학교,서울특별시 은평구 연서로33길 16-32,,37.5,126.9,50,,,,Y,,N,02-351-7774,서울특별시 은평구청,2020-12-21,I,2026-05-15 18:45:05,2020-12-21 17:05:32
3110000,202031100000300125,역촌동 주민센터,은평구 연서로 59,,37.5,126.9,5,,,,N,,N,02-351-7774,서울특별시 은평구청,2020-12-21,I,2026-05-15 18:45:05,2020-12-21 17:05:32
3110000,202031100000300019,불광역8번출구(신협앞),서울특별시 은평구 통일로 736,,37.6,126.9,7,,,,N,,N,02-351-7774,서울특별시 은평구청,2020-12-21,I,2026-05-15 18:45:05,2020-12-21 17:05:31
3110000,202031100000300101,녹번역3번출구뒤(건널목),서울특별시 은평구 응암동 15-2,,37.6,126.9,7,,,,N,,N,02-351-7774,서울특별시 은평구청,2020-12-21,I,2026-05-15 18:45:05,2020-12-21 17:05:32
3110000,202031100000300024,불광역9번출구,불광동 281-109,,37.6,126.9,17,,,,N,,N,02-351-7774,서울특별시 은평구청,2020-12-21,I,2026-05-15 18:45:05,2020-12-21 17:05:31
3110000,202031100000300028,연신내역3번출구앞 범서쇼핑,서울특별시 은평구 통일로 842,,37.6,126.9,6,,,,Y,,N,02-351-7774,서울특별시 은평구청,2020-12-21,I,2026-05-15 18:45:05,2020-12-21 17:05:31
3110000,202031100000300135,역촌사거리,은평구 서오릉로 100,,37.5,126.9,10,,,,N,,N,02-351-7774,서울특별시 은평구청,2020-12-21,I,2026-05-15 18:45:05,2020-12-21 17:05:32
3110000,202031100000300106,녹번역5번출구 앞,서울특별시 은평구 은평로 245,,37.6,126.9,14,,,,N,,N,02-351-7774,서울특별시 은평구청,2020-12-21,I,2026-05-15 18:45:05,2020-12-21 17:05:32
3110000,202031100000300040,연신내역7번출구(롯데마트),서울특별시 은평구 연서로 231,,37.6,126.9,21,,,,N,,N,02-351-7774,서울특별시 은평구청,2020-12-21,I,2026-05-15 18:45:05,2020-12-21 17:05:31
3110000,202031100000300070,구산역3번출구 (김밥천국),서울특별시 은평구 연서로 137,,37.6,126.9,6,,,,N,,N,02-351-7774,서울특별시 은평구청,2020-12-21,I,2026-05-15 18:45:05,2020-12-21 17:05:31
3110000,202031100000300108,충암고교 학교,서울특별시 은평구 가좌로5길 5,,37.5,126.9,30,,,,Y,,N,02-351-7774,서울특별시 은평구청,2020-12-21,I,2026-05-15 18:45:05,2020-12-21 17:05:32
3110000,202031100000300004,불광역녹번치안센터,서울특별시 은평구 녹번동 115-35,,37.6,126.9,7,,,,N,,N,02-351-7774,서울특별시 은평구청,2020-12-21,I,2026-05-15 18:45:05,2020-12-21 17:05:31
3110000,202031100000300141,은평뉴타운 811동앞,은평구 진관1로 22,,37.6,126.9,10,,,,N,,N,02-351-7774,서울특별시 은평구청,2020-12-21,I,2026-05-15 18:45:05,2020-12-21 17:05:32
3110000,202031100000300128,라벨비 정형외과,은평구 응암로 197,,37.5,126.9,15,,,,N,,N,02-351-7774,서울특별시 은평구청,2020-12-21,I,2026-05-15 18:45:05,2020-12-21 17:05:32
3110000,202031100000300053,증산역2번출구 뒤,서울특별시 은평구 증산로 307,,37.5,126.9,8,,,,N,,N,02-351-7774,서울특별시 은평구청,2020-12-21,I,2026-05-15 18:45:05,2020-12-21 17:05:31
3110000,202031100000300054,증산역3번출구 (청록아파트),서울특별시 은평구 증산로 307,,37.5,126.9,7,,,,N,,N,02-351-7774,서울특별시 은평구청,2020-12-21,I,2026-05-15 18:45:05,2020-12-21 17:05:31
3110000,202031100000300048,새절역1번출구앞(신응교옆),서울특별시 은평구 증산로 414,,37.5,126.9,10,,,,N,,N,02-351-7774,서울특별시 은평구청,2020-12-21,I,2026-05-15 18:45:05,2020-12-21 17:05:31
3110000,202031100000300073,구산역4번출구 앞 (갈현베르빌),서울특별시 은평구 연서로 143,,37.6,126.9,13,,,,Y,,N,02-351-7774,서울특별시 은평구청,2020-12-21,I,2026-05-15 18:45:05,2020-12-21 17:05:31
3110000,202031100000300065,구산역2번출구 (택시정류장 옆),서울특별시 은평구 서오릉로 140,,37.6,126.9,7,,,,N,,N,02-351-7774,서울특별시 은평구청,2020-12-21,I,2026-05-15 18:45:05,2020-12-21 17:05:31
3110000,202031100000300134,응암지점 신한은행,은평구 은평로 136,,37.5,126.9,10,,,,Y,,N,02-351-7774,서울특별시 은평구청,2020-12-21,I,2026-05-15 18:45:05,2020-12-21 17:05:32
3110000,202031100000300147,은평뉴타운 708동앞,은평구 진관1로 22,,37.6,126.9,10,,,,N,,N,02-351-7774,서울특별시 은평구청,2020-12-21,I,2026-05-15 18:45:05,2020-12-21 17:05:32
3110000,202031100000300119,선정중학교,서울특별시 은평구 서오릉로20길 19,,37.5,126.9,20,,,,N,,N,02-351-7774,서울특별시 은평구청,2020-12-21,I,2026-05-15 18:45:05,2020-12-21 17:05:32
3110000,202031100000300041,새절역1번출구,서울특별시 은평구 증산로 414,,37.5,126.9,36,,,,N,,N,02-351-7774,서울특별시 은평구청,2020-12-21,I,2026-05-15 18:45:05,2020-12-21 17:05:31
3110000,202031100000300057,디지털미디어시티역1번출구,서울특별시 은평구 수색로183-2,,37.5,126.8,17,,,,Y,,N,02-351-7774,서울특별시 은평구청,2020-12-21,I,2026-05-15 18:45:05,2020-12-21 17:05:31
3110000,202031100000300071,구산역3번출구 (맥도날드),서울특별시 은평구 연서로 137,,37.6,126.9,13,,,,N,,N,02-351-7774,서울특별시 은평구청,2020-12-21,I,2026-05-15 18:45:05,2020-12-21 17:05:31
3110000,202031100000300092,역촌역2번출구,서울특별시 은평구 진흥로 103,,37.6,126.9,7,,,,N,,N,02-351-7774,서울특별시 은평구청,2020-12-21,I,2026-05-15 18:45:05,2020-12-21 17:05:32
3110000,202031100000300081,응암역2번출구 앞 (하이 25),서울특별시 은평구 연서로 1,,37.6,126.9,14,,,,Y,,N,02-351-7774,서울특별시 은평구청,2020-12-21,I,2026-05-15 18:45:05,2020-12-21 17:05:31
3110000,202031100000300080,응암역2번출구 앞 (소공원 앞),서울특별시 은평구 연서로 1,,37.6,126.9,12,,,,N,,N,02-351-7774,서울특별시 은평구청,2020-12-21,I,2026-05-15 18:45:05,2020-12-21 17:05:31
3110000,202031100000300127,응암지점 국민은행,은평구 응암로 197,,37.5,126.9,20,,,,N,,N,02-351-7774,서울특별시 은평구청,2020-12-21,I,2026-05-15 18:45:05,2020-12-21 17:05:32
3110000,202031100000300037,연신내역6번출구 옆,서울특별시 은평구 연서로 231,,37.6,126.9,10,,,,N,,N,02-351-7774,서울특별시 은평구청,2020-12-21,I,2026-05-15 18:45:05,2020-12-21 17:05:31
3110000,202031100000300072,구산역4번출구 옆,서울특별시 은평구 연서로 143,,37.6,126.9,20,,,,N,,N,02-351-7774,서울특별시 은평구청,2020-12-21,I,2026-05-15 18:45:05,2020-12-21 17:05:31
3110000,202031100000300145,창릉천변(805동),은평구 진관1로 22,,37.6,126.9,10,,,,N,,N,02-351-7774,서울특별시 은평구청,2020-12-21,I,2026-05-15 18:45:05,2020-12-21 17:05:32
3110000,202031100000300103,녹번역3번출구뒤(에스컬레이타),서울특별시 은평구 응암동 15-2,,37.6,126.9,13,,,,N,,N,02-351-7774,서울특별시 은평구청,2020-12-21,I,2026-05-15 18:45:05,2020-12-21 17:05:32
3110000,202031100000300034,연신내역5번출구뒤 신한은행,서울특별시 은평구 통일로 837-2,,37.6,126.9,18,,,,N,,N,02-351-7774,서울특별시 은평구청,2020-12-21,I,2026-05-15 18:45:05,2020-12-21 17:05:31
3110000,202031100000300114,진관중학교 앞,서울특별시 은평구 진관4로 36,,37.5,126.9,100,,,,Y,,N,02-351-7774,서울특별시 은평구청,2020-12-21,I,2026-05-15 18:45:05,2020-12-21 17:05:32
3110000,202031100000300067,구산역3번출구,서울특별시 은평구 연서로 137,,37.6,126.9,17,,,,N,,N,02-351-7774,서울특별시 은평구청,2020-12-21,I,2026-05-15 18:45:05,2020-12-21 17:05:31
3110000,202031100000300043,새절역2번출구,서울특별시 은평구 증산로 414,,37.5,126.9,8,,,,Y,,N,02-351-7774,서울특별시 은평구청,2020-12-21,I,2026-05-15 18:45:05,2020-12-21 17:05:31
3110000,202031100000300139,은평뉴타운 909동앞,은평구 진관1로 22,,37.6,126.9,10,,,,N,,N,02-351-7774,서울특별시 은평구청,2020-12-21,I,2026-05-15 18:45:05,2020-12-21 17:05:32
3110000,202031100000300009,불광역4번출구뒤 (기업은행),서울특별시 은평구 통일로 729,,37.6,126.9,5,,,,Y,,N,02-351-7774,서울특별시 은평구청,2020-12-21,I,2026-05-15 18:45:05,2020-12-21 17:05:31
3110000,202031100000300102,녹번역3번출구뒤(에스컬레이타),서울특별시 은평구 응암동 15-2,,37.6,126.9,7,,,,Y,,N,02-351-7774,서울특별시 은평구청,2020-12-21,I,2026-05-15 18:45:05,2020-12-21 17:05:32
3110000,202031100000300113,진관중학교,서울특별시 은평구 진관4로 36,,37.5,126.9,40,,,,N,,N,02-351-7774,서울특별시 은평구청,2020-12-21,I,2026-05-15 18:45:05,2020-12-21 17:05:32
3110000,202031100000300062,구산역1번출구 뒤,서울특별시 은평구 서오릉로 140,,37.6,126.9,10,,,,N,,N,02-351-7774,서울특별시 은평구청,2020-12-21,I,2026-05-15 18:45:05,2020-12-21 17:05:31
3110000,202031100000300130,녹번동 산골마을,은평구 통일로 578-27,,37.5,126.9,10,,,,N,,N,02-351-7774,서울특별시 은평구청,2020-12-21,I,2026-05-15 18:45:05,2020-12-21 17:05:32
3110000,202031100000300086,응암역3번출구,서울특별시 은평구 연서로 1,,37.6,126.9,50,,,,N,,N,02-351-7774,서울특별시 은평구청,2020-12-21,I,2026-05-15 18:45:05,2020-12-21 17:05:31
3110000,202031100000300055,증산역3번출구뒤 (도미노피자),서울특별시 은평구 증산로 307,,37.5,126.9,10,,,,N,,N,02-351-7774,서울특별시 은평구청,2020-12-21,I,2026-05-15 18:45:05,2020-12-21 17:05:31
3110000,202031100000300095,역촌역4번출구,서울특별시 은평구 진흥로 103,,37.6,126.9,10,,,,Y,,N,02-351-7774,서울특별시 은평구청,2020-12-21,I,2026-05-15 18:45:05,2020-12-21 17:05:32
3110000,202031100000300017,불광역8번출구 다비치안경,서울특별시 은평구 통일로 736,,37.6,126.9,10,,,,N,,N,02-351-7774,서울특별시 은평구청,2020-12-21,I,2026-05-15 18:45:05,2020-12-21 17:05:31
3110000,202031100000300050,증산역1번출구 뒤,서울특별시 은평구 증산로 307,,37.5,126.9,13,,,,N,,N,02-351-7774,서울특별시 은평구청,2020-12-21,I,2026-05-15 18:45:05,2020-12-21 17:05:31
3110000,202031100000300012,불광역7번출구 엉터리집,서울특별시 은평구 통일로 729-2,,37.6,126.9,12,,,,N,,N,02-351-7774,서울특별시 은평구청,2020-12-21,I,2026-05-15 18:45:05,2020-12-21 17:05:31
3110000,202031100000300151,은평뉴타운 619동앞,은평구 진관1로 22,,37.6,126.9,7,,,,N,,N,02-351-7774,서울특별시 은평구청,2020-12-21,I,2026-05-15 18:45:05,2020-12-21 17:05:32
3110000,202031100000300110,은평중학교,서울특별시 은평구 갈현로17나길 12-1,,37.5,126.9,30,,,,Y,,N,02-351-7774,서울특별시 은평구청,2020-12-21,I,2026-05-15 18:45:05,2020-12-21 17:05:32
3110000,202031100000300109,충암고교 학교,서울특별시 은평구 가좌로5길 5,,37.5,126.9,170,,,,N,,N,02-351-7774,서울특별시 은평구청,2020-12-21,I,2026-05-15 18:45:05,2020-12-21 17:05:32
3110000,202031100000300045,새절역3번출구 (은평빌라),서울특별시 은평구 증산로 414,,37.5,126.9,30,,,,N,,N,02-351-7774,서울특별시 은평구청,2020-12-21,I,2026-05-15 18:45:05,2020-12-21 17:05:31
3110000,202031100000300158,은평뉴타운 401동 앞,은평구 진관1로 22,,37.6,126.9,10,,,,N,,N,02-351-7774,서울특별시 은평구청,2020-12-21,I,2026-05-15 18:45:05,2020-12-21 17:05:32
3110000,202031100000300075,구산역4번출구 앞,서울특별시 은평구 연서로 143,,37.6,126.9,7,,,,N,,N,02-351-7774,서울특별시 은평구청,2020-12-21,I,2026-05-15 18:45:05,2020-12-21 17:05:31
3110000,202031100000300058,디지털미디어시티역1번출구,서울특별시 은평구 수색로183-2,,37.5,126.8,17,,,,N,,N,02-351-7774,서울특별시 은평구청,2020-12-21,I,2026-05-15 18:45:05,2020-12-21 17:05:31
3110000,202031100000300118,선정고등학교,서울특별시 은평구 서오릉로20길 19,,37.5,126.9,50,,,,N,,N,02-351-7774,서울특별시 은평구청,2020-12-21,I,2026-05-15 18:45:05,2020-12-21 17:05:32
3110000,202031100000300064,구산역2번출구 (우리은행),서울특별시 은평구 서오릉로 140,,37.6,126.9,7,,,,N,,N,02-351-7774,서울특별시 은평구청,2020-12-21,I,2026-05-15 18:45:05,2020-12-21 17:05:31
3110000,202031100000300085,응암역3번출구,서울특별시 은평구 연서로 1,,37.6,126.9,40,,,,N,,N,02-351-7774,서울특별시 은평구청,2020-12-21,I,2026-05-15 18:45:05,2020-12-21 17:05:31
3110000,202031100000300090,역촌역1번출구,서울특별시 은평구 진흥로 103,,37.6,126.9,56,,,,Y,,N,02-351-7774,서울특별시 은평구청,2020-12-21,I,2026-05-15 18:45:05,2020-12-21 17:05:32
3110000,202031100000300094,역촌역3번출구,서울특별시 은평구 진흥로 103,,37.6,126.9,20,,,,N,,N,02-351-7774,서울특별시 은평구청,2020-12-21,I,2026-05-15 18:45:05,2020-12-21 17:05:32
3110000,202031100000300091,역촌역2번출구 뒤,서울특별시 은평구 진흥로 103,,37.6,126.9,7,,,,Y,,N,02-351-7774,서울특별시 은평구청,2020-12-21,I,2026-05-15 18:45:05,2020-12-21 17:05:32
3110000,202031100000300132,은평문화예술회관,서울 은평구 녹번로 16,,37.5,126.9,40,,,,N,,N,02-351-7774,서울특별시 은평구청,2020-12-21,I,2026-05-15 18:45:05,2020-12-21 17:05:32
3110000,202031100000300047,새절역4번출구 뒤,서울특별시 은평구 증산로 414,,37.5,126.9,7,,,,N,,N,02-351-7774,서울특별시 은평구청,2020-12-21,I,2026-05-15 18:45:05,2020-12-21 17:05:31
3110000,202031100000300035,연신내역5번출구뒤 신한은행아래,서울특별시 은평구 통일로 837-2,,37.6,126.9,42,,,,N,,N,02-351-7774,서울특별시 은평구청,2020-12-21,I,2026-05-15 18:45:05,2020-12-21 17:05:31
3110000,202031100000300156,입곡삼거리 초소뒤,은평구 진관1로 22,,37.6,126.9,7,,,,N,,N,02-351-7774,서울특별시 은평구청,2020-12-21,I,2026-05-15 18:45:05,2020-12-21 17:05:32
3110000,202031100000300026,연신내역2번출구,서울특별시 은평구 통일로 854,,37.6,126.9,18,,,,N,,N,02-351-7774,서울특별시 은평구청,2020-12-21,I,2026-05-15 18:45:05,2020-12-21 17:05:31
3110000,202031100000300046,새절역3번출구,서울특별시 은평구 증산로 414,,37.5,126.9,20,,,,N,,N,02-351-7774,서울특별시 은평구청,2020-12-21,I,2026-05-15 18:45:05,2020-12-21 17:05:31
3120000,202531200000300111,무악재역3번출구,서울특별시 서대문구 통일로357,,37.5819885,126.9498461,7,2013,단독형,N,N,,N,02-330-1906,서을특별시 서대문구청 도로과,2025-08-31,I,2026-05-15 18:45:05,2025-09-02 16:01:41
3120000,202531200000300086,유진상가 밑,서울특별시 서대문구 통일로 484,서울특별시 서대문구 홍제동 294-46,37.5916068,126.9429418,5,2019,단독형,N,N,,N,02-330-1906,서을특별시 서대문구청 도로과,2025-08-31,I,2026-05-15 18:45:05,2025-09-02 16:01:41
3120000,202531200000300150,인왕초등학교,서울특별시 서대문구 통일로40길 35,,37.59081698,126.9444478,7,2003,휀스형,N,N,,N,02-330-1906,서을특별시 서대문구청 도로과,2025-08-31,I,2026-05-15 18:45:05,2025-09-02 16:01:41
3120000,202531200000300141,유진상가(가마솥흑염소앞),서울특별시 서대문구 홍제동 295-33,서울특별시 서대문구 홍제동 295-33,37.591842,126.9444,7,2005,휀스형,N,N,,N,02-330-1906,서을특별시 서대문구청 도로과,2025-08-31,I,2026-05-15 18:45:05,2025-09-02 16:01:41
3120000,202531200000300097,홍제역4번출구,서울특별시 서대문구 통일로457,,37.58920895,126.9432416,19,2016,단독형,N,N,,N,02-330-1906,서을특별시 서대문구청 도로과,2025-08-31,I,2026-05-15 18:45:05,2025-09-02 16:01:41
3120000,202531200000300132,유진상가,서울특별시 서대문구 통일로 484,,37.5916068,126.9429418,10,2006,휀스형,N,N,,N,02-330-1906,서을특별시 서대문구청 도로과,2025-08-31,I,2026-05-15 18:45:05,2025-09-02 16:01:41
3120000,202531200000300138,정원여중 정류장 지난 건널목,서울특별시 서대문구 홍은동 산 11-51,서울특별시 서대문구 홍은동 산 11-51,37.586691,126.93504,34,2005,휀스형,Y,N,,N,02-330-1906,서을특별시 서대문구청 도로과,2025-08-31,I,2026-05-15 18:45:05,2025-09-02 16:01:41
3120000,202531200000300143,서대문구종합사회복지관,서울특별시 서대문구 모래내로 177,서울특별시 서대문구 남가좌1동 139-3,37.5714465,126.9200985,15,2005,휀스형,N,N,,N,02-330-1906,서을특별시 서대문구청 도로과,2025-08-31,I,2026-05-15 18:45:05,2025-09-02 16:01:41
3120000,202531200000300130,외환은행,서울특별시 서대문구 남가좌1동 270-9,서울특별시 서대문구 남가좌1동270-9,37.57015,126.91363,7,2007,휀스형,N,N,,N,02-330-1906,서을특별시 서대문구청 도로과,2025-08-31,I,2026-05-15 18:45:05,2025-09-02 16:01:41
3120000,202531200000300096,가좌역 4번출구,서울특별시 서대문구 수색로 27,서울특별시 서대문구 남가좌동 293-64,37.56888703,126.9151498,15,2016,단독형,N,Y,기타,N,02-330-1906,서을특별시 서대문구청 도로과,2025-08-31,I,2026-05-15 18:45:05,2025-09-02 16:01:41
3120000,202531200000300082,홍은교 하부,서울특별시 서대문구 세검정로3길,서울특별시 서대문구 홍제동 277-38,37.59426,126.9473,7,2020,휀스형,N,N,,N,02-330-1906,서을특별시 서대문구청 도로과,2025-08-31,I,2026-05-15 18:45:05,2025-09-02 16:01:41
3120000,202531200000300107,연희초등학교,서울특별시 서대문구 연희동 87-27,서울특별시 서대문구 연희동 87-27,37.569574,126.93318,15,2014,휀스형,N,N,,N,02-330-1906,서을특별시 서대문구청 도로과,2025-08-31,I,2026-05-15 18:45:05,2025-09-02 16:01:41
3120000,202531200000300112,봉원고가앞,서울특별시 서대문구 성산로 565,서울특별시 서대문구 대신동 115,37.56641804,126.9463411,10,2013,단독형,N,N,,N,02-330-1906,서을특별시 서대문구청 도로과,2025-08-31,I,2026-05-15 18:45:05,2025-09-02 16:01:41
3120000,202531200000300087,홍제교 밑,서울특별시 서대문구 홍제동 266-271,서울특별시 서대문구 홍제동 266-271,37.592072,126.9448,10,2019,휀스형,N,N,,N,02-330-1906,서을특별시 서대문구청 도로과,2025-08-31,I,2026-05-15 18:45:05,2025-09-02 16:01:41
3120000,202531200000300114,자전거교육장(천변),서울특별시 서대문구 남가좌동 85,서울특별시 서대문구 남가좌동 85,37.573472,126.92327,10,2013,단독형,N,Y,수동식,N,02-330-1906,서을특별시 서대문구청 도로과,2025-08-31,I,2026-05-15 18:45:05,2025-09-02 16:01:41
3120000,202531200000300127,농협빌딩(구 임광빌딩),서울특별시 서대문구 통일로 81,서울특별시 서대문구 미근동 267,37.56236194,126.9686005,14,2007,휀스형,Y,N,,N,02-330-1906,서을특별시 서대문구청 도로과,2025-08-31,I,2026-05-15 18:45:05,2025-09-02 16:01:41
3120000,202531200000300099,"홍제역3,4번출구 사이",서울특별시 서대문구 통일로451,,37.58867018,126.9438499,9,2016,단독형,N,N,,N,02-330-1906,서을특별시 서대문구청 도로과,2025-08-31,I,2026-05-15 18:45:05,2025-09-02 16:01:41
3120000,202531200000300133,홍은동중앙소공원,서울특별시 서대문구 홍은1동 9-498,서울특별시 서대문구 홍은1동 9-498,37.598491,126.94727,14,2006,휀스형,Y,Y,기타,N,02-330-1906,서을특별시 서대문구청 도로과,2025-08-31,I,2026-05-15 18:45:05,2025-09-02 16:01:41
3120000,202531200000300091,신촌역 1번출구,서울특별시 서대문구 신촌로 91,,37.55558816,126.9363752,5,2017,단독형,N,N,,N,02-330-1906,서을특별시 서대문구청 도로과,2025-08-31,I,2026-05-15 18:45:05,2025-09-02 16:01:41
3120000,202531200000300144,홍연연립 77동앞,서울특별시 서대문구 홍연8길 14,서울특별시 서대문구 연희동 179-64,37.57612744,126.931544,14,2004,휀스형,N,N,,N,02-330-1906,서을특별시 서대문구청 도로과,2025-08-31,I,2026-05-15 18:45:05,2025-09-02 16:01:41
3120000,202531200000300149,삼창빌딩,서울특별시 서대문구 충정로 13,서울특별시 서대문구 충정로3가 63-1,37.56056829,126.9626211,18,2003,단독형,N,N,,N,02-330-1906,서을특별시 서대문구청 도로과,2025-08-31,I,2026-05-15 18:45:05,2025-09-02 16:01:41
3120000,202531200000300117,정원여중 정류장,서울특별시 서대문구 홍은동 산 11-75,서울특별시 서대문구 홍은동 산 11-75,37.5864085,126.93494,28,2012,휀스형,Y,N,,N,02-330-1906,서을특별시 서대문구청 도로과,2025-08-31,I,2026-05-15 18:45:05,2025-09-02 16:01:41
3120000,202531200000300137,월드컵현대상가앞,서울특별시 서대문구 북가좌동 371-18,서울특별시 서대문구 북가좌동 371-18,37.577018,126.90381,14,2006,휀스형,Y,N,,N,02-330-1906,서을특별시 서대문구청 도로과,2025-08-31,I,2026-05-15 18:45:05,2025-09-02 16:01:41
3120000,202531200000300110,이대역4번출구,서울특별시 서대문구 신촌로 183,서울특별시 서대문구 대현동 45-9,37.55707136,126.9463217,5,2013,단독형,N,N,,N,02-330-1906,서을특별시 서대문구청 도로과,2025-08-31,I,2026-05-15 18:45:05,2025-09-02 16:01:41
3120000,202531200000300118,서대문구보건소 별관,서울특별시 서대문구 연희로 290,서울특별시 서대문구 홍은2동 425-3,37.583081,126.93629,7,2012,휀스형,N,N,,N,02-330-1906,서을특별시 서대문구청 도로과,2025-08-31,I,2026-05-15 18:45:05,2025-09-02 16:01:41
3120000,202531200000300153,증산2교밑,서울특별시 서대문구 증가로 264,서울특별시 서대문구 북가좌동 342-14,37.584091,126.91098,10,2003,휀스형,N,N,,N,02-330-1906,서을특별시 서대문구청 도로과,2025-08-31,I,2026-05-15 18:45:05,2025-09-02 16:01:41
3120000,202531200000300101,남가좌1동주민센터,서울특별시 서대문구 남가좌동119-11,서울특별시 서대문구 남가좌동119-11,37.573417,126.91961,9,2016,휀스형,N,Y,기계식,N,02-330-1906,서을특별시 서대문구청 도로과,2025-08-31,I,2026-05-15 18:45:05,2025-09-02 16:01:41
3120000,202531200000300145,홍연연립 77동앞,서울특별시 서대문구 홍연6길 20,서울특별시 서대문구 연희동 179-69,37.57607586,126.9313204,10,2004,휀스형,N,N,,N,02-330-1906,서을특별시 서대문구청 도로과,2025-08-31,I,2026-05-15 18:45:05,2025-09-02 16:01:41
3120000,202531200000300155,독립문역4번출구,서울특별시 서대문구?독립문공원길 80,서울특별시 서대문구 현저동 101,37.57610554,126.9554446,30,2002,휀스형,Y,Y,수동식,N,02-330-1906,서을특별시 서대문구청 도로과,2025-08-31,I,2026-05-15 18:45:05,2025-09-02 16:01:41
3120000,202531200000300084,남이마을어린이공원,서울특별시 서대문구 증가로12길 17,,37.579011,126.9196383,10,2019,기타,N,N,,N,02-330-1906,서을특별시 서대문구청 도로과,2025-08-31,I,2026-05-15 18:45:05,2025-09-02 16:01:41
3120000,202531200000300128,서대문구청,서울특별시 서대문구 연희로 248,서울특별시 서대문구 연희동 168-6,37.57915463,126.9367592,30,2024,휀스형,N,Y,기계식,N,02-330-1906,서을특별시 서대문구청 도로과,2025-08-31,I,2026-05-15 18:45:05,2025-09-02 16:01:41
3120000,202531200000300156,현대정비소 건너편,서울특별시 서대문구 남가좌동 318-20,서울특별시 서대문구 남가좌동 318-20,37.575219,126.92672,30,2002,휀스형,Y,N,,N,02-330-1906,서을특별시 서대문구청 도로과,2025-08-31,I,2026-05-15 18:45:05,2025-09-02 16:01:41
3120000,202531200000300093,홍연2교,서울특별시 서대문구 모래내로 286,서울특별시 서대문구 홍은동 277-152,37.57751675,126.9298098,10,2017,단독형,N,Y,기타,N,02-330-1906,서을특별시 서대문구청 도로과,2025-08-31,I,2026-05-15 18:45:05,2025-09-02 16:01:41
3120000,202531200000300102,가좌역 4번출구,서울특별시 서대문구 수색로 27,서울특별시 서대문구 남가좌동 293-64,37.56888703,126.9151498,15,2014,휀스형,Y,N,,N,02-330-1906,서을특별시 서대문구청 도로과,2025-08-31,I,2026-05-15 18:45:05,2025-09-02 16:01:41
3120000,202531200000300124,27구간 노외주차장,서울특별시 서대문구 홍제천로2길 50,서울특별시 서대문구 연희동 537-145,37.57000979,126.9214395,14,2007,휀스형,Y,N,,N,02-330-1906,서을특별시 서대문구청 도로과,2025-08-31,I,2026-05-15 18:45:05,2025-09-02 16:01:41
3120000,202531200000300092,가재울초교,서울특별시 서대문구 남가좌동197-2,서울특별시 서대문구 남가좌동197-2,37.574072,126.91895,20,2017,단독형,N,Y,기타,N,02-330-1906,서을특별시 서대문구청 도로과,2025-08-31,I,2026-05-15 18:45:05,2025-09-02 16:01:41
3120000,202531200000300139,연희동자치회관,서울특별시 서대문구 증가로 13-10,서울특별시 서대문구 연희동 122-16,37.56933601,126.9307755,10,2005,휀스형,N,N,,N,02-330-1906,서을특별시 서대문구청 도로과,2025-08-31,I,2026-05-15 18:45:05,2025-09-02 16:01:41
3120000,202531200000300120,증산2교 무인대여소옆,서울특별시 서대문구 증가로 264,서울특별시 서대문구 북가좌동 342-14,37.584233,126.91113,7,2011,휀스형,Y,Y,기계식,N,02-330-1906,서을특별시 서대문구청 도로과,2025-08-31,I,2026-05-15 18:45:05,2025-09-02 16:01:41
3120000,202531200000300123,사천교 버스정류장,서울특별시 서대문구 연희동 375-4,서울특별시 서대문구 연희동 375-4,37.567378,126.917801,14,2007,휀스형,N,N,,N,02-330-1906,서을특별시 서대문구청 도로과,2025-08-31,I,2026-05-15 18:45:05,2025-09-02 16:01:41
3120000,202531200000300094,서대문역8번출구,서울특별시 서대문구 충정로6길 35-4,서울특별시 서대문구 미근동102-1,37.56263634,126.9668051,15,2016,단독형,N,Y,기타,N,02-330-1906,서을특별시 서대문구청 도로과,2025-08-31,I,2026-05-15 18:45:05,2025-09-02 16:01:41
3120000,202531200000300105,북가좌1동주민센터 옆 공원,서울특별시 서대문구 북가좌동 475,서울특별시 서대문구 북가좌동 475,37.574719,126.91039,8,2014,단독형,N,Y,수동식,N,02-330-1906,서을특별시 서대문구청 도로과,2025-08-31,I,2026-05-15 18:45:05,2025-09-02 16:01:41
3120000,202531200000300125,2구간 노외주차장,서울특별시 서대문구 연희동 541-49,서울특별시 서대문구 연희동 541-49,37.569519,126.92023,17,2007,휀스형,Y,N,,N,02-330-1906,서을특별시 서대문구청 도로과,2025-08-31,I,2026-05-15 18:45:05,2025-09-02 16:01:41
3120000,202531200000300136,북가좌2동 344-10,서울특별시 서대문구 불광천길 176,서울특별시 서대문구 북가좌동 344-10,37.582853,126.90968,14,2006,휀스형,Y,N,,N,02-330-1906,서을특별시 서대문구청 도로과,2025-08-31,I,2026-05-15 18:45:05,2025-09-02 16:01:41
3120000,202531200000300121,홍은4공영주차장,서울특별시 서대문구 홍은동 9-539,서울특별시 서대문구 홍은동 9-539,37.60138,126.94928,10,2009,단독형,N,Y,기계식,N,02-330-1906,서을특별시 서대문구청 도로과,2025-08-31,I,2026-05-15 18:45:05,2025-09-02 16:01:41
3120000,202531200000300151,홍연교밑,서울특별시 서대문구 홍은동 275-84,서울특별시 서대문구 홍은동 275-84,37.580184,126.93607,45,2024,휀스형,N,Y,기타,N,02-330-1906,서을특별시 서대문구청 도로과,2025-08-31,I,2026-05-15 18:45:05,2025-09-02 16:01:41
3120000,202531200000300109,서대문역2번출구,서울특별시 서대문구 통일로 127,서울특별시 서대문구 충정로2가 8-2,37.591049,126.941365,20,2013,단독형,N,Y,수동식,N,02-330-1906,서을특별시 서대문구청 도로과,2025-08-31,I,2026-05-15 18:45:05,2025-09-02 16:01:41
3120000,202531200000300108,백련교밑,서울특별시 서대문구 연희동 170-185,서울특별시 서대문구 연희동 170-185,37.582196,126.93755,10,2014,휀스형,N,Y,기타,N,02-330-1906,서을특별시 서대문구청 도로과,2025-08-31,I,2026-05-15 18:45:05,2025-09-02 16:01:41
3120000,202531200000300103,가좌역 3번출구,서울특별시 서대문구 수색로 27,서울특별시 서대문구 남가좌동 293-64,37.56888703,126.9151498,15,2014,휀스형,Y,N,,N,02-330-1906,서을특별시 서대문구청 도로과,2025-08-31,I,2026-05-15 18:45:05,2025-09-02 16:01:41
3120000,202531200000300104,북가좌1동주민센터 앞,서울특별시 서대문구 수색로 100-55,,37.57436849,126.9101369,2,2014,단독형,N,N,,N,02-330-1906,서을특별시 서대문구청 도로과,2025-08-31,I,2026-05-15 18:45:05,2025-09-02 16:01:41
3120000,202531200000300100,홍은1공영주차장,서울특별시 서대문구 포방터2길10,,37.59867925,126.9495412,7,2016,단독형,N,N,,N,02-330-1906,서을특별시 서대문구청 도로과,2025-08-31,I,2026-05-15 18:45:05,2025-09-02 16:01:41
3120000,202531200000300085,홍제자전거주차장,서울특별시 서대문구 홍제내길 227,서울특별시 서대문구 홍제동 294-84,37.591009,126.94143,52,2019,휀스형,N,Y,기계식,N,02-330-1906,서을특별시 서대문구청 도로과,2025-08-31,I,2026-05-15 18:45:05,2025-09-02 16:01:41
3120000,202531200000300106,진흥아파트,서울특별시 서대문구 모래내로 319,서울특별시 서대문구 홍은동 459,37.579422,126.93261,34,2014,휀스형,Y,N,,N,02-330-1906,서을특별시 서대문구청 도로과,2025-08-31,I,2026-05-15 18:45:05,2025-09-02 16:01:41
3120000,202531200000300142,홍은동현대아파트,서울특별시 서대문구 홍은동 산11-259,서울특별시 서대문구 홍은동 산11-259,37.590914,126.93847,61,2005,휀스형,Y,Y,수동식,N,02-330-1906,서을특별시 서대문구청 도로과,2025-08-31,I,2026-05-15 18:45:05,2025-09-02 16:01:41
3120000,202531200000300090,신촌역 3번출구,서울특별시 서대문구 신촌로 99,,37.55569057,126.9371588,16,2017,단독형,N,Y,기타,N,02-330-1906,서을특별시 서대문구청 도로과,2025-08-31,I,2026-05-15 18:45:05,2025-09-02 16:01:41
3120000,202531200000300158,홍제천자동차공업사 정도 천변,서울특별시 서대문구 홍은동 265-437,서울특별시 서대문구 홍은동 265-437,37.587114,126.93578,17,1997,휀스형,N,N,,N,02-330-1906,서을특별시 서대문구청 도로과,2025-08-31,I,2026-05-15 18:45:05,2025-09-02 16:01:41
3120000,202531200000300154,증산3교옆,서울특별시 서대문구 거북골로 223,서울특별시 서대문구 북가좌동 348-17,37.579866,126.90648,14,2003,휀스형,Y,N,,N,02-330-1906,서을특별시 서대문구청 도로과,2025-08-31,I,2026-05-15 18:45:05,2025-09-02 16:01:41
3120000,202531200000300081,북가좌초 사거리,서울특별시 서대문구 북가좌동 427-1,서울특별시 서대문구 북가좌동 427-1,37.5772209,126.9091808,11,2021,단독형,N,N,,N,02-330-1906,서을특별시 서대문구청 도로과,2025-08-31,I,2026-05-15 18:45:05,2025-09-02 16:01:41
3120000,202531200000300131,사설주차장 앞,서울특별시 서대문구 수색로6길 4,서울특별시 서대문구 남가좌동269-1,37.57054798,126.913368,10,2007,휀스형,N,N,,N,02-330-1906,서을특별시 서대문구청 도로과,2025-08-31,I,2026-05-15 18:45:05,2025-09-02 16:01:41
3120000,202531200000300146,유원하나아파트(육교 하부),서울특별시 서대문구 세검정로 134,서울특별시 서대문구 홍제동 454,37.595585,126.95132,10,2004,휀스형,N,N,,N,02-330-1906,서을특별시 서대문구청 도로과,2025-08-31,I,2026-05-15 18:45:05,2025-09-02 16:01:41
3120000,202531200000300122,서대문구청 버스정류장(13208),서울특별시 서대문구 홍제천로 194,서울특별시 서대문구 연희동 743,37.57883497,126.9344774,34,2007,휀스형,Y,N,,N,02-330-1906,서을특별시 서대문구청 도로과,2025-08-31,I,2026-05-15 18:45:05,2025-09-02 16:01:41
3120000,202531200000300095,아현역1번출구,서울특별시 서대문구 북아현동136-13,서울특별시 서대문구 북아현동136-13,37.557539,126.95606,7,2016,단독형,N,Y,기타,N,02-330-1906,서을특별시 서대문구청 도로과,2025-08-31,I,2026-05-15 18:45:05,2026-05-12 17:46:16
3120000,202531200000300140,주택가,서울특별시 서대문구 홍연8길 16-3,서울특별시 서대문구 연희동 179-123,37.57596857,126.9315024,10,2005,휀스형,N,N,,N,02-330-1906,서을특별시 서대문구청 도로과,2025-08-31,I,2026-05-15 18:45:05,2025-09-02 16:01:41
3120000,202531200000300088,아현역1번출구,서울특별시 서대문구 신촌로35길 10,서울특별시 서대문구 북아현동 1015,37.55864165,126.9559728,20,2017,단독형,N,N,,N,02-330-1906,서을특별시 서대문구청 도로과,2025-08-31,I,2026-05-15 18:45:05,2025-09-02 16:01:41
3120000,202531200000300115,자전거교육장(위편),서울특별시 서대문구 남가좌동 318-21,서울특별시 서대문구 남가좌동 318-21,37.573429,126.92319,10,2013,휀스형,Y,N,,N,02-330-1906,서을특별시 서대문구청 도로과,2025-08-31,I,2026-05-15 18:45:05,2025-09-02 16:01:41
3120000,202531200000300119,홍은2동주민센터,서울특별시 서대문구 모래내로 334,서울특별시 서대문구 홍은2동 273-10,37.580037,126.93391,20,2011,휀스형,N,N,,N,02-330-1906,서을특별시 서대문구청 도로과,2025-08-31,I,2026-05-15 18:45:05,2025-09-02 16:01:41
3120000,202531200000300147,그랜드힐튼호텔맞은편 천변,서울특별시 서대문구 홍은동 265-437,서울특별시 서대문구 홍은동 265-437,37.587314,126.9354,20,2004,휀스형,N,N,,N,02-330-1906,서을특별시 서대문구청 도로과,2025-08-31,I,2026-05-15 18:45:05,2025-09-02 16:01:41
3120000,202531200000300116,연가교,서울특별시 서대문구 연희동 530-4,서울특별시 서대문구 연희동 530-4,37.571832,126.92118,14,2013,휀스형,Y,N,,N,02-330-1906,서을특별시 서대문구청 도로과,2025-08-31,I,2026-05-15 18:45:05,2025-09-02 16:01:41
3120000,202531200000300089,신촌역 2번출구,서울특별시 서대문구 신촌로 93,,37.55568935,126.9365678,11,2017,단독형,N,N,,N,02-330-1906,서을특별시 서대문구청 도로과,2025-08-31,I,2026-05-15 18:45:05,2025-09-02 16:01:41
3120000,202531200000300080,연세대학교앞 정류장(13114) 뒤,서울특별시 서대문구 창천동76-20,서울특별시 서대문구 창천동76-20,37.5598615,126.9352287,10,2021,휀스형,Y,N,,N,02-330-1906,서을특별시 서대문구청 도로과,2025-08-31,I,2026-05-15 18:45:05,2025-09-02 16:01:41
3120000,202531200000300079,홍제역2번출구,서울특별시 서대문구 통일로 432-1,,37.5878157,126.9457231,20,2023,단독형,N,N,,N,02-330-1906,서을특별시 서대문구청 도로과,2025-08-31,I,2026-05-15 18:45:05,2025-09-02 16:01:41
3120000,202531200000300157,연가교옆,서울특별시 서대문구 홍제천로 60,서울특별시 서대문구 연희동 524-3,37.57173181,126.922449,27,2001,휀스형,Y,N,,N,02-330-1906,서을특별시 서대문구청 도로과,2025-08-31,I,2026-05-15 18:45:05,2025-09-02 16:01:41
3120000,202531200000300098,홍제역3번출구,서울특별시 서대문구 통일로437-1,,37.58795109,126.944786,11,2016,단독형,N,N,,N,02-330-1906,서을특별시 서대문구청 도로과,2025-08-31,I,2026-05-15 18:45:05,2025-09-02 16:01:41
3120000,202531200000300148,충정로역9번출구,서울특별시 서대문구 충정로 16,서울특별시 서대문구 충정로3가 360-25,37.56049908,126.9634394,8,2003,휀스형,N,N,,N,02-330-1906,서을특별시 서대문구청 도로과,2025-08-31,I,2026-05-15 18:45:05,2025-09-02 16:01:41
3120000,202531200000300135,두바퀴쉼터옆,서울특별시 서대문구 홍제천로6길 41,서울특별시 서대문구 연희동 605,37.57484743,126.926501,10,2006,휀스형,N,N,,N,02-330-1906,서을특별시 서대문구청 도로과,2025-08-31,I,2026-05-15 18:45:05,2025-09-02 16:01:41
3120000,202531200000300113,홍박공원,서울특별시 서대문구 홍은동 11-1085,서울특별시 서대문구 홍은동 11-1085,37.601482,126.94867,10,2013,휀스형,Y,N,,N,02-330-1906,서을특별시 서대문구청 도로과,2025-08-31,I,2026-05-15 18:45:05,2025-09-02 16:01:41
3120000,202531200000300126,충정로KT&G 앞 육교 밑,서울특별시 서대문구 충정로2가 157-2,서울특별시 서대문구 충정로2가 157-2,37.563984,126.96554,10,2007,휀스형,N,N,,N,02-330-1906,서을특별시 서대문구청 도로과,2025-08-31,I,2026-05-15 18:45:05,2025-09-02 16:01:41
3120000,202531200000300134,명지전문대 앞 보도,서울특별시 서대문구 홍은동 354-2,서울특별시 서대문구 홍은동 354-2,37.583383,126.92512,40,2006,휀스형,Y,Y,기계식,N,02-330-1906,서을특별시 서대문구청 도로과,2025-08-31,I,2026-05-15 18:45:05,2025-09-02 16:01:41
3120000,202531200000300152,은평구경계,서울특별시 서대문구 불광천길 286,서울특별시 서대문구 북가좌동 340-14,37.586875,126.91341,7,2003,휀스형,N,N,,N,02-330-1906,서을특별시 서대문구청 도로과,2025-08-31,I,2026-05-15 18:45:05,2025-09-02 16:01:41
3130000,202631300000300085,용강동주민센터(청사내),서울특별시 마포구 토정로31길 31,서울특별시 마포구 용강동 505,37.542346,126.942793,30,2014,거치형,,N,,Y,02-3153-9645,서울특별시 마포구청,2026-05-13,I,2026-05-15 18:45:05,2026-05-13 15:14:18
3130000,202631300000300094,합정역 2번출구,서울특별시 마포구 양화로7길 4,서울특별시 마포구 서교동 392,37.551005,126.915568,14,2016,휀스형,,N,,N,02-3153-9645,서울특별시 마포구청,2026-05-13,I,2026-05-15 18:45:05,2026-05-13 15:14:18
3130000,202631300000300095,합정역 4번출구,서울특별시 마포구 양화로 56,서울특별시 마포구 서교동 394,37.549999,126.914935,20,2009,휀스형,,N,,N,02-3153-9645,서울특별시 마포구청,2026-05-13,I,2026-05-15 18:45:05,2026-05-13 15:14:18
3130000,202631300000300096,합정역 5번출구,서울특별시 마포구 양화로 46,서울특별시 마포구 서교동 414-5,37.549431,126.914087,30,2009,휀스형,,N,,N,02-3153-9645,서울특별시 마포구청,2026-05-13,I,2026-05-15 18:45:05,2026-05-13 15:14:18
3130000,202631300000300097,합정역 6번출구,서울특별시 마포구 양화로 44,서울특별시 마포구 합정동 414-25,37.549239,126.913993,10,2020,휀스형,,N,,N,02-3153-9645,서울특별시 마포구청,2026-05-13,I,2026-05-15 18:45:05,2026-05-13 15:14:18
3130000,202631300000300098,합정역 7번출구,서울특별시 마포구 양화로 36,서울특별시 마포구 합정동 374-1,37.54871,126.91325,65,2019,휀스형,,Y,기계식,N,02-3153-9645,서울특별시 마포구청,2026-05-13,I,2026-05-15 18:45:05,2026-05-13 15:14:18
3130000,202631300000300011,공덕역 르네상스타워앞,서울특별시 마포구 만리재로 14,서울특별시 마포구 공덕동 456,37.544075,126.952864,10,2020,휀스형,,N,,N,02-3153-9645,서울특별시 마포구청,2026-05-13,I,2026-05-15 18:45:05,2026-05-13 15:14:17
3130000,202631300000300012,광성중고등학교 정문옆,서울특별시 마포구 신수로8길 20,서울특별시 마포구 신수동 91-20,37.548814,126.935921,80,2009,휀스형,,N,,N,02-3153-9645,서울특별시 마포구청,2026-05-13,I,2026-05-15 18:45:05,2026-05-13 15:14:17
3130000,202631300000300013,광흥창역 1번출구,서울특별시  마포구 서강로 51,서울특별시 마포구 창전동 256-2,37.54772,126.931141,10,2017,휀스형,,N,,N,02-3153-9645,서울특별시 마포구청,2026-05-13,I,2026-05-15 18:45:05,2026-05-13 15:14:17
3130000,202631300000300014,광흥창역 2번출구,서울특별시 마포구 독막로 165,서울특별시 마포구 창전동 145-15,37.547607,126.93179,10,2013,휀스형,,N,,N,02-3153-9645,서울특별시 마포구청,2026-05-13,I,2026-05-15 18:45:05,2026-05-13 15:14:17
3130000,202631300000300015,광흥창역 3번출구,서울특별시 마포구 창전로 60,서울특별시 마포구 구수동 2-3,37.547746,126.932724,5,2013,휀스형,,N,,N,02-3153-9645,서울특별시 마포구청,2026-05-13,I,2026-05-15 18:45:05,2026-05-13 15:14:17
3130000,202631300000300099,합정역 8번출구,서울특별시 마포구 양화로 33-1?,서울특별시 마포구 합정동 383-36,37.549353,126.91281,50,2026,휀스형,,N,,N,02-3153-9645,서울특별시 마포구청,2026-05-13,I,2026-05-15 18:45:05,2026-05-13 15:14:18
3130000,202631300000300100,"홍대역 1,2번출구",서울특별시 마포구 양화로 165,서울특별시 마포구 동교동 159,37.55706,126.923774,214,2018,휀스형,,N,,N,02-3153-9645,서울특별시 마포구청,2026-05-13,I,2026-05-15 18:45:05,2026-05-13 15:14:18
3130000,202631300000300101,홍대입구역 3번출구,서울특별시 마포구 양화로 183,서울특별시 마포구 동교동 155,37.55821,126.925325,65,2019,휀스형,,N,,N,02-3153-9645,서울특별시 마포구청,2026-05-13,I,2026-05-15 18:45:05,2026-05-13 15:14:18
3130000,202631300000300106,홍대입구역 9번출구,서울특별시 마포구 양화로 156,서울특별시 마포구 동교동 165-8,37.556208,126.923187,25,2023,휀스형,,N,,N,02-3153-9645,서울특별시 마포구청,2026-05-13,I,2026-05-15 18:45:05,2026-05-13 15:14:18
3130000,202631300000300107,홍대입구역 KT옆,서울특별시 마포구 월드컵북로2길 65,서울특별시 마포구 동교동 157,37.55773,126.923367,130,2018,거치형,,Y,기계식,N,02-3153-9645,서울특별시 마포구청,2026-05-13,I,2026-05-15 18:45:05,2026-05-13 15:14:18
3130000,202631300000300108,홍익대앞사거리,서울특별시 마포구 양화로 100-2,서울특별시 마포구 서교동 427,37.552454,126.918188,10,2021,휀스형,,N,,N,02-3153-9645,서울특별시 마포구청,2026-05-13,I,2026-05-15 18:45:05,2026-05-13 15:14:18
3130000,202631300000300109,홍익대학교(교사내),서울특별시 마포구 와우산로 94,서울특별시 마포구 상수동 72-1,37.551673,126.925649,200,2008,거치형,,Y,기계식,Y,02-3153-9645,서울특별시 마포구청,2026-05-13,I,2026-05-15 18:45:05,2026-05-13 15:14:18
3130000,202631300000300110,효성빌딩앞,"서울특별시 마포구 월드컵로 112, 성산동 TWIN 빌딩 (성산동)",서울특별시 마포구 성산동 252-17 성산동 TWIN 빌딩,37.55,126.9456,20,2022,휀스형,,N,,N,02-3153-9645,서울특별시 마포구청,2026-05-13,I,2026-05-15 18:45:05,2026-05-13 15:14:18
3130000,202631300000300004,경성중고등학교(교사내),서울특별시 마포구 성미산로 111,서울특별시 마포구 연남동 369-1,37.563016,126.919322,250,2008,거치형,,Y,기계식,N,02-3153-9645,서울특별시 마포구청,2026-05-13,I,2026-05-15 18:45:05,2026-05-13 15:14:17
3130000,202631300000300102,홍대입구역 3번출구(효성),서울특별시 마포구 양화로 183,서울특별시 마포구 동교동 155-27,37.558645,126.92528,20,2017,휀스형,,N,,N,02-3153-9645,서울특별시 마포구청,2026-05-13,I,2026-05-15 18:45:05,2026-05-13 15:14:18
3130000,202631300000300103,홍대입구역 4번출구,서울특별시 마포구 양화로 175,서울특별시 마포구 동교동 156-2,37.557603,126.924492,10,2009,휀스형,,N,,N,02-3153-9645,서울특별시 마포구청,2026-05-13,I,2026-05-15 18:45:05,2026-05-13 15:14:18
3130000,202631300000300104,홍대입구역 5번출구,서울특별시 마포구 양화로 166,서울특별시 마포구 동교동 165-1,37.556797,126.924066,30,2009,휀스형,,N,,N,02-3153-9645,서울특별시 마포구청,2026-05-13,I,2026-05-15 18:45:05,2026-05-13 15:14:18
3130000,202631300000300105,홍대입구역 8번출구,서울특별시 마포구 양화로18길 3,서울특별시 마포구 동교동 166-13,37.557136,126.924466,30,2017,휀스형,,N,,N,02-3153-9645,서울특별시 마포구청,2026-05-13,I,2026-05-15 18:45:05,2026-05-13 15:14:18
3130000,202631300000300005,경성중고등학교(교사내),서울특별시 마포구 성미산로 111,서울특별시 마포구 연남동 369-1,37.563016,126.919322,80,2008,휀스형,,N,,N,02-3153-9645,서울특별시 마포구청,2026-05-13,I,2026-05-15 18:45:05,2026-05-13 15:14:17
3130000,202631300000300006,공덕역 1번출구,서울특별시 마포구 백범로 178,서울특별시 마포구 공덕동 237-9,37.543969,126.950398,35,2016,휀스형,,N,,N,02-3153-9645,서울특별시 마포구청,2026-05-13,I,2026-05-15 18:45:05,2026-05-13 15:14:17
3130000,202631300000300007,공덕역 2번출구,서울특별시 마포구 마포대로 109,서울특별시 마포구 공덕동 423-33,37.544398,126.950501,20,2019,휀스형,,Y,기계식,N,02-3153-9645,서울특별시 마포구청,2026-05-13,I,2026-05-15 18:45:05,2026-05-13 15:14:17
3130000,202631300000300071,신촌로터리 외환은행앞,서울특별시  마포구 서강로 144,서울특별시 마포구 노고산동 106-1,37.554609,126.936671,10,2017,휀스형,,N,,N,02-3153-9645,서울특별시 마포구청,2026-05-13,I,2026-05-15 18:45:05,2026-05-13 15:14:18
3130000,202631300000300072,신촌역 5번출구,서울특별시 마포구 신촌로 106,서울특별시 마포구 노고산동31-6,37.55517,126.937708,15,2017,휀스형,,N,,N,02-3153-9645,서울특별시 마포구청,2026-05-13,I,2026-05-15 18:45:05,2026-05-13 15:14:18
3130000,202631300000300073,신촌역 6번출구,서울특별시 마포구 신촌로 104,서울특별시 마포구 노고산동 31-123,37.554841,126.937128,15,2017,휀스형,,N,,N,02-3153-9645,서울특별시 마포구청,2026-05-13,I,2026-05-15 18:45:05,2026-05-13 15:14:18
3130000,202631300000300074,신촌역 7번출구,서울특별시  마포구 신촌로 94,서울특별시 마포구 노고산동 57-1,37.554966,126.936336,15,2017,휀스형,,N,,N,02-3153-9645,서울특별시 마포구청,2026-05-13,I,2026-05-15 18:45:05,2026-05-13 15:14:18
3130000,202631300000300075,아현역 3번출구,서울특별시 마포구 신촌로 270,서울특별시 마포구 아현2동 267,37.557106,126.955686,15,2013,휀스형,,N,,N,02-3153-9645,서울특별시 마포구청,2026-05-13,I,2026-05-15 18:45:05,2026-05-13 15:14:18
3130000,202631300000300057,서부면허시험장(청사내),서울특별시 마포구 월드컵로42길 13,서울특별시 마포구 상암동 1672,37.578972,126.881874,30,2009,거치형,,N,,N,02-3153-9645,서울특별시 마포구청,2026-05-13,I,2026-05-15 18:45:05,2026-05-13 15:14:18
3130000,202631300000300058,서울디자인고등학교(교사내),서울특별시 마포구 백범로 139,서울특별시 마포구 염리동  44,37.54709,126.947408,180,2009,거치형,,N,,N,02-3153-9645,서울특별시 마포구청,2026-05-13,I,2026-05-15 18:45:05,2026-05-13 15:14:18
3130000,202631300000300086,월드컵경기장(경기장내),서울특별시 마포구 월드컵로 240,서울특별시 마포구 성산동 515,37.569245,126.898526,140,2021,거치형,,Y,태양광식,N,02-3153-9645,서울특별시 마포구청,2026-05-13,I,2026-05-15 18:45:05,2026-05-13 15:14:18
3130000,202631300000300087,월드컵로(마포구청역~합정역),서울특별시 마포구 망원동 월드컵로,서울특별시 마포구 망원동 월드컵로,37.558024,126.908296,165,2019,휀스형,,N,,N,02-3153-9645,서울특별시 마포구청,2026-05-13,I,2026-05-15 18:45:05,2026-05-13 15:14:18
3130000,202631300000300088,이대역 5번출구,서울특별시 마포구 대흥로 194,서울특별시 마포구 대흥동2-10,37.556413,126.94599,40,2016,휀스형,,Y,태양광식,N,02-3153-9645,서울특별시 마포구청,2026-05-13,I,2026-05-15 18:45:05,2026-05-13 15:14:18
3130000,202631300000300089,중앙하이츠 앞,서울특별시 마포구 와우산로30길 135?,서울특별시 마포구 창전동 42-7,37.549773,126.927397,10,2024,휀스형,,N,,N,02-3153-9645,서울특별시 마포구청,2026-05-13,I,2026-05-15 18:45:05,2026-05-13 15:14:18
3130000,202631300000300090,청소년문화의집(청사내),서울특별시 마포구 상암산로1길 67,서울특별시 마포구 상암동 1688,37.580397,126.883906,20,2009,거치형,,N,,N,02-3153-9645,서울특별시 마포구청,2026-05-13,I,2026-05-15 18:45:05,2026-05-13 15:14:18
3130000,202631300000300091,평생학습관(아현분관) 공원,서울특별시 마포구 마포대로 224,서울특별시 마포구 아현동 602-1,37.554105,126.95749,10,2013,거치형,,N,,N,02-3153-9645,서울특별시 마포구청,2026-05-13,I,2026-05-15 18:45:05,2026-05-13 15:14:18
3130000,202631300000300076,아현역 4번출구,서울특별시 마포구 신촌로 270,서울특별시 마포구 아현동 329-15,37.557228,126.955845,15,2020,휀스형,,N,,N,02-3153-9645,서울특별시 마포구청,2026-05-13,I,2026-05-15 18:45:05,2026-05-13 15:14:18
3130000,202631300000300077,아현중학교 정문앞,서울특별시 마포구 마포대로 247,서울특별시 마포구 아현2동 267-4,37.556056,126.957791,10,2013,휀스형,,N,,N,02-3153-9645,서울특별시 마포구청,2026-05-13,I,2026-05-15 18:45:05,2026-05-13 15:14:18
3130000,202631300000300078,아현중학교(교사내),서울특별시 마포구 마포대로 247?,서울특별시 마포구 아현동 267-1,37.556476,126.956977,20,2012,거치형,,Y,기계식,N,02-3153-9645,서울특별시 마포구청,2026-05-13,I,2026-05-15 18:45:05,2026-05-13 15:14:18
3130000,202631300000300079,애오개역 1번출구,서울특별시 마포구 마포대로 208,서울특별시 마포구 아현동 613-2,37.553093,126.956248,5,2021,휀스형,,N,,N,02-3153-9645,서울특별시 마포구청,2026-05-13,I,2026-05-15 18:45:05,2026-05-13 15:14:18
3130000,202631300000300080,애오개역 2번출구,서울특별시 마포구 마포대로 216,서울특별시 마포구 아현3동 686,37.55371,126.956408,5,2013,휀스형,,N,,N,02-3153-9645,서울특별시 마포구청,2026-05-13,I,2026-05-15 18:45:05,2026-05-13 15:14:18
3130000,202631300000300081,"애오개역 3,4번출구",서울특별시 마포구 마포대로 216,서울특별시 마포구 아현1동 606-1,37.553066,126.956732,30,2013,거치형,,N,,N,02-3153-9645,서울특별시 마포구청,2026-05-13,I,2026-05-15 18:45:05,2026-05-13 15:14:18
3130000,202631300000300059,서울신용보증 앞,서울특별시 마포구 마포대로 163,서울특별시 마포구 공덕동 168,37.549061,126.954003,10,2021,휀스형,,N,,N,02-3153-9645,서울특별시 마포구청,2026-05-13,I,2026-05-15 18:45:05,2026-05-13 15:14:18
3130000,202631300000300060,서울일본인학교(교사내),서울특별시 마포구 월드컵북로62길 11,서울특별시 마포구 상암동 1582,37.583743,126.884362,15,2010,휀스형,,N,,N,02-3153-9645,서울특별시 마포구청,2026-05-13,I,2026-05-15 18:45:05,2026-05-13 15:14:18
3130000,202631300000300061,성사중학교(교사내),서울특별시 마포구 모래내로9길 16,서울특별시 마포구 성산동 124,37.568213,126.913393,60,2009,거치형,,N,,N,02-3153-9645,서울특별시 마포구청,2026-05-13,I,2026-05-15 18:45:05,2026-05-13 15:14:18
3130000,202631300000300062,성산2교,서울특별시 마포구 월드컵북로 152,서울특별시 마포구 성산2동 94-1,37.565375,126.911929,20,2017,휀스형,,N,,N,02-3153-9645,서울특별시 마포구청,2026-05-13,I,2026-05-15 18:45:05,2026-05-13 15:14:18
3130000,202631300000300063,성산중학교(교사내),서울특별시 마포구 성지1길 32-13,서울특별시 마포구 합정동 365-1,37.547288,126.91588,57,2008,거치형,,Y,기계식,Y,02-3153-9645,서울특별시 마포구청,2026-05-13,I,2026-05-15 18:45:05,2026-05-13 15:14:18
3130000,202631300000300064,성산중학교(교사내),서울특별시 마포구 성지1길 32-13,서울특별시 마포구 합정동 365-1,37.547288,126.91588,60,2008,휀스형,,N,,N,02-3153-9645,서울특별시 마포구청,2026-05-13,I,2026-05-15 18:45:05,2026-05-13 15:14:18
3130000,202631300000300065,성서중학교 정문,서울특별시 마포구 성산로4길 46,서울특별시 마포구 성산1동 588-1,37.563592,126.909191,30,2017,휀스형,,N,,N,02-3153-9645,서울특별시 마포구청,2026-05-13,I,2026-05-15 18:45:05,2026-05-13 15:14:18
3130000,202631300000300066,성서중학교(교사내),서울특별시 마포구 성산로4길 46,서울특별시 마포구 성산동 588-1,37.563592,126.909191,120,2014,거치형,,Y,기계식,Y,02-3153-9645,서울특별시 마포구청,2026-05-13,I,2026-05-15 18:45:05,2026-05-13 15:14:18
3130000,202631300000300069,신북초등학교(교사내),서울특별시 마포구 월드컵북로38길 26,서울특별시 마포구 중동 43,37.571223,126.904962,40,2010,거치형,,N,,N,02-3153-9645,서울특별시 마포구청,2026-05-13,I,2026-05-15 18:45:05,2026-05-13 15:14:18
3130000,202631300000300070,신수동주민센터(청사내),서울특별시 마포구 독막로 192,서울특별시 마포구 신수동 458,37.547114,126.935185,10,2019,휀스형,,Y,기계식,N,02-3153-9645,서울특별시 마포구청,2026-05-13,I,2026-05-15 18:45:05,2026-05-13 15:14:18
3130000,202631300000300068,숭문중고등학교(교사내),서울특별시 마포구 숭문길 99,서울특별시 마포구 대흥동 28,37.551643,126.945129,180,2013,거치형,,Y,기계식,N,02-3153-9645,서울특별시 마포구청,2026-05-13,I,2026-05-15 18:45:05,2026-05-13 15:14:18
3130000,202631300000300028,마포구청역 5번출구,서울특별시 마포구 월드컵로 167,서울특별시 마포구 망원2동 472-3,37.562426,126.904161,15,2019,휀스형,,N,,N,02-3153-9645,서울특별시 마포구청,2026-05-13,I,2026-05-15 18:45:05,2026-05-13 15:14:17
3130000,202631300000300029,마포구청역 6번출구,서울특별시 마포구 방울내로11길 42,서울특별시 마포구 망원2동 472-1,37.562609,126.903224,210,2019,거치형,,Y,기계식,N,02-3153-9645,서울특별시 마포구청,2026-05-13,I,2026-05-15 18:45:05,2026-05-13 15:14:17
3130000,202631300000300067,성원초등학교,서울특별시 마포구 월드컵로36길 22,서울특별시 마포구 성산2동 589,37.566895,126.903854,10,1997,휀스형,,N,,N,02-3153-9645,서울특별시 마포구청,2026-05-13,I,2026-05-15 18:45:05,2026-05-13 15:14:18
3130000,202631300000300030,마포구청역 6번출구,서울특별시 마포구 방울내로11길 38,서울특별시 마포구 망원2동 472-1,37.562721,126.903476,15,2022,휀스형,,N,,N,02-3153-9645,서울특별시 마포구청,2026-05-13,I,2026-05-15 18:45:05,2026-05-13 15:14:17
3130000,202631300000300031,마포농수산물센타(센타내),서울특별시 마포구 월드컵로 235,서울특별시 마포구 성산동 533-1,37.565299,126.898085,60,2009,거치형,,N,,N,02-3153-9645,서울특별시 마포구청,2026-05-13,I,2026-05-15 18:45:05,2026-05-13 15:14:17
3130000,202631300000300032,마포아트센터,"서울특별시 마포구 대흥로20길 28, 마포아트센터 (대흥동)",서울특별시 마포구 대흥동 30-3 마포아트센터,37.5498,126.9458,24,2022,휀스형,,N,,N,02-3153-9645,서울특별시 마포구청,2026-05-13,I,2026-05-15 18:45:05,2026-05-13 15:14:17
3130000,202631300000300001,DMC역 3번출구,서울특별시 마포구 성암로 165,서울특별시 마포구 상암동 1155,37.575471,126.900294,13,2002,휀스형,,Y,기계식,N,02-3153-9645,서울특별시 마포구청,2026-05-13,I,2026-05-15 18:45:05,2026-05-13 15:14:17
3130000,202631300000300002,DMC역 3번출구,서울특별시 마포구 성암로 165,서울특별시 마포구 상암동 1155,37.575471,126.900294,30,2004,거치형,,N,,N,02-3153-9645,서울특별시 마포구청,2026-05-13,I,2026-05-15 18:45:05,2026-05-13 15:14:17
3130000,202631300000300003,DMC역 8번출구,서울특별시 마포구 성암로 189,서울특별시 마포구 상암동 1622,37.577196,126.897748,15,2013,휀스형,,N,,N,02-3153-9645,서울특별시 마포구청,2026-05-13,I,2026-05-15 18:45:05,2026-05-13 15:14:17
3130000,202631300000300020,대흥역 4번출구,서울특별시 마포구 백범로 90,서울특별시 마포구 대흥동 272-2,37.54784,126.941626,10,2017,휀스형,,Y,기계식,N,02-3153-9645,서울특별시 마포구청,2026-05-13,I,2026-05-15 18:45:05,2026-05-13 15:14:17
3130000,202631300000300021,도화어린이공원,서울특별시 마포구 토정로37길 22,서울특별시 마포구 도화2동 540,37.541074,126.945355,20,2018,휀스형,,N,,N,02-3153-9645,서울특별시 마포구청,2026-05-13,I,2026-05-15 18:45:05,2026-05-13 15:14:17
3130000,202631300000300022,마포구(청사내),서울특별시 마포구 월드컵로 212,서울특별시 마포구 성산동 377,37.566293,126.901948,240,2009,휀스형,,Y,기계식,N,02-3153-9645,서울특별시 마포구청,2026-05-13,I,2026-05-15 18:45:05,2026-05-13 15:14:17
3130000,202631300000300023,마포구민체육센터(센터내),서울특별시 마포구 월드컵로25길 190,서울특별시 마포구 망원동 450-3,37.558006,126.897224,140,2016,거치형,,Y,기계식,Y,02-3153-9645,서울특별시 마포구청,2026-05-13,I,2026-05-15 18:45:05,2026-05-13 15:14:17
3130000,202631300000300024,마포구청역 1번출구,서울특별시 마포구 월드컵로 196,서울특별시 마포구 성산2동 591-4,37.564738,126.902385,25,2017,휀스형,,N,,N,02-3153-9645,서울특별시 마포구청,2026-05-13,I,2026-05-15 18:45:05,2026-05-13 15:14:17
3130000,202631300000300025,마포구청역 2번출구,서울특별시 마포구 월드컵로34길 6,서울특별시 마포구 성산2동 592-2,37.564386,126.902764,50,2019,휀스형,,N,,N,02-3153-9645,서울특별시 마포구청,2026-05-13,I,2026-05-15 18:45:05,2026-05-13 15:14:17
3130000,202631300000300026,마포구청역 3번출구,서울특별시 마포구 성산로2길 60,서울특별시 마포구 성산1동 279-1,37.562943,126.90458,70,2019,휀스형,,Y,기계식,N,02-3153-9645,서울특별시 마포구청,2026-05-13,I,2026-05-15 18:45:05,2026-05-13 15:14:17
3130000,202631300000300027,마포구청역 4번출구,서울특별시 마포구 성산로2길 54,서울특별시 마포구 성산1동 279-5,37.562543,126.904465,20,2011,휀스형,,N,,N,02-3153-9645,서울특별시 마포구청,2026-05-13,I,2026-05-15 18:45:05,2026-05-13 15:14:17
3130000,202631300000300036,마포역 4번출구,서울특별시 마포구 마포대로 38,서울특별시 마포구 도화2동 541,37.539334,126.945982,10,2017,휀스형,,N,,N,02-3153-9645,서울특별시 마포구청,2026-05-13,I,2026-05-15 18:45:05,2026-05-13 15:14:18
3130000,202631300000300037,마포중앙도서관,서울특별시 마포구 성산로 128,서울특별시 마포구 성산동 275-3,37.564169,126.908119,50,2018,휀스형,,N,,N,02-3153-9645,서울특별시 마포구청,2026-05-13,I,2026-05-15 18:45:05,2026-05-13 15:14:18
3130000,202631300000300038,마포트라펠리스 앞,서울특별시 마포구 마포대로 53,서울특별시 마포구 도화동  559,37.541499,126.94721,5,2021,휀스형,,N,,N,02-3153-9645,서울특별시 마포구청,2026-05-13,I,2026-05-15 18:45:05,2026-05-13 15:14:18
3130000,202631300000300039,망원1동주민센터(청사내),서울특별시 마포구 포은로6길 10,서울특별시 마포구 망원동 403-2,37.555605,126.905582,10,2014,거치형,,Y,기계식,Y,02-3153-9645,서울특별시 마포구청,2026-05-13,I,2026-05-15 18:45:05,2026-05-13 15:14:18
3130000,202631300000300041,망원역 1번출구,서울특별시 마포구 월드컵로 74,서울특별시 마포구 서교동 441-32,37.555655,126.910518,65,2018,휀스형,,Y,기계식,N,02-3153-9645,서울특별시 마포구청,2026-05-13,I,2026-05-15 18:45:05,2026-05-13 15:14:18
3130000,202631300000300042,망원역 2번출구,서울특별시 마포구 월드컵로 77,"서울특별시 마포구 망원1동 377,378",37.55555,126.910409,110,2019,휀스형,,N,,N,02-3153-9645,서울특별시 마포구청,2026-05-13,I,2026-05-15 18:45:05,2026-05-13 15:14:18
3130000,202631300000300043,망원청소년문화센터(센터내),서울특별시 마포구 월드컵로25길 164,서울특별시 마포구 망원동 451-1,37.557387,126.898653,20,2015,휀스형,,N,,N,02-3153-9645,서울특별시 마포구청,2026-05-13,I,2026-05-15 18:45:05,2026-05-13 15:14:18
3130000,202631300000300044,상수역 2번출구,서울특별시 마포구 독막로 87,서울특별시 마포구 상수동 309-7,37.547832,126.923192,15,2017,휀스형,,N,,N,02-3153-9645,서울특별시 마포구청,2026-05-13,I,2026-05-15 18:45:05,2026-05-13 15:14:18
3130000,202631300000300045,상수역 3번출구,서울특별시 마포구 독막로 88,서울특별시 마포구 상수동 329-1,37.547614,126.92317,10,2017,휀스형,,N,,N,02-3153-9645,서울특별시 마포구청,2026-05-13,I,2026-05-15 18:45:05,2026-05-13 15:14:18
3130000,202631300000300046,상암고등학교(교사내),서울특별시 마포구 월드컵북로445,서울특별시 마포구 상암동 355-1,37.581175,126.883773,70,2007,거치형,,Y,기계식,N,02-3153-9645,서울특별시 마포구청,2026-05-13,I,2026-05-15 18:45:05,2026-05-13 15:14:18
3130000,202631300000300047,상암동공영주차장,서울특별시 마포구 성암로 197,서울특별시 마포구 상암동 1621,37.577545,126.897223,50,2018,휀스형,,N,,N,02-3153-9645,서울특별시 마포구청,2026-05-13,I,2026-05-15 18:45:05,2026-05-13 15:14:18
3130000,202631300000300035,마포역 3번출구,서울특별시 마포구 마포대로 44,서울특별시 마포구 도화2동 46,37.539766,126.946598,25,2013,휀스형,,N,,N,02-3153-9645,서울특별시 마포구청,2026-05-13,I,2026-05-15 18:45:05,2026-05-13 15:14:17
3130000,202631300000300048,상암주민편익센터(센터내),서울특별시 마포구 월드컵북로44길 40,서울특별시 마포구 상암동 17-2,37.576574,126.89534,20,2009,거치형,,N,,N,02-3153-9645,서울특별시 마포구청,2026-05-13,I,2026-05-15 18:45:05,2026-05-13 15:14:18
3130000,202631300000300008,공덕역 4번출구,서울특별시 마포구 마포대로122,서울특별시 마포구 공덕동 254-5,37.545457,126.952511,5,2020,휀스형,,N,,N,02-3153-9645,서울특별시 마포구청,2026-05-13,I,2026-05-15 18:45:05,2026-05-13 15:14:17
3130000,202631300000300016,광흥창역 4번출구,서울특별시 마포구 창전로 54,서울특별시 마포구 구수동 6-5,37.547288,126.932717,20,2013,휀스형,,N,,N,02-3153-9645,서울특별시 마포구청,2026-05-13,I,2026-05-15 18:45:05,2026-05-13 15:14:17
3130000,202631300000300017,광흥창역 5번출구,서울특별시 마포구 서강로 46,서울특별시 마포구 창전동 240,37.547301,126.931629,10,2013,휀스형,,N,,N,02-3153-9645,서울특별시 마포구청,2026-05-13,I,2026-05-15 18:45:05,2026-05-13 15:14:17
3130000,202631300000300018,광흥창역 6번출구,서울특별시 마포구 독막로 156,서울특별시 마포구 창전동 315,37.5473,126.93098,10,2013,휀스형,,N,,N,02-3153-9645,서울특별시 마포구청,2026-05-13,I,2026-05-15 18:45:05,2026-05-13 15:14:17
3130000,202631300000300019,대흥역 2번출구,서울특별시 마포구 백범로 99,서울특별시 마포구 대흥동 137-1,37.547962,126.942533,10,2023,휀스형,,N,,N,02-3153-9645,서울특별시 마포구청,2026-05-13,I,2026-05-15 18:45:05,2026-05-13 15:14:17
3130000,202631300000300033,마포역 1번출구,서울특별시 마포구 마포대로 33,서울특별시 마포구 용강동 33,37.539516,126.945393,85,2017,휀스형,,Y,기계식,N,02-3153-9645,서울특별시 마포구청,2026-05-13,I,2026-05-15 18:45:05,2026-05-13 15:14:17
3130000,202631300000300009,공덕역 5번출구,서울특별시 마포구 마포대로 108,서울특별시 마포구 공덕동 255-9,37.544331,126.951623,25,2013,거치형,,N,,N,02-3153-9645,서울특별시 마포구청,2026-05-13,I,2026-05-15 18:45:05,2026-05-13 15:14:17
3130000,202631300000300010,공덕역 8번출구,서울특별시 마포구 백범로 192,서울특별시 마포구 공덕동 440-5,37.54335,126.951003,20,2013,거치형,,N,,N,02-3153-9645,서울특별시 마포구청,2026-05-13,I,2026-05-15 18:45:05,2026-05-13 15:14:17
3130000,202631300000300034,마포역 2번출구,서울특별시 마포구 마포대로 33,서울특별시 마포구 도화동 555,37.539516,126.945393,25,2016,휀스형,,N,,N,02-3153-9645,서울특별시 마포구청,2026-05-13,I,2026-05-15 18:45:05,2026-05-13 15:14:17
3130000,202631300000300092,합정동주민자치센터,서울특별시 마포구 월드컵로5길 11,서울특별시 마포구 합정동 473-1,37.551732,126.91192,10,2017,휀스형,,Y,기계식,N,02-3153-9645,서울특별시 마포구청,2026-05-13,I,2026-05-15 18:45:05,2026-05-13 15:14:18
3130000,202631300000300093,합정역 1번출구,서울특별시 마포구 양화로 61,서울특별시 마포구 서교동 393,37.550625,126.915053,10,2016,휀스형,,N,,N,02-3153-9645,서울특별시 마포구청,2026-05-13,I,2026-05-15 18:45:05,2026-05-13 15:14:18
3130000,202631300000300053,서강대학교(교사내),서울특별시 마포구 백범로 35,서울특별시 마포구 신수동 1,37.551272,126.939267,148,2009,거치형,,Y,기계식,Y,02-3153-9645,서울특별시 마포구청,2026-05-13,I,2026-05-15 18:45:05,2026-05-13 15:14:18
3130000,202631300000300054,서강초교 육교밑,서울특별시 마포구 독막로 113,서울특별시 마포구 상수동 1-3,37.54765,126.926923,10,2020,휀스형,,N,,N,02-3153-9645,서울특별시 마포구청,2026-05-13,I,2026-05-15 18:45:05,2026-05-13 15:14:18
3130000,202631300000300055,서부노인요양센터(센터내),서울특별시 마포구 월드컵로36길 15,서울특별시 마포구 성산동 368-2,37.56673,126.902128,20,2010,거치형,,N,,N,02-3153-9645,서울특별시 마포구청,2026-05-13,I,2026-05-15 18:45:05,2026-05-13 15:14:18
3130000,202631300000300056,서부도로사업소(청사내),서울특별시 마포구 가양대로 203?,서울특별시 마포구 상암동 835,37.586107,126.884898,20,2012,거치형,,N,,N,02-3153-9645,서울특별시 마포구청,2026-05-13,I,2026-05-15 18:45:05,2026-05-13 15:14:18
3130000,202631300000300049,상암중학교(교사내),서울특별시 마포구 상암산로1길 26,서울특별시 마포구 상암동 168-1,37.578886,126.887869,170,2007,거치형,,Y,기계식,N,02-3153-9645,서울특별시 마포구청,2026-05-13,I,2026-05-15 18:45:05,2026-05-13 15:14:18
3130000,202631300000300050,상암초교버스정류장,서울특별시 마포구 월드컵북로 347,서울특별시 마포구 상암동 1715,37.576318,126.893665,10,2013,휀스형,,N,,N,02-3153-9645,서울특별시 마포구청,2026-05-13,I,2026-05-15 18:45:05,2026-05-13 15:14:18
3130000,202631300000300051,서강나루공원,서울특별시 마포구 토정로 174,서울특별시 마포구 창전동 165-5,37.545157,126.930668,20,2009,거치형,,N,,N,02-3153-9645,서울특별시 마포구청,2026-05-13,I,2026-05-15 18:45:05,2026-05-13 15:14:18
3130000,202631300000300052,서강대교밑 한강공원출입구,서울특별시 마포구 토정로 158,서울특별시 마포구 신정동 146-3,37.543768,126.929327,20,2005,휀스형,,N,,N,02-3153-9645,서울특별시 마포구청,2026-05-13,I,2026-05-15 18:45:05,2026-05-13 15:14:18
3130000,202631300000300040,망원동 배드민턴장,서울특별시 마포구 동교로 1길 73,서울특별시 마포구 망원동 460-5,37.553578,126.899882,20,2013,거치형,,N,,N,02-3153-9645,서울특별시 마포구청,2026-05-13,I,2026-05-15 18:45:05,2026-05-13 15:14:18
3130000,202631300000300082,양화진공원 입구,서울특별시 마포구 토정로 8-7,서울특별시 마포구 합정동 185,37.545633,126.911634,15,2017,휀스형,,N,,N,02-3153-9645,서울특별시 마포구청,2026-05-13,I,2026-05-15 18:45:05,2026-05-13 15:14:18
3130000,202631300000300083,연남동 하늘채APT 상가,서울특별시 마포구 연남로 30,서울특별시 마포구 연남동 573-1,37.562657,126.921689,10,2017,휀스형,,N,,N,02-3153-9645,서울특별시 마포구청,2026-05-13,I,2026-05-15 18:45:05,2026-05-13 15:14:18
3130000,202631300000300084,연남동주민자치센터,서울특별시 마포구 성미산로27길 12,서울특별시 마포구 연남동 250-26,37.564578,126.922033,10,2018,휀스형,,Y,기계식,N,02-3153-9645,서울특별시 마포구청,2026-05-13,I,2026-05-15 18:45:05,2026-05-13 15:14:18
3140000,202331400000300418,"신목고등학교(본관뒤, 본관옆)",서울특별시 양천구 안양천로 739,서울특별시 양천구 신정동 330-3,37.5129,126.8736,120,,거치형,,Y,,N,02-2620-3700,서울특별시 양천구,2023-04-01,I,2026-05-15 18:45:05,2023-04-06 16:04:51
3140000,202331400000300466,신정4동 1006-3,서울특별시 양천구 목동로 171,서울특별시 양천구 신정동 1006-3,37.5237,126.8647,7,,거치형,,N,,N,02-2620-3700,서울특별시 양천구,2023-04-01,I,2026-05-15 18:45:05,2023-04-06 16:04:51
3140000,202331400000300585,광영여고 교내,서울특별시 양천구 남부순환로30길 17,서울특별시 양천구 신월동 43-3,37.5372,126.8233,20,,거치형,,Y,,N,02-2620-3700,서울특별시 양천구,2023-04-01,I,2026-05-15 18:45:05,2023-04-06 16:04:52
3140000,202331400000300696,이마트24 앞,,서울특별시 양천구 목동 515-2,37.5468,126.8752,3,,단독형,,N,,N,02-2620-3700,서울특별시 양천구,2023-04-01,I,2026-05-15 18:45:05,2023-04-06 16:04:53
3140000,202331400000300632,공영주차장 앞,,서울특별시 양천구 목동 908-26,37.5369,126.8805,10,,단독형,,N,,N,02-2620-3700,서울특별시 양천구,2023-04-01,I,2026-05-15 18:45:05,2023-04-06 16:04:52
3140000,202331400000300759,오목교역 7번출구(하나은행 앞),서울특별시 양천구 오목로 344,서울특별시 양천구 목동 405-25,37.5238,126.8751,3,,단독형,,N,,N,02-2620-3700,서울특별시 양천구,2023-04-01,I,2026-05-15 18:45:05,2023-04-06 16:04:53
3140000,202331400000300510,경남아너스빌 1501동 동쪽앞,서울특별시 양천구 목동동로10길 16-6,서울특별시 양천구 신정동 1307,37.5176,126.8713,12,,기타,,N,,N,02-2620-3700,서울특별시 양천구,2023-04-01,I,2026-05-15 18:45:05,2023-04-06 16:04:52
3140000,202331400000300552,제1공수특전여단,,서울특별시 양천구 신월동 산12-3,37.5438,126.8269,21,,거치형,,N,,N,02-2620-3700,서울특별시 양천구,2023-04-01,I,2026-05-15 18:45:05,2023-04-06 16:04:52
3140000,202331400000300538,신정네거리역 4번출구,서울특별시 양천구 중앙로 266,서울특별시 양천구 신정동 1031-7,37.5201,126.8532,20,,거치형,,Y,,N,02-2620-3700,서울특별시 양천구,2023-04-01,I,2026-05-15 18:45:05,2023-04-06 16:04:52
3140000,202331400000300451,양천경찰서 교통조사계 앞,서울특별시 양천구 목동동로 99,서울특별시 양천구 신정동 321,37.5167,126.8656,7,,단독형,,N,,N,02-2620-3700,서울특별시 양천구,2023-04-01,I,2026-05-15 18:45:05,2023-04-06 16:04:51
3140000,202331400000300444,"양천구보건소(구의회,보건소 사잇길)",서울특별시 양천구 목동서로 339,서울특별시 양천구 신정동 321-5,37.5177,126.8657,10,,거치형,,N,,N,02-2620-3700,서울특별시 양천구,2023-04-01,I,2026-05-15 18:45:05,2023-04-06 16:04:51
3140000,202331400000300441,양천구보건소 옆(우리은행 옆),서울특별시 양천구 목동서로 339,서울특별시 양천구 신정동 321-5,37.5177,126.8657,10,,거치형,,N,,N,02-2620-3700,서울특별시 양천구,2023-04-01,I,2026-05-15 18:45:05,2023-04-06 16:04:51
3140000,202331400000300729,시립목동청소년센터,서울특별시 양천구 목동서로 143,서울특별시 양천구 목동 918,37.5307,126.8755,15,,휀스형,,N,,N,02-2620-3700,서울특별시 양천구,2023-04-01,I,2026-05-15 18:45:05,2023-04-06 16:04:53
3140000,202331400000300479,목동역 8번출구,서울특별시 양천구 오목로 238,서울특별시 양천구 신정동 994-2,37.5259,126.8639,5,,단독형,,N,,N,02-2620-3700,서울특별시 양천구,2023-04-01,I,2026-05-15 18:45:05,2023-04-06 16:04:52
3140000,202331400000300699,우성공인중개사,서울특별시 양천구 목동중앙로 135,서울특별시 양천구 목동 199-46,37.5404,126.8751,4,,단독형,,N,,N,02-2620-3700,서울특별시 양천구,2023-04-01,I,2026-05-15 18:45:05,2023-04-06 16:04:53
3140000,202331400000300595,양강중학교 앞,서울특별시 양천구 중앙로 319,서울특별시 양천구 신월동 499-2,37.5249,126.8496,25,,휀스형,,N,,N,02-2620-3700,서울특별시 양천구,2023-04-01,I,2026-05-15 18:45:05,2023-04-06 16:04:52
3140000,202331400000300499,계남공원(배드민턴장),서울특별시 양천구 중앙로 153,서울특별시 양천구 신정동 621,37.5105,126.857,20,,거치형,,N,,N,02-2620-3700,서울특별시 양천구,2023-04-01,I,2026-05-15 18:45:05,2023-04-06 16:04:52
3140000,202331400000300775,목동역 6번출구,,서울특별시 양천구 목동 927-10,37.5257,126.8648,34,,거치형,,N,,N,02-2620-3700,서울특별시 양천구,2023-04-01,I,2026-05-15 18:45:05,2023-04-06 16:04:53
3140000,202331400000300542,강월초등학교 앞(정문 우측),서울특별시 양천구 신월로 97,서울특별시 양천구 신월동 987-3,37.5163,126.8334,75,,휀스형,,N,,N,02-2620-3700,서울특별시 양천구,2023-04-01,I,2026-05-15 18:45:05,2023-04-06 16:04:52
3140000,202331400000300518,양천나눔누리센터 앞,서울특별시 양천구 중앙로 250,서울특별시 양천구 신정동 1032-12,37.5189,126.8537,15,,거치형,,N,,N,02-2620-3700,서울특별시 양천구,2023-04-01,I,2026-05-15 18:45:05,2023-04-06 16:04:52
3140000,202331400000300609,"양정고등학교(별관, 체육관 앞)",서울특별시 양천구 안양천로 1039,서울특별시 양천구 목동 911-2,37.5354,126.8877,36,,기타,,Y,,N,02-2620-3700,서울특별시 양천구,2023-04-01,I,2026-05-15 18:45:05,2023-04-06 16:04:52
3140000,202331400000300523,현재어학원,서울특별시 양천구 신월로38길 13,서울특별시 양천구 신정동 1015-17,37.5208,126.8614,16,,휀스형,,N,,N,02-2620-3700,서울특별시 양천구,2023-04-01,I,2026-05-15 18:45:05,2023-04-06 16:04:52
3140000,202331400000300674,신목아파트 뒤,서울특별시 양천구 목동중앙남로 10,서울특별시 양천구 목동 764-4,37.5356,126.8693,60,,휀스형,,N,,N,02-2620-3700,서울특별시 양천구,2023-04-01,I,2026-05-15 18:45:05,2023-04-06 16:04:53
3140000,202331400000300498,금옥여고보도육교 밑,서울특별시 양천구 신정로 213,서울특별시 양천구 신정동 729,37.511,126.844,7,,거치형,,N,,N,02-2620-3700,서울특별시 양천구,2023-04-01,I,2026-05-15 18:45:05,2023-04-06 16:04:52
3140000,202331400000300513,메리트윈(온누리약국 앞),서울특별시 양천구 목동동로8길 23,서울특별시 양천구 신정동 282-2,37.5169,126.8715,35,,휀스형,,N,,N,02-2620-3700,서울특별시 양천구,2023-04-01,I,2026-05-15 18:45:05,2023-04-06 16:04:52
3140000,202331400000300767,오목교역 4번출구,서울특별시 양천구 오목로 351,서울특별시 양천구 목동 404-256,37.5246,126.8768,10,,거치형,,N,,N,02-2620-3700,서울특별시 양천구,2023-04-01,I,2026-05-15 18:45:05,2023-04-06 16:04:53
3140000,202331400000300485,신정프라자 안쪽 보도,서울특별시 양천구 신정이펜2로 22,서울특별시 양천구 신정동 1320-2,37.5129,126.8326,10,,거치형,,N,,N,02-2620-3700,서울특별시 양천구,2023-04-01,I,2026-05-15 18:45:05,2023-04-06 16:04:52
3140000,202331400000300559,신월중학교 앞,서울특별시 양천구 남부순환로29길 25,서울특별시 양천구 신월동 17-6,37.5405,126.8284,131,,거치형,,N,,N,02-2620-3700,서울특별시 양천구,2023-04-01,I,2026-05-15 18:45:05,2023-04-06 16:04:52
3140000,202331400000300514,공감쉼터 작은도서관,서울특별시 양천구 신목로5길 11-6,서울특별시 양천구 신정동 281-2,37.5166,126.8726,10,,거치형,,N,,N,02-2620-3700,서울특별시 양천구,2023-04-01,I,2026-05-15 18:45:05,2023-04-06 16:04:52
3140000,202331400000300724,홈플러스,서울특별시 양천구 목동서로 170,서울특별시 양천구 목동 919-7,37.5302,126.8733,20,,휀스형,,N,,N,02-2620-3700,서울특별시 양천구,2023-04-01,I,2026-05-15 18:45:05,2023-04-06 16:04:53
3140000,202331400000300488,대일관광고등학교,서울특별시 양천구 신정이펜1로 11,서울특별시 양천구 신정동 1318-3,37.5114,126.8349,12,,거치형,,Y,,N,02-2620-3700,서울특별시 양천구,2023-04-01,I,2026-05-15 18:45:05,2023-04-06 16:04:52
3140000,202331400000300419,"신목고등학교(본관, 별관)",서울특별시 양천구 안양천로 739,서울특별시 양천구 신정동 330-3,37.5129,126.8736,50,,휀스형,,N,,N,02-2620-3700,서울특별시 양천구,2023-04-01,I,2026-05-15 18:45:05,2023-04-06 16:04:51
3140000,202331400000300604,신월보건지소,서울특별시 양천구 남부순환로 407,서울특별시 양천구 신월동 131-4,37.5313,126.8318,8,,단독형,,N,,N,02-2620-3700,서울특별시 양천구,2023-04-01,I,2026-05-15 18:45:05,2023-04-06 16:04:52
3140000,202331400000300745,목동아이스링크(정문좌측),서울특별시 양천구 안양천로 939,서울특별시 양천구 목동 914,37.5307,126.8792,20,,거치형,,Y,,N,02-2620-3700,서울특별시 양천구,2023-04-01,I,2026-05-15 18:45:05,2023-04-06 16:04:53
3140000,202331400000300487,"신월로, 신정로7길 교차로 남쪽 코너",,서울특별시 양천구 신정동 1319-2,37.513,126.8361,10,,단독형,,N,,N,02-2620-3700,서울특별시 양천구,2023-04-01,I,2026-05-15 18:45:05,2023-04-06 16:04:52
3140000,202331400000300404,"테마프라자,밀레니엄프라자 사잇길(젊음의거리)",서울특별시 양천구 목동서로 389,서울특별시 양천구 신정동 323-7,37.5158,126.8612,54,,휀스형,,N,,N,02-2620-3700,서울특별시 양천구,2023-04-01,I,2026-05-15 18:45:05,2023-04-06 16:04:51
3140000,202331400000300740,현대백화점 정문,서울특별시 양천구 목동동로 257,서울특별시 양천구 목동 916,37.5272,126.8747,66,,거치형,,N,,N,02-2620-3700,서울특별시 양천구,2023-04-01,I,2026-05-15 18:45:05,2023-04-06 16:04:53
3140000,202331400000300573,신월4동주민센터,서울특별시 양천구 오목로5길 34,서울특별시 양천구 신월동 425-2,37.5247,126.8401,21,,거치형,,Y,,N,02-2620-3700,서울특별시 양천구,2023-04-01,I,2026-05-15 18:45:05,2023-04-06 16:04:52
3140000,202331400000300719,서울이동통신,서울특별시 양천구 목동동로 233-3,서울특별시 양천구 목동 923-13,37.5278,126.8717,21,,거치형,,N,,N,02-2620-3700,서울특별시 양천구,2023-04-01,I,2026-05-15 18:45:05,2023-04-06 16:04:53
3140000,202331400000300618,동호프라자,서울특별시 양천구 목동동로 427,서울특별시 양천구 목동 909-7,37.537,126.884,8,,휀스형,,N,,N,02-2620-3700,서울특별시 양천구,2023-04-01,I,2026-05-15 18:45:05,2023-04-06 16:04:52
3140000,202331400000300455,서울출입국외국인청 건물 뒤편,서울특별시 양천구 목동동로 151,서울특별시 양천구 신정동 319-2,37.5192,126.8696,21,,휀스형,,N,,N,02-2620-3700,서울특별시 양천구,2023-04-01,I,2026-05-15 18:45:05,2023-04-06 16:04:51
3140000,202331400000300467,신정2지구대,서울특별시 양천구 목동로17길 5,서울특별시 양천구 신정동 997-3,37.5245,126.8636,10,,거치형,,N,,N,02-2620-3700,서울특별시 양천구,2023-04-01,I,2026-05-15 18:45:05,2023-04-06 16:04:51
3140000,202331400000300751,양천구재활용센터,서울특별시 양천구 목동서로 262,서울특별시 양천구 목동 408-78,37.5239,126.8691,5,,거치형,,N,,N,02-2620-3700,서울특별시 양천구,2023-04-01,I,2026-05-15 18:45:05,2023-04-06 16:04:53
3140000,202331400000300497,한성교회,서울특별시 양천구 신정로13길 21,서울특별시 양천구 신정동 758-1,37.5113,126.8426,23,,거치형,,N,,N,02-2620-3700,서울특별시 양천구,2023-04-01,I,2026-05-15 18:45:05,2023-04-06 16:04:52
3140000,202331400000300398,목동2차아크로텔 뒤,서울특별시 양천구 목동서로 411,서울특별시 양천구 신정동 324,37.5152,126.8591,12,,기타,,N,,N,02-2620-3700,서울특별시 양천구,2023-04-01,I,2026-05-15 18:45:05,2023-04-06 16:04:51
3140000,202331400000300396,"한사랑교회(한사랑작은도서관 입구 좌측, 우측)",서울특별시 양천구 목동동로 33,서울특별시 양천구 신정동 324-12,37.5146,126.8597,74,,휀스형,,N,,N,02-2620-3700,서울특별시 양천구,2023-04-01,I,2026-05-15 18:45:05,2023-04-06 16:04:51
3140000,202331400000300603,신월1동 청소년독서실,서울특별시 양천구 남부순환로59길 8,서울특별시 양천구 신월동 132-3,37.5321,126.8323,5,,거치형,,N,,N,02-2620-3700,서울특별시 양천구,2023-04-01,I,2026-05-15 18:45:05,2023-04-06 16:04:52
3140000,202331400000300589,신월동 자동차매매시장 앞,서울특별시 양천구 화곡로 6,서울특별시 양천구 신월동 39-1,37.5388,126.8226,10,,거치형,,N,,N,02-2620-3700,서울특별시 양천구,2023-04-01,I,2026-05-15 18:45:05,2023-04-06 16:04:52
3140000,202331400000300493,양천공영차고지 건물 앞,서울특별시 양천구 신정로7길 17,서울특별시 양천구 신정동 1312,37.5071,126.8363,20,,거치형,,Y,,N,02-2620-3700,서울특별시 양천구,2023-04-01,I,2026-05-15 18:45:05,2023-04-06 16:04:52
3140000,202331400000300469,"신서고등학교(정면, 영상고쪽)",서울특별시 양천구 은행정로 42,서울특별시 양천구 신정동 984-1,37.5239,126.8602,62,,거치형,,Y,,N,02-2620-3700,서울특별시 양천구,2023-04-01,I,2026-05-15 18:45:05,2023-04-06 16:04:51
3140000,202331400000300394,양천어르신종합복지관,서울특별시 양천구 목동로3길 106,서울특별시 양천구 신정동 325-3,37.5104,126.8586,14,,거치형,,N,,N,02-2620-3700,서울특별시 양천구,2023-04-01,I,2026-05-15 18:45:05,2023-04-06 16:04:51
3140000,202331400000300669,목동3·4단지 교차로 남서쪽코너(목4동주민센터방향),서울특별시 양천구 목동중앙서로 50,서울특별시 양천구 목동 799-9,37.533,126.8694,2,,단독형,,N,,N,02-2620-3700,서울특별시 양천구,2023-04-01,I,2026-05-15 18:45:05,2023-04-06 16:04:53
3140000,202331400000300576,"양서중학교 앞(학교 입구, 버스정류소(15-358))",서울특별시 양천구 남부순환로 380,서울특별시 양천구 신월동 169-4,37.5326,126.8291,23,,단독형,,Y,,N,02-2620-3700,서울특별시 양천구,2023-04-01,I,2026-05-15 18:45:05,2023-04-06 16:04:52
3140000,202331400000300755,"오목교역 8번출구(커피게이트 앞, 출구번호 앞)",서울특별시 양천구 오목로 326,서울특별시 양천구 목동 405-212,37.5245,126.8736,10,,휀스형,,N,,N,02-2620-3700,서울특별시 양천구,2023-04-01,I,2026-05-15 18:45:05,2023-04-06 16:04:53
3140000,202331400000300631,"부영그린타운2차(기업은행, 홈플러스익스프레스)",서울특별시 양천구 목동동로 401 A동,서울특별시 양천구 목동 908-28,37.5364,126.8811,30,,거치형,,Y,,N,02-2620-3700,서울특별시 양천구,2023-04-01,I,2026-05-15 18:45:05,2023-04-06 16:04:52
3140000,202331400000300411,양천구청역 1번출구(출구앞 도로펜스 옆),서울특별시 양천구 목동로3길 57,서울특별시 양천구 신정동 276,37.5095,126.8622,7,,거치형,,N,,N,02-2620-3700,서울특별시 양천구,2023-04-01,I,2026-05-15 18:45:05,2023-04-06 16:04:51
3140000,202331400000300594,양강중학교 앞,서울특별시 양천구 중앙로 319,서울특별시 양천구 신월동 499-2,37.5249,126.8496,40,,거치형,,N,,N,02-2620-3700,서울특별시 양천구,2023-04-01,I,2026-05-15 18:45:05,2023-04-06 16:04:52
3140000,202331400000300439,우리은행 양천구청지점 앞(목동서로변),서울특별시 양천구 목동서로 339,서울특별시 양천구 신정동 321-5,37.5177,126.8657,18,,휀스형,,N,,N,02-2620-3700,서울특별시 양천구,2023-04-01,I,2026-05-15 18:45:05,2023-04-06 16:04:51
3140000,202331400000300677,금호종합상가,서울특별시 양천구 목동중앙로 85,서울특별시 양천구 목동 758-1,37.537,126.8715,7,,거치형,,N,,N,02-2620-3700,서울특별시 양천구,2023-04-01,I,2026-05-15 18:45:05,2023-04-06 16:04:53
3140000,202331400000300579,서서울어르신복지관,서울특별시 양천구 가로공원로60가길 16,서울특별시 양천구 신월동 158-4,37.5343,126.8266,10,,거치형,,N,,N,02-2620-3700,서울특별시 양천구,2023-04-01,I,2026-05-15 18:45:05,2023-04-06 16:04:52
3140000,202331400000300658,신목중학교앞교차로 남서쪽 코너,서울특별시 양천구 목동중앙로 70(영도초등학교 북쪽 앞),서울특별시 양천구 목동 903-1,37.536,126.8719,5,,거치형,,Y,,N,02-2620-3700,서울특별시 양천구,2023-04-01,I,2026-05-15 18:45:05,2023-04-06 16:04:52
3140000,202331400000300461,제자교회 주차장 앞 보도,서울특별시 양천구 목동동로 171-3,서울특별시 양천구 신정동 318-9,37.522,126.87,14,,거치형,,N,,N,02-2620-3700,서울특별시 양천구,2023-04-01,I,2026-05-15 18:45:05,2023-04-06 16:04:51
3140000,202331400000300410,양천구청역 2번출구(종합관리동 입구 가로변),서울특별시 양천구 목동로3길 57,서울특별시 양천구 신정동 276,37.5095,126.8622,30,,휀스형,,Y,,N,02-2620-3700,서울특별시 양천구,2023-04-01,I,2026-05-15 18:45:05,2023-04-06 16:04:51
3140000,202331400000300692,청우빌딩 앞,서울특별시 양천구 목동중앙로 97,서울특별시 양천구 목동 752-10,37.5378,126.8726,10,,거치형,,N,,N,02-2620-3700,서울특별시 양천구,2023-04-01,I,2026-05-15 18:45:05,2023-04-06 16:04:53
3140000,202331400000300764,오목교역 5번출구(5번출구 옆 커피빈 매장 앞),서울특별시 양천구 오목로 350,서울특별시 양천구 목동 404-177,37.5242,126.8763,10,,휀스형,,Y,,N,02-2620-3700,서울특별시 양천구,2023-04-01,I,2026-05-15 18:45:05,2023-04-06 16:04:53
3140000,202331400000300443,양천구보건소 옆,서울특별시 양천구 목동서로 339,서울특별시 양천구 신정동 321-5,37.5177,126.8657,14,,거치형,,N,,N,02-2620-3700,서울특별시 양천구,2023-04-01,I,2026-05-15 18:45:05,2023-04-06 16:04:51
3140000,202531400000300003,신서중학교 인근,"서울특별시 양천구 중앙로 206, 신서중학교 (신정동)",서울특별시 양천구 신정동 310-6 신서중학교,37.5154,126.8551,50,2025,단독형,N,N,,N,02226203700,양천구청,2025-04-24,I,2026-05-15 18:45:05,2025-11-14 14:53:49
3140000,202331400000300686,"등촌역5번, 6번출구사이",서울특별시 양천구 등촌로 238,서울특별시 양천구 목동 606-3,37.5507,126.8646,10,,거치형,,Y,,N,02-2620-3700,서울특별시 양천구,2023-04-01,I,2026-05-15 18:45:05,2023-04-06 16:04:53
3140000,202331400000300429,양천문화회관(정문옆),서울특별시 양천구 목동서로 367,서울특별시 양천구 신정동 322,37.5165,126.8633,7,,거치형,,N,,N,02-2620-3700,서울특별시 양천구,2023-04-01,I,2026-05-15 18:45:05,2023-04-06 16:04:51
3140000,202331400000300395,한사랑교회(한사랑작은도서관 입구 좌측),서울특별시 양천구 목동동로 33,서울특별시 양천구 신정동 324-12,37.5146,126.8597,14,,거치형,,N,,N,02-2620-3700,서울특별시 양천구,2023-04-01,I,2026-05-15 18:45:05,2023-04-06 16:04:51
3140000,202331400000300427,신정6동주민센터,서울특별시 양천구 목동서로 351,서울특별시 양천구 신정동 322-9,37.5171,126.8645,6,,기타,,Y,,N,02-2620-3700,서울특별시 양천구,2023-04-01,I,2026-05-15 18:45:05,2023-04-06 16:04:51
3140000,202331400000300626,부영그린타운 3차,서울특별시 양천구 목동동로 411 B동,서울특별시 양천구 목동 908-34,37.5367,126.8822,8,,단독형,,N,,N,02-2620-3700,서울특별시 양천구,2023-04-01,I,2026-05-15 18:45:05,2023-04-06 16:04:52
3140000,202331400000300445,양천구청 지하1층,서울특별시 양천구 목동동로 105,서울특별시 양천구 신정동 321-4,37.5171,126.8665,42,,거치형,,N,,N,02-2620-3700,서울특별시 양천구,2023-04-01,I,2026-05-15 18:45:05,2023-04-06 16:04:51
3140000,202331400000300540,"신정네거리역 3번출구(출입구 뒤, 복개천 입구 옆)",서울특별시 양천구 중앙로 274,서울특별시 양천구 신정동 1031-2,37.5208,126.8531,30,,휀스형,,N,,N,02-2620-3700,서울특별시 양천구,2023-04-01,I,2026-05-15 18:45:05,2023-04-06 16:04:52
3140000,202331400000300606,우드볼장,서울특별시 양천구 안양천로 1092,서울특별시 양천구 목동 900-10(안양천),37.5389,126.8862,25,,휀스형,,N,,N,02-2620-3700,서울특별시 양천구,2023-04-01,I,2026-05-15 18:45:05,2023-04-06 16:04:52
3140000,202631400000300004,진명여자고등학교 앞,"서울특별시 양천구 목동로 170, 진명여고 (목동)",서울특별시 양천구 목동 927-6 진명여고,37.523814,126.866030,8,2025,단독형,N,N,,N,02-2620-3700,양천구청 교통과,2025-12-24,,2026-05-22 22:27:50,2026-05-21 16:39:22
3140000,202631400000300005,농협은행 목동지점 앞,서울특별시 양천구 목동중앙로 71 (목동),서울특별시 양천구 목동 762-6,37.535981,126.870201,10,2026,거치형,N,N,,N,02-2620-3700,양천구청 교통과,2026-02-05,,2026-05-22 22:27:50,2026-05-21 16:43:52
3140000,202631400000300007,한가람고등학교 정문 인근,"서울특별시 양천구 목동서로 15, 한가람고등학교 (목동)",서울특별시 양천구 목동 909-12 한가람고등학교,37.537264,126.883719,25,2026,거치형,N,N,,N,02-2620-3700,양천구청 교통과,2026-04-02,,2026-05-22 22:27:50,2026-05-21 16:49:47
3140000,202631400000300006,신정7동 젊음의 거리 일대,"서울특별시 양천구 목동동로 61, 천주교양천성당 (신정동)",서울특별시 양천구 신정동 323-29 천주교양천성당,37.515589,126.861851,10,2026,거치형,N,N,,N,02-2620-3700,양천구청 교통과,2026-02-06,,2026-05-22 22:27:50,2026-05-21 16:47:59
3140000,202331400000300431,"센트럴프라자,양천경찰서 사잇길",서울특별시 양천구 목동서로 349,서울특별시 양천구 신정동 321-6,37.5174,126.8653,50,,휀스형,,N,,N,02-2620-3700,서울특별시 양천구,2023-04-01,I,2026-05-15 18:45:05,2023-04-06 16:04:51
3140000,202331400000300598,서부여성발전센터,서울특별시 양천구 남부순환로 371,서울특별시 양천구 신월동 139-1,37.5343,126.8299,10,,단독형,,N,,N,02-2620-3700,서울특별시 양천구,2023-04-01,I,2026-05-15 18:45:05,2023-04-06 16:04:52
3140000,202331400000300613,양정중학교(후문),서울특별시 양천구 안양천로 1039,서울특별시 양천구 목동 911-2,37.5354,126.8877,140,,거치형,,Y,,N,02-2620-3700,서울특별시 양천구,2023-04-01,I,2026-05-15 18:45:05,2023-04-06 16:04:52
3140000,202331400000300471,천주교 신정동 성당,서울특별시 양천구 중앙로46길 28,서울특별시 양천구 신정동 975-1,37.5223,126.855,7,,거치형,,N,,N,02-2620-3700,서울특별시 양천구,2023-04-01,I,2026-05-15 18:45:05,2023-04-06 16:04:51
3140000,202331400000300489,대일관광고등학교,서울특별시 양천구 신정이펜1로 11,서울특별시 양천구 신정동 1318-3,37.5114,126.8349,40,,거치형,,Y,,N,02-2620-3700,서울특별시 양천구,2023-04-01,I,2026-05-15 18:45:05,2023-04-06 16:04:52
3140000,202331400000300519,양천나눔누리센터 앞,서울특별시 양천구 중앙로 250,서울특별시 양천구 신정동 1032-12,37.5189,126.8537,10,,휀스형,,N,,N,02-2620-3700,서울특별시 양천구,2023-04-01,I,2026-05-15 18:45:05,2023-04-06 16:04:52
3140000,202331400000300520,현대프라자,서울특별시 양천구 중앙로32길 61,서울특별시 양천구 신정동 1021-9,37.5201,126.8603,7,,거치형,,N,,N,02-2620-3700,서울특별시 양천구,2023-04-01,I,2026-05-15 18:45:05,2023-04-06 16:04:52
3140000,202331400000300646,하나은행 목동지점 앞,서울특별시 양천구 목동서로 67,서울특별시 양천구 목동 907-4,37.5364,126.8786,50,,거치형,,N,,N,02-2620-3700,서울특별시 양천구,2023-04-01,I,2026-05-15 18:45:05,2023-04-06 16:04:52
3140000,202331400000300539,"신정네거리역 3번출구(하나은행 앞, 샤르망안경점 앞)",서울특별시 양천구 중앙로 272,서울특별시 양천구 신정동 1031-3,37.5206,126.853,14,,거치형,,N,,N,02-2620-3700,서울특별시 양천구,2023-04-01,I,2026-05-15 18:45:05,2023-04-06 16:04:52
3140000,202331400000300648,"법안정사(파리공원쪽, 목동가온길쪽)",서울특별시 양천구 목동동로 371,서울특별시 양천구 목동 907-2,37.5355,126.8785,90,,거치형,,Y,,N,02-2620-3700,서울특별시 양천구,2023-04-01,I,2026-05-15 18:45:05,2023-04-06 16:04:52
3140000,202331400000300728,"시립목동청소년센터(건물뒤, 후문앞)",서울특별시 양천구 목동서로 143,서울특별시 양천구 목동 918,37.5307,126.8755,36,,거치형,,N,,N,02-2620-3700,서울특별시 양천구,2023-04-01,I,2026-05-15 18:45:05,2023-04-06 16:04:53
3140000,202331400000300744,목동야구장(3루 2번게이트),서울특별시 양천구 안양천로 939,서울특별시 양천구 목동 914,37.5307,126.8792,20,,거치형,,N,,N,02-2620-3700,서울특별시 양천구,2023-04-01,I,2026-05-15 18:45:05,2023-04-06 16:04:53
3140000,202531400000300002,목동역3번출구,"서울특별시 양천구 오목로 지하245, 목동역 (목동)",서울특별시 양천구 목동 926-3 목동역,37.5266,126.8643,25,2025,단독형,N,Y,,N,02-2620-3700,양천구청,2025-04-01,U,2026-05-22 03:03:03,2026-05-21 16:50:45
3140000,202331400000300754,오목교역 8번출구(환풍구 옆),서울특별시 양천구 오목로 326,서울특별시 양천구 목동 405-212,37.5245,126.8736,7,,거치형,,N,,N,02-2620-3700,서울특별시 양천구,2023-04-01,I,2026-05-15 18:45:05,2023-04-06 16:04:53
3140000,202331400000300695,태진빌딩(원조양평신내서울해장국 앞),서울특별시 양천구 공항대로 646,서울특별시 양천구 목동 516-15,37.5467,126.8768,8,,거치형,,N,,N,02-2620-3700,서울특별시 양천구,2023-04-01,I,2026-05-15 18:45:05,2023-04-06 16:04:53
3140000,202331400000300776,목동역 6번출구,,서울특별시 양천구 목동 927-10,37.5257,126.8648,32,,거치형,,N,,N,02-2620-3700,서울특별시 양천구,2023-04-01,I,2026-05-15 18:45:05,2023-04-06 16:04:53
3140000,202331400000300704,염창역 3번출구,서울특별시 양천구 공항대로 634,서울특별시 양천구 목동 515,37.5467,126.8752,10,,휀스형,,N,,N,02-2620-3700,서울특별시 양천구,2023-04-01,I,2026-05-15 18:45:05,2023-04-06 16:04:53
3140000,202331400000300584,"신원중학교(정문경비실 옆, 교내 정자 앞)",서울특별시 양천구 가로공원로55길 19,서울특별시 양천구 신월동 43-4,37.5371,126.8248,30,,휀스형,,N,,N,02-2620-3700,서울특별시 양천구,2023-04-01,I,2026-05-15 18:45:05,2023-04-06 16:04:52
3140000,202331400000300399,로얄프라자 옆 공영주차장 앞(하늘주차장),서울특별시 양천구 목동동로 59,서울특별시 양천구 신정동 323-32,37.5151,126.8616,2,,단독형,,N,,N,02-2620-3700,서울특별시 양천구,2023-04-01,I,2026-05-15 18:45:05,2023-04-06 16:04:51
3140000,202331400000300689,"등촌역4번출구(환풍기 앞, 출입구 앞)",서울특별시 양천구 공항대로 552,서울특별시 양천구 목동 603-2,37.5496,126.867,17,,거치형,,N,,N,02-2620-3700,서울특별시 양천구,2023-04-01,I,2026-05-15 18:45:05,2023-04-06 16:04:53
3140000,202331400000300721,세신비젼프라자,서울특별시 양천구 목동서로 213,서울특별시 양천구 목동 923,37.528,126.8706,17,,거치형,,N,,N,02-2620-3700,서울특별시 양천구,2023-04-01,I,2026-05-15 18:45:05,2023-04-06 16:04:53
3140000,202331400000300650,"파리공원(남쪽입구, 북서쪽입구)",서울특별시 양천구 목동동로 363,서울특별시 양천구 목동 906,37.5345,126.8771,44,,휀스형,,N,,N,02-2620-3700,서울특별시 양천구,2023-04-01,I,2026-05-15 18:45:05,2023-04-06 16:04:52
3140000,202331400000300753,목동서로 248-1(구두수선 부스 옆),서울특별시 양천구 목동서로 248-1,서울특별시 양천구 목동 405-1,37.5252,126.8695,10,,휀스형,,N,,N,02-2620-3700,서울특별시 양천구,2023-04-01,I,2026-05-15 18:45:05,2023-04-06 16:04:53
3140000,202331400000300640,목동가든스위트 남쪽출입구 앞(평화의거리 쪽),,서울특별시 양천구 목동 907-21,37.5362,126.8791,70,,거치형,,N,,N,02-2620-3700,서울특별시 양천구,2023-04-01,I,2026-05-15 18:45:05,2023-04-06 16:04:52
3140000,202331400000300642,국민은행 파리공원지점 옆,서울특별시 양천구 목동동로 381,서울특별시 양천구 목동 907-16,37.5357,126.879,8,,단독형,,N,,N,02-2620-3700,서울특별시 양천구,2023-04-01,I,2026-05-15 18:45:05,2023-04-06 16:04:52
3140000,202331400000300436,센트럴프라자(북쪽 출입구 앞),서울특별시 양천구 목동서로 349,서울특별시 양천구 신정동 321-6,37.5174,126.8653,25,,휀스형,,N,,N,02-2620-3700,서울특별시 양천구,2023-04-01,I,2026-05-15 18:45:05,2023-04-06 16:04:51
3140000,202331400000300490,연의근린공원 내(신정이펜하우스 313동 북쪽 입구),,서울특별시 양천구 신정동 1316-1,37.5131,126.8369,7,,거치형,,N,,N,02-2620-3700,서울특별시 양천구,2023-04-01,I,2026-05-15 18:45:05,2023-04-06 16:04:52
3140000,202631400000300001,세신비젼프라자,"서울특별시 양천구 목동서로 213, 세신비젼프라자 (목동)",서울특별시 양천구 목동 923 세신비젼프라자,37.527930,126.870549,5,2025,단독형,N,N,,N,02-2620-3700,양천구청 교통과,2025-11-19,,2026-05-22 22:27:50,2026-05-21 16:31:46
3140000,202631400000300002,세신비젼프라자,"서울특별시 양천구 목동서로 213, 세신비젼프라자 (목동)",서울특별시 양천구 목동 923 세신비젼프라자,37.527930,126.870549,10,2025,거치형,N,N,,N,02-2620-3700,양천구청 교통과,2025-11-19,,2026-05-22 22:27:50,2026-05-21 16:31:08
3140000,202331400000300665,"신목동역 2번출구,좌측",서울특별시 양천구 목동중앙로 212,서울특별시 양천구 목동 900-12,37.5436,126.8829,74,,거치형,,N,,N,02-2620-3700,서울특별시 양천구,2023-04-01,I,2026-05-15 18:45:05,2023-04-06 16:04:53
3140000,202631400000300003,목4동주민센터 앞,"서울특별시 양천구 목동중앙로 25, 목4동주민센터 (목동)",서울특별시 양천구 목동 904-19 목4동주민센터,37.532369,126.868402,14,2025,단독형,N,N,,N,02-2620-3700,양천구청 교통과,2025-12-18,,2026-05-22 22:27:50,2026-05-21 16:37:29
3140000,202331400000300720,예술인회관(대한민국예술인센터),서울특별시 양천구 목동서로 225,서울특별시 양천구 목동 923-6,37.5271,126.8707,26,,거치형,,Y,,N,02-2620-3700,서울특별시 양천구,2023-04-01,I,2026-05-15 18:45:05,2023-04-06 16:04:53
3140000,202331400000300509,"신정교 하부(중심교각쪽, 안양천로진출로)",,서울특별시 양천구 신정동,37.5167,126.8801,42,,거치형,,Y,,N,02-2620-3700,서울특별시 양천구,2023-04-01,I,2026-05-15 18:45:05,2023-04-06 16:04:52
3140000,202331400000300501,신정네거리역 2번출구,서울특별시 양천구 중앙로 269,서울특별시 양천구 신정동 1190-6,37.5205,126.8525,2,,단독형,,N,,N,02-2620-3700,서울특별시 양천구,2023-04-01,I,2026-05-15 18:45:05,2023-04-06 16:04:52
3140000,202331400000300712,오목교하부(중심부쪽 교각 아래),,서울특별시 양천구 목동,37.5238,126.8798,10,,거치형,,N,,N,02-2620-3700,서울특별시 양천구,2023-04-01,I,2026-05-15 18:45:05,2023-04-06 16:04:53
3140000,202331400000300756,오목교역 7번출구(다이소입구),서울특별시 양천구 오목로 344,서울특별시 양천구 목동 405-25,37.5238,126.8751,3,,단독형,,N,,N,02-2620-3700,서울특별시 양천구,2023-04-01,I,2026-05-15 18:45:05,2023-04-06 16:04:53
3140000,202331400000300710,신목동역 1번출구,,서울특별시 양천구 목동 135,37.5442,126.8824,12,,거치형,,N,,N,02-2620-3700,서울특별시 양천구,2023-04-01,I,2026-05-15 18:45:05,2023-04-06 16:04:53
3140000,202331400000300486,연의체육공원,,서울특별시 양천구 신정동 1319-2,37.513,126.8361,10,,거치형,,N,,N,02-2620-3700,서울특별시 양천구,2023-04-01,I,2026-05-15 18:45:05,2023-04-06 16:04:52
3140000,202331400000300587,"광영고등학교(광영여고 정문, 광영고 정문 사이)",서울특별시 양천구 남부순환로30길 17,서울특별시 양천구 신월동 43-3,37.5372,126.8233,10,,휀스형,,Y,,N,02-2620-3700,서울특별시 양천구,2023-04-01,I,2026-05-15 18:45:05,2023-04-06 16:04:52
3140000,202331400000300778,목동역 4번출구,서울특별시 양천구 목동로 186,서울특별시 양천구 목동 926,37.5252,126.8664,10,,단독형,,Y,,N,02-2620-3700,서울특별시 양천구,2023-04-01,I,2026-05-15 18:45:05,2023-04-06 16:04:53
3140000,202331400000300561,삼정그린뷰아파트 101동 북동쪽 코너,서울특별시 양천구 오목로3길 17,서울특별시 양천구 신월동 1041,37.5228,126.8383,10,,거치형,,N,,N,02-2620-3700,서울특별시 양천구,2023-04-01,I,2026-05-15 18:45:05,2023-04-06 16:04:52
3140000,202331400000300566,배스킨라빈스 신월신곡점 앞,서울특별시 양천구 신월로 173,서울특별시 양천구 신월동 537-7,37.5187,126.8423,7,,거치형,,N,,N,02-2620-3700,서울특별시 양천구,2023-04-01,I,2026-05-15 18:45:05,2023-04-06 16:04:52
3140000,202331400000300596,신월2동주민센터,서울특별시 양천구 중앙로53길 47,서울특별시 양천구 신월동 483-11,37.525,126.8446,4,,단독형,,Y,,N,02-2620-3700,서울특별시 양천구,2023-04-01,I,2026-05-15 18:45:05,2023-04-06 16:04:52
3140000,202331400000300705,"양천바이크라운지, 공기주입기 옆",서울특별시 양천구 안양천로 1156,서울특별시 양천구 목동 136-1,37.5443,126.8832,1,,단독형,,Y,,N,02-2620-3700,서울특별시 양천구,2023-04-01,I,2026-05-15 18:45:05,2023-04-06 16:04:53
3140000,202331400000300758,오목교역 7번출구(올리브영 앞),서울특별시 양천구 오목로 344,서울특별시 양천구 목동 405-25,37.5238,126.8751,17,,거치형,,N,,N,02-2620-3700,서울특별시 양천구,2023-04-01,I,2026-05-15 18:45:05,2023-04-06 16:04:53
3140000,202331400000300432,센트럴프라자(남쪽 출입구 옆),서울특별시 양천구 목동서로 349,서울특별시 양천구 신정동 321-6,37.5174,126.8653,10,,단독형,,N,,N,02-2620-3700,서울특별시 양천구,2023-04-01,I,2026-05-15 18:45:05,2023-04-06 16:04:51
3140000,202331400000300506,신정네거리역 1번출구,서울특별시 양천구 중앙로 251,서울특별시 양천구 신정동 1182-2,37.5187,126.8532,6,,단독형,,N,,N,02-2620-3700,서울특별시 양천구,2023-04-01,I,2026-05-15 18:45:05,2023-04-06 16:04:52
3140000,202331400000300771,오목교역 2번출구,서울특별시 양천구 목동동로 250,서울특별시 양천구 목동 936,37.5257,126.8738,7,,휀스형,,N,,N,02-2620-3700,서울특별시 양천구,2023-04-01,I,2026-05-15 18:45:05,2023-04-06 16:04:53
3140000,202331400000300522,남부필타운,서울특별시 양천구 신월로 358,서울특별시 양천구 신정동 1018-5,37.5218,126.8609,6,,기타,,N,,N,02-2620-3700,서울특별시 양천구,2023-04-01,I,2026-05-15 18:45:05,2023-04-06 16:04:52
3140000,202331400000300659,신목중학교 뒤쪽,서울특별시 양천구 목동중앙로 88,서울특별시 양천구 목동 902-1,37.537,126.8731,70,,거치형,,N,,N,02-2620-3700,서울특별시 양천구,2023-04-01,I,2026-05-15 18:45:05,2023-04-06 16:04:52
3140000,202331400000300535,신서중학교 앞,서울특별시 양천구 중앙로 204,서울특별시 양천구 신정동 310-6,37.5164,126.8566,21,,거치형,,N,,N,02-2620-3700,서울특별시 양천구,2023-04-01,I,2026-05-15 18:45:05,2023-04-06 16:04:52
3140000,202331400000300639,벽산미라지타워 고봉민김밥 앞(평화의거리 쪽),,서울특별시 양천구 목동 907-21,37.5362,126.8791,100,,거치형,,N,,N,02-2620-3700,서울특별시 양천구,2023-04-01,I,2026-05-15 18:45:05,2023-04-06 16:04:52
3140000,202331400000300644,광장2종합상가 목동동로변,서울특별시 양천구 목동동로 387,서울특별시 양천구 목동 907-13,37.5357,126.8798,3,,단독형,,N,,N,02-2620-3700,서울특별시 양천구,2023-04-01,I,2026-05-15 18:45:05,2023-04-06 16:04:52
3140000,202331400000300772,오목교역 2번출구,서울특별시 양천구 목동동로 250,서울특별시 양천구 목동 936,37.5257,126.8738,14,,거치형,,N,,N,02-2620-3700,서울특별시 양천구,2023-04-01,I,2026-05-15 18:45:05,2023-04-06 16:04:53
3140000,202331400000300682,육봉달 매장 앞,서울특별시 양천구 등촌로 110,서울특별시 양천구 목동 721-2,37.5398,126.864,7,,거치형,,N,,N,02-2620-3700,서울특별시 양천구,2023-04-01,I,2026-05-15 18:45:05,2023-04-06 16:04:53
3140000,202331400000300633,"맥도날드 파리공원점(목동서로변, 사잇길)",서울특별시 양천구 목동서로 45,서울특별시 양천구 목동 908-25,37.5372,126.881,38,,거치형,,N,,N,02-2620-3700,서울특별시 양천구,2023-04-01,I,2026-05-15 18:45:05,2023-04-06 16:04:52
3140000,202331400000300706,양천바이크라운지 내부,서울특별시 양천구 안양천로 1156,서울특별시 양천구 목동 136-1,37.5443,126.8832,18,,기타,,N,,N,02-2620-3700,서울특별시 양천구,2023-04-01,I,2026-05-15 18:45:05,2023-04-06 16:04:53
3140000,202331400000300629,월촌문고(출입구 앞),서울특별시 양천구 목동서로 35,서울특별시 양천구 목동 908-31,37.5376,126.8821,17,,단독형,,N,,N,02-2620-3700,서울특별시 양천구,2023-04-01,I,2026-05-15 18:45:05,2023-04-06 16:04:52
3140000,202331400000300599,서부여성발전센터,서울특별시 양천구 남부순환로 371,서울특별시 양천구 신월동 139-1,37.5343,126.8299,10,,거치형,,N,,N,02-2620-3700,서울특별시 양천구,2023-04-01,I,2026-05-15 18:45:05,2023-04-06 16:04:52
3140000,202331400000300688,"등촌역4번출구(에스컬레이터 뒤, 출입구 앞)",서울특별시 양천구 공항대로 552,서울특별시 양천구 목동 603-2,37.5496,126.867,6,,단독형,,N,,N,02-2620-3700,서울특별시 양천구,2023-04-01,I,2026-05-15 18:45:05,2023-04-06 16:04:53
3140000,202331400000300708,"신목동역 1번출구(출구앞, 출구옆)",,서울특별시 양천구 목동 135,37.5442,126.8824,20,,거치형,,N,,N,02-2620-3700,서울특별시 양천구,2023-04-01,I,2026-05-15 18:45:05,2023-04-06 16:04:53
3140000,202331400000300743,"목동종합운동장(10번게이트, 남문)",서울특별시 양천구 안양천로 939,서울특별시 양천구 목동 914,37.5307,126.8792,12,,기타,,N,,N,02-2620-3700,서울특별시 양천구,2023-04-01,I,2026-05-15 18:45:05,2023-04-06 16:04:53
3140000,202331400000300560,수명산 동주빌라 옆 마을마당입구,서울특별시 양천구 월정로 316-6,서울특별시 양천구 신월동 6-12,37.5448,126.8293,8,,휀스형,,Y,,N,02-2620-3700,서울특별시 양천구,2023-04-01,I,2026-05-15 18:45:05,2023-04-06 16:04:52
3140000,202331400000300562,대성유니드아파트 102동 앞(북쪽),서울특별시 양천구 신월로15길 25,서울특별시 양천구 신월동 1033,37.5206,126.841,7,,휀스형,,N,,N,02-2620-3700,서울특별시 양천구,2023-04-01,I,2026-05-15 18:45:05,2023-04-06 16:04:52
3140000,202331400000300672,목동글로리파크 앞,서울특별시 양천구 목동중앙로 43,서울특별시 양천구 목동 773-3,37.5335,126.8695,20,,휀스형,,N,,N,02-2620-3700,서울특별시 양천구,2023-04-01,I,2026-05-15 18:45:05,2023-04-06 16:04:53
3140000,202331400000300550,롯데리아 신곡시장점 앞,서울특별시 양천구 신월로 164,서울특별시 양천구 신월동 550-3,37.5178,126.842,16,,거치형,,N,,N,02-2620-3700,서울특별시 양천구,2023-04-01,I,2026-05-15 18:45:05,2023-04-06 16:04:52
3140000,202331400000300581,서울SOS지역아동센터,서울특별시 양천구 가로공원로58길 32,서울특별시 양천구 신월동 149-6,37.5317,126.8249,17,,거치형,,N,,N,02-2620-3700,서울특별시 양천구,2023-04-01,I,2026-05-15 18:45:05,2023-04-06 16:04:52
3140000,202331400000300530,신트리공원(서쪽출입구),서울특별시 양천구 목동동로 3,서울특별시 양천구 신정동 310-7,37.5141,126.8561,10,,휀스형,,Y,,N,02-2620-3700,서울특별시 양천구,2023-04-01,I,2026-05-15 18:45:05,2023-04-06 16:04:52
3140000,202331400000300545,신월문화체육센터,서울특별시 양천구 지양로 37,서울특별시 양천구 신월동 987,37.5191,126.8356,10,,거치형,,Y,,N,02-2620-3700,서울특별시 양천구,2023-04-01,I,2026-05-15 18:45:05,2023-04-06 16:04:52
3140000,202331400000300707,양천바이크라운지 내부,서울특별시 양천구 안양천로 1156,서울특별시 양천구 목동 136-1,37.5443,126.8832,100,,거치형,,N,,N,02-2620-3700,서울특별시 양천구,2023-04-01,I,2026-05-15 18:45:05,2023-04-06 16:04:53
3140000,202331400000300403,국민은행 양천지점 앞(젊음의거리),서울특별시 양천구 목동동로 67,서울특별시 양천구 신정동 323-11,37.5157,126.8625,30,,거치형,,N,,N,02-2620-3700,서울특별시 양천구,2023-04-01,I,2026-05-15 18:45:05,2023-04-06 16:04:51
3140000,202331400000300512,동원빌딩(신전떡볶이 앞),서울특별시 양천구 목동동로8길 25,서울특별시 양천구 신정동 282-7,37.5166,126.8716,15,,휀스형,,N,,N,02-2620-3700,서울특별시 양천구,2023-04-01,I,2026-05-15 18:45:05,2023-04-06 16:04:52
3140000,202331400000300731,행복한백화점 목동점(스타벅스),서울특별시 양천구 목동동로 309,서울특별시 양천구 목동 917-6,37.5291,126.876,14,,거치형,,N,,N,02-2620-3700,서울특별시 양천구,2023-04-01,I,2026-05-15 18:45:05,2023-04-06 16:04:53
3140000,202331400000300717,kt체임버홀,서울특별시 양천구 목동서로 201,서울특별시 양천구 목동 924,37.5297,126.8711,79,,거치형,,N,,N,02-2620-3700,서울특별시 양천구,2023-04-01,I,2026-05-15 18:45:05,2023-04-06 16:04:53
3140000,202331400000300425,양천구민체육센터,"서울특별시 양천구 목동동로 87(해누리타운&센터 사잇길, 신정6동주민센터 사잇길)",서울특별시 양천구 신정동 322-10,37.5165,126.8644,24,,기타,,N,,N,02-2620-3700,서울특별시 양천구,2023-04-01,I,2026-05-15 18:45:05,2023-04-06 16:04:51
3140000,202331400000300588,"광영고등학교(광영여고 정문, 광영고 정문 사이)",서울특별시 양천구 남부순환로30길 17,서울특별시 양천구 신월동 43-3,37.5372,126.8233,40,,거치형,,Y,,N,02-2620-3700,서울특별시 양천구,2023-04-01,I,2026-05-15 18:45:05,2023-04-06 16:04:52
3140000,202331400000300591,장수공원(해병대양천전우회 컨테이너 옆),서울특별시 양천구 신월로 253,서울특별시 양천구 신월동 894,37.5226,126.8497,12,,거치형,,N,,N,02-2620-3700,서울특별시 양천구,2023-04-01,I,2026-05-15 18:45:05,2023-04-06 16:04:52
3140000,202331400000300769,"오목교역 3번출구(슬로우시티 앞, 세라젬목동점)",서울특별시 양천구 오목로 345,서울특별시 양천구 목동 406-28,37.5248,126.8758,12,,휀스형,,N,,N,02-2620-3700,서울특별시 양천구,2023-04-01,I,2026-05-15 18:45:05,2023-04-06 16:04:53
3140000,202331400000300440,양천구보건소 옆(우리은행 옆),서울특별시 양천구 목동서로 339,서울특별시 양천구 신정동 321-5,37.5177,126.8657,6,,단독형,,N,,N,02-2620-3700,서울특별시 양천구,2023-04-01,I,2026-05-15 18:45:05,2023-04-06 16:04:51
3140000,202331400000300716,현대하이페리온2 205동 앞,서울특별시 양천구 오목로 300,서울특별시 양천구 목동 961,37.5248,126.87,10,,거치형,,N,,N,02-2620-3700,서울특별시 양천구,2023-04-01,I,2026-05-15 18:45:05,2023-04-06 16:04:53
3140000,202331400000300517,목동중학교(신목로7길),서울특별시 양천구 목동동로 172,서울특별시 양천구 신정동 88-1,37.521,126.8714,70,,휀스형,,N,,N,02-2620-3700,서울특별시 양천구,2023-04-01,I,2026-05-15 18:45:05,2023-04-06 16:04:52
3140000,202331400000300464,"목동성당(성당 앞, 성당뒤 사잇길)",서울특별시 양천구 목동서로 271,서울특별시 양천구 신정동 318,37.523,126.8696,55,,휀스형,,N,,N,02-2620-3700,서울특별시 양천구,2023-04-01,I,2026-05-15 18:45:05,2023-04-06 16:04:51
3140000,202331400000300416,해누리체육공원,서울특별시 양천구 안양천로 711,서울특별시 양천구 신정동 330-4,37.5115,126.8724,12,,기타,,N,,N,02-2620-3700,서울특별시 양천구,2023-04-01,I,2026-05-15 18:45:05,2023-04-06 16:04:51
3140000,202331400000300546,신월7동주민센터,서울특별시 양천구 남부순환로70길 16-3,서울특별시 양천구 신월동 962-10,37.5219,126.8347,7,,거치형,,Y,,N,02-2620-3700,서울특별시 양천구,2023-04-01,I,2026-05-15 18:45:05,2023-04-06 16:04:52
3140000,202331400000300675,남문건물 앞,서울특별시 양천구 목동중앙로 73,서울특별시 양천구 목동 762-10,37.5361,126.8705,20,,거치형,,N,,N,02-2620-3700,서울특별시 양천구,2023-04-01,I,2026-05-15 18:45:05,2023-04-06 16:04:53
3140000,202331400000300643,광장2종합상가 목동동로변,서울특별시 양천구 목동동로 387,서울특별시 양천구 목동 907-13,37.5357,126.8798,14,,거치형,,N,,N,02-2620-3700,서울특별시 양천구,2023-04-01,I,2026-05-15 18:45:05,2023-04-06 16:04:52
3140000,202331400000300503,신정네거리역 2번출구,서울특별시 양천구 중앙로 273,서울특별시 양천구 신정동 1190-5,37.5207,126.8524,10,,휀스형,,N,,N,02-2620-3700,서울특별시 양천구,2023-04-01,I,2026-05-15 18:45:05,2023-04-06 16:04:52
3140000,202331400000300628,목5동주민센터 앞,서울특별시 양천구 목동서로 41,서울특별시 양천구 목동 908-32,37.5372,126.8817,24,,거치형,,N,,N,02-2620-3700,서울특별시 양천구,2023-04-01,I,2026-05-15 18:45:05,2023-04-06 16:04:52
3140000,202331400000300423,해누리타운 앞(목동동로변),서울특별시 양천구 목동동로 81,서울특별시 양천구 신정동 322-11,37.516,126.8639,33,,단독형,,N,,N,02-2620-3700,서울특별시 양천구,2023-04-01,I,2026-05-15 18:45:05,2023-04-06 16:04:51
3140000,202331400000300593,"해누리분수광장(버스정류소, 광장, 교통섬)",,서울특별시 양천구 신월동 502,37.5223,126.8516,61,,거치형,,N,,N,02-2620-3700,서울특별시 양천구,2023-04-01,I,2026-05-15 18:45:05,2023-04-06 16:04:52
3140000,202331400000300779,목동역 4번출구,서울특별시 양천구 목동로 186,서울특별시 양천구 목동 926,37.5252,126.8664,56,,거치형,,Y,,N,02-2620-3700,서울특별시 양천구,2023-04-01,I,2026-05-15 18:45:05,2023-04-06 16:04:53
3140000,202331400000300391,신정1지구대 옆,서울특별시 양천구 목동남로 90,서울특별시 양천구 신정동 330-13,37.511,126.8686,7,,휀스형,,N,,N,02-2620-3700,서울특별시 양천구,2023-04-01,I,2026-05-15 18:45:05,2023-04-06 16:04:51
3140000,202331400000300761,오목교역 6번출구,서울특별시 양천구 신목로 106,서울특별시 양천구 목동 404-160,37.5239,126.876,19,,단독형,,Y,,N,02-2620-3700,서울특별시 양천구,2023-04-01,I,2026-05-15 18:45:05,2023-04-06 16:04:53
3140000,202331400000300678,목4동 청소년독서실,서울특별시 양천구 목동중앙로3길 100,서울특별시 양천구 목동 741-4,37.5393,126.8674,7,,거치형,,N,,N,02-2620-3700,서울특별시 양천구,2023-04-01,I,2026-05-15 18:45:05,2023-04-06 16:04:53
3140000,202331400000300524,서울남부지방검찰청,서울특별시 양천구 신월로 386,서울특별시 양천구 신정동 313-1,37.5222,126.8639,30,,거치형,,N,,N,02-2620-3700,서울특별시 양천구,2023-04-01,I,2026-05-15 18:45:05,2023-04-06 16:04:52
3140000,202331400000300612,양정고등학교(중고교 건물사이),서울특별시 양천구 안양천로 1039,서울특별시 양천구 목동 911-2,37.5354,126.8877,120,,휀스형,,Y,,N,02-2620-3700,서울특별시 양천구,2023-04-01,I,2026-05-15 18:45:05,2023-04-06 16:04:52
3140000,202331400000300413,"양천구청역 1번출구(종합관리동사잇길, 출구옆)",서울특별시 양천구 목동로3길 57,서울특별시 양천구 신정동 276,37.5095,126.8622,36,,거치형,,N,,N,02-2620-3700,서울특별시 양천구,2023-04-01,I,2026-05-15 18:45:05,2023-04-06 16:04:51
3140000,202331400000300601,한국SGI양천희망문화회관 앞,서울특별시 양천구 남부순환로 391,서울특별시 양천구 신월동 136-3,37.5326,126.831,10,,거치형,,N,,N,02-2620-3700,서울특별시 양천구,2023-04-01,I,2026-05-15 18:45:05,2023-04-06 16:04:52
3140000,202331400000300407,목동13.14단지 교차로(지하보도입구 옆),서울특별시 양천구 목동로3길 57,서울특별시 양천구 신정동 276,37.5095,126.8622,9,,단독형,,N,,N,02-2620-3700,서울특별시 양천구,2023-04-01,I,2026-05-15 18:45:05,2023-04-06 16:04:51
3140000,202331400000300741,목동공영주차장,서울특별시 양천구 목동동로 298,서울특별시 양천구 목동 915,37.5281,126.8765,72,,거치형,,N,,N,02-2620-3700,서울특별시 양천구,2023-04-01,I,2026-05-15 18:45:05,2023-04-06 16:04:53
3140000,202331400000300564,한빛종합사회복지관,서울특별시 양천구 신월로11길 16,서울특별시 양천구 신월동 540-1,37.5191,126.8402,10,,거치형,,N,,N,02-2620-3700,서울특별시 양천구,2023-04-01,I,2026-05-15 18:45:05,2023-04-06 16:04:52
3140000,202331400000300458,제이월드빌 앞,서울특별시 양천구 목동서로 291,서울특별시 양천구 신정동 318-17,37.5216,126.8695,7,,거치형,,N,,N,02-2620-3700,서울특별시 양천구,2023-04-01,I,2026-05-15 18:45:05,2023-04-06 16:04:51
3140000,202331400000300565,본죽 매장 앞(마을버스정류소 (15-582) 옆),서울특별시 양천구 신월로 175,서울특별시 양천구 신월동 537-8,37.5188,126.8425,21,,거치형,,N,,N,02-2620-3700,서울특별시 양천구,2023-04-01,I,2026-05-15 18:45:05,2023-04-06 16:04:52
3140000,202331400000300722,"목운중학교(정문 좌우측, 목동동로 목운초 방향)",서울특별시 양천구 목동동로 235,서울특별시 양천구 목동 922,37.527,126.873,80,,단독형,,N,,N,02-2620-3700,서울특별시 양천구,2023-04-01,I,2026-05-15 18:45:05,2023-04-06 16:04:53
3140000,202331400000300533,신서중학교 앞,서울특별시 양천구 중앙로 204,서울특별시 양천구 신정동 310-6,37.5164,126.8566,57,,휀스형,,N,,N,02-2620-3700,서울특별시 양천구,2023-04-01,I,2026-05-15 18:45:05,2023-04-06 16:04:52
3140000,202331400000300742,"목동종합운동장(남문우좌측, 다목적경기장)",서울특별시 양천구 안양천로 939,서울특별시 양천구 목동 914,37.5307,126.8792,34,,거치형,,N,,N,02-2620-3700,서울특별시 양천구,2023-04-01,I,2026-05-15 18:45:05,2023-04-06 16:04:53
3140000,202331400000300774,목동역 6번출구,,서울특별시 양천구 목동 927-10,37.5257,126.8648,5,,단독형,,N,,N,02-2620-3700,서울특별시 양천구,2023-04-01,I,2026-05-15 18:45:05,2023-04-06 16:04:53
3140000,202331400000300684,목3동주민센터,서울특별시 양천구 목동중앙남로16나길 55,서울특별시 양천구 목동 642-1,37.5447,126.8644,4,,거치형,,Y,,N,02-2620-3700,서울특별시 양천구,2023-04-01,I,2026-05-15 18:45:05,2023-04-06 16:04:53
3140000,202331400000300456,한국전력강서양천지사,서울특별시 양천구 목동서로 313,서울특별시 양천구 신정동 319-1,37.5201,126.8687,7,,단독형,,N,,N,02-2620-3700,서울특별시 양천구,2023-04-01,I,2026-05-15 18:45:05,2023-04-06 16:04:51
3140000,202331400000300563,밝은눈안경마트신월점 앞,서울특별시 양천구 신월로 167,서울특별시 양천구 신월동 544-6,37.5185,126.842,17,,거치형,,N,,N,02-2620-3700,서울특별시 양천구,2023-04-01,I,2026-05-15 18:45:05,2023-04-06 16:04:52
3140000,202331400000300647,양천구 사회적경제지원센터,서울특별시 양천구 목동동로 373,서울특별시 양천구 목동 907-3,37.5352,126.8785,12,,거치형,,Y,,N,02-2620-3700,서울특별시 양천구,2023-04-01,I,2026-05-15 18:45:05,2023-04-06 16:04:52
3140000,202331400000300504,신정네거리역 2번출구,서울특별시 양천구 신월로 282,서울특별시 양천구 신정동 1190-2,37.5211,126.8522,15,,휀스형,,N,,N,02-2620-3700,서울특별시 양천구,2023-04-01,I,2026-05-15 18:45:05,2023-04-06 16:04:52
3140000,202331400000300617,이화프라자,서울특별시 양천구 목동동로 423,서울특별시 양천구 목동 909-8,37.5369,126.8836,7,,거치형,,N,,N,02-2620-3700,서울특별시 양천구,2023-04-01,I,2026-05-15 18:45:05,2023-04-06 16:04:52
3140000,202331400000300766,오목교역 4번출구,서울특별시 양천구 오목로 351,서울특별시 양천구 목동 404-256,37.5246,126.8768,10,,휀스형,,N,,N,02-2620-3700,서울특별시 양천구,2023-04-01,I,2026-05-15 18:45:05,2023-04-06 16:04:53
3140000,202331400000300698,목양의교회 앞 횡단보도 옆,서울특별시 양천구 목동중앙로 105-1,서울특별시 양천구 목동 222-51,37.5383,126.8731,10,,거치형,,N,,N,02-2620-3700,서울특별시 양천구,2023-04-01,I,2026-05-15 18:45:05,2023-04-06 16:04:53
3140000,202331400000300417,"신목고등학교(본관뒤, 본관옆)",서울특별시 양천구 안양천로 739,서울특별시 양천구 신정동 330-3,37.5129,126.8736,180,,거치형,,Y,,N,02-2620-3700,서울특별시 양천구,2023-04-01,I,2026-05-15 18:45:05,2023-04-06 16:04:51
3140000,202331400000300630,부영그린타운2차(기업은행 목동WM센터),서울특별시 양천구 목동동로 401 A동,서울특별시 양천구 목동 908-28,37.5364,126.8811,10,,단독형,,Y,,N,02-2620-3700,서울특별시 양천구,2023-04-01,I,2026-05-15 18:45:05,2023-04-06 16:04:52
3140000,202331400000300393,목동고등학교,서울특별시 양천구 목동동로2길 68,서울특별시 양천구 신정동 325-8,37.5092,126.8602,30,,거치형,,N,,N,02-2620-3700,서울특별시 양천구,2023-04-01,I,2026-05-15 18:45:05,2023-04-06 16:04:51
3140000,202331400000300459,제자교회 후면공도,서울특별시 양천구 목동동로 171-3,서울특별시 양천구 신정동 318-9,37.522,126.87,54,,거치형,,N,,N,02-2620-3700,서울특별시 양천구,2023-04-01,I,2026-05-15 18:45:05,2023-04-06 16:04:51
3140000,202331400000300397,목동제일교회,서울특별시 양천구 목동서로 393,서울특별시 양천구 신정동 324-9,37.5158,126.8605,30,,휀스형,,N,,N,02-2620-3700,서울특별시 양천구,2023-04-01,I,2026-05-15 18:45:05,2023-04-06 16:04:51
3140000,202331400000300495,우리은행 신정네거리역 자동화점,서울특별시 양천구 중앙로 237,서울특별시 양천구 신정동 1182-11,37.5177,126.8536,14,,거치형,,N,,N,02-2620-3700,서울특별시 양천구,2023-04-01,I,2026-05-15 18:45:05,2023-04-06 16:04:52
3140000,202331400000300575,공중전화 부스 옆,서울특별시 양천구 남부순환로 434,서울특별시 양천구 신월동 205-44,37.5291,126.8325,3,,단독형,,N,,N,02-2620-3700,서울특별시 양천구,2023-04-01,I,2026-05-15 18:45:05,2023-04-06 16:04:52
3140000,202331400000300691,청우빌딩 앞,서울특별시 양천구 목동중앙로 97,서울특별시 양천구 목동 752-10,37.5378,126.8726,2,,단독형,,N,,N,02-2620-3700,서울특별시 양천구,2023-04-01,I,2026-05-15 18:45:05,2023-04-06 16:04:53
3140000,202531400000300001,부영그린타운2차 정문 앞,"서울특별시 양천구 목동동로 401 (목동, 부영그린타운2차)",서울특별시 양천구 목동 908-28 부영그린타운2차,37.5365,126.8155,15,2025,거치형,N,N,,N,02-2620-3700,양천구청,2025-06-25,I,2026-05-15 18:45:05,2025-11-14 14:48:58
3140000,202331400000300666,"신목동역 2번출구(버스정류소 뒷편,15-360)",서울특별시 양천구 목동중앙로 212,서울특별시 양천구 목동 900-12,37.5436,126.8829,10,,거치형,,N,,N,02-2620-3700,서울특별시 양천구,2023-04-01,I,2026-05-15 18:45:05,2023-04-06 16:04:53
3140000,202331400000300557,메디힐병원,서울특별시 양천구 남부순환로 331,서울특별시 양천구 신월동 51-10,37.5373,126.8278,20,,거치형,,N,,N,02-2620-3700,서울특별시 양천구,2023-04-01,I,2026-05-15 18:45:05,2023-04-06 16:04:52
3140000,202331400000300725,양천소방서,서울특별시 양천구 목동서로 180,서울특별시 양천구 목동 919-6,37.5302,126.8723,10,,거치형,,N,,N,02-2620-3700,서울특별시 양천구,2023-04-01,I,2026-05-15 18:45:05,2023-04-06 16:04:53
3140000,202331400000300447,양천구청 지하출입구 옆,서울특별시 양천구 목동동로 105,서울특별시 양천구 신정동 321-4,37.5171,126.8665,20,,거치형,,Y,,N,02-2620-3700,서울특별시 양천구,2023-04-01,I,2026-05-15 18:45:05,2023-04-06 16:04:51
3140000,202331400000300424,해누리타운(직장어린이집 입구 옆),서울특별시 양천구 목동동로 81,서울특별시 양천구 신정동 322-11,37.516,126.8639,7,,거치형,,N,,N,02-2620-3700,서울특별시 양천구,2023-04-01,I,2026-05-15 18:45:05,2023-04-06 16:04:51
3140000,202331400000300428,양천문화회관(평생학습관 후문 옆),서울특별시 양천구 목동서로 367,서울특별시 양천구 신정동 322,37.5165,126.8633,20,,거치형,,Y,,N,02-2620-3700,서울특별시 양천구,2023-04-01,I,2026-05-15 18:45:05,2023-04-06 16:04:51
3140000,202331400000300713,오목교하부(주변쪽 교각 아래 운동기구 주변),,서울특별시 양천구 목동,37.5238,126.8798,8,,단독형,,N,,N,02-2620-3700,서울특별시 양천구,2023-04-01,I,2026-05-15 18:45:05,2023-04-06 16:04:53
3140000,202331400000300687,"등촌역5번, 6번출구사이",서울특별시 양천구 등촌로 238,서울특별시 양천구 목동 606-3,37.5507,126.8646,10,,거치형,,Y,,N,02-2620-3700,서울특별시 양천구,2023-04-01,I,2026-05-15 18:45:05,2023-04-06 16:04:53
3140000,202331400000300412,양천구청역 1번출구(종합관리동 앞 사잇길),서울특별시 양천구 목동로3길 57,서울특별시 양천구 신정동 276,37.5095,126.8622,20,,휀스형,,N,,N,02-2620-3700,서울특별시 양천구,2023-04-01,I,2026-05-15 18:45:05,2023-04-06 16:04:51
3140000,202331400000300681,강서고등학교,서울특별시 양천구 목동중앙남로 27,서울특별시 양천구 목동 735,37.5363,126.8658,10,,거치형,,Y,,N,02-2620-3700,서울특별시 양천구,2023-04-01,I,2026-05-15 18:45:05,2023-04-06 16:04:53
3140000,202331400000300521,신정1지구대,서울특별시 양천구 중앙로32길 65,서울특별시 양천구 신정동 1021-8,37.5203,126.8608,10,,거치형,,N,,N,02-2620-3700,서울특별시 양천구,2023-04-01,I,2026-05-15 18:45:05,2023-04-06 16:04:52
3140000,202331400000300463,황금프라자 앞,서울특별시 양천구 목동서로 285,서울특별시 양천구 신정동 318-5,37.5219,126.8691,25,,거치형,,N,,N,02-2620-3700,서울특별시 양천구,2023-04-01,I,2026-05-15 18:45:05,2023-04-06 16:04:51
3140000,202331400000300534,신서중학교 앞,서울특별시 양천구 중앙로 204,서울특별시 양천구 신정동 310-6,37.5164,126.8566,25,,단독형,,N,,N,02-2620-3700,서울특별시 양천구,2023-04-01,I,2026-05-15 18:45:05,2023-04-06 16:04:52
3140000,202331400000300526,신트리공원(중앙로변),서울특별시 양천구 목동동로 3,서울특별시 양천구 신정동 310-7,37.5141,126.8561,8,,단독형,,Y,,N,02-2620-3700,서울특별시 양천구,2023-04-01,I,2026-05-15 18:45:05,2023-04-06 16:04:52
3140000,202331400000300516,목동중학교 정문 좌우측(목동동로),서울특별시 양천구 목동동로 172,서울특별시 양천구 신정동 88-1,37.521,126.8714,200,,휀스형,,Y,,N,02-2620-3700,서울특별시 양천구,2023-04-01,I,2026-05-15 18:45:05,2023-04-06 16:04:52
3140000,202331400000300683,목2지구대,서울특별시 양천구 등촌로 166,서울특별시 양천구 목동 657-23,37.5445,126.8624,9,,거치형,,N,,N,02-2620-3700,서울특별시 양천구,2023-04-01,I,2026-05-15 18:45:05,2023-04-06 16:04:53
3140000,202331400000300492,"신정이펜하우스1,2,3단지 사거리 남동,남서쪽 코너",,서울특별시 양천구 신정동 1316-1,37.5131,126.8369,10,,단독형,,N,,N,02-2620-3700,서울특별시 양천구,2023-04-01,I,2026-05-15 18:45:05,2023-04-06 16:04:52
3140000,202331400000300547,"곰달래근린공원(현대빌리지 뒷편, 중부운수 옆)",,서울특별시 양천구 신월동 916,37.5248,126.8324,14,,거치형,,N,,N,02-2620-3700,서울특별시 양천구,2023-04-01,I,2026-05-15 18:45:05,2023-04-06 16:04:52
3140000,202331400000300670,홍익병원목동관,서울특별시 양천구 등촌로 22,서울특별시 양천구 목동 793-3,37.5319,126.8641,8,,단독형,,N,,N,02-2620-3700,서울특별시 양천구,2023-04-01,I,2026-05-15 18:45:05,2023-04-06 16:04:53
3140000,202331400000300544,해맞이공원 입구,서울특별시 양천구 지양로 37,서울특별시 양천구 신월동 987,37.5191,126.8356,8,,거치형,,N,,N,02-2620-3700,서울특별시 양천구,2023-04-01,I,2026-05-15 18:45:05,2023-04-06 16:04:52
3140000,202331400000300422,"목일중학교 옆(학교건물,목동아파트1420동 사잇길)",서울특별시 양천구 목동동로8길 70,서울특별시 양천구 신정동 330-2,37.5135,126.874,100,,휀스형,,N,,N,02-2620-3700,서울특별시 양천구,2023-04-01,I,2026-05-15 18:45:05,2023-04-06 16:04:51
3140000,202331400000300434,센트럴프라자(서쪽가로변),서울특별시 양천구 목동서로 349,서울특별시 양천구 신정동 321-6,37.5174,126.8653,5,,휀스형,,N,,N,02-2620-3700,서울특별시 양천구,2023-04-01,I,2026-05-15 18:45:05,2023-04-06 16:04:51
3140000,202331400000300435,센트럴프라자(서쪽가로변),서울특별시 양천구 목동서로 349,서울특별시 양천구 신정동 321-6,37.5174,126.8653,44,,거치형,,N,,N,02-2620-3700,서울특별시 양천구,2023-04-01,I,2026-05-15 18:45:05,2023-04-06 16:04:51
3140000,202331400000300515,미진수영장,서울특별시 양천구 신목로 53,서울특별시 양천구 신정동 88-5,37.5203,126.8724,30,,거치형,,N,,N,02-2620-3700,서울특별시 양천구,2023-04-01,I,2026-05-15 18:45:05,2023-04-06 16:04:52
3140000,202331400000300527,신트리공원(중앙로변),서울특별시 양천구 목동동로 3,서울특별시 양천구 신정동 310-7,37.5141,126.8561,97,,휀스형,,Y,,N,02-2620-3700,서울특별시 양천구,2023-04-01,I,2026-05-15 18:45:05,2023-04-06 16:04:52
3140000,202331400000300619,목동우방빌딩,서울특별시 양천구 목동동로 431,서울특별시 양천구 목동 909-6,37.5372,126.8844,33,,휀스형,,N,,N,02-2620-3700,서울특별시 양천구,2023-04-01,I,2026-05-15 18:45:05,2023-04-06 16:04:52
3140000,202331400000300590,"신동아파밀리에 아파트(중앙 공간, 108동 3·4호라인)",서울특별시 양천구 화곡로 25,서울특별시 양천구 신월동 36-1,37.5402,126.8247,40,,거치형,,N,,N,02-2620-3700,서울특별시 양천구,2023-04-01,I,2026-05-15 18:45:05,2023-04-06 16:04:52
3140000,202331400000300621,평광교회 옆(양평교 남쪽 건너편),서울특별시 양천구 목동서로 13,서울특별시 양천구 목동 909-2,37.5383,126.8844,50,,휀스형,,N,,N,02-2620-3700,서울특별시 양천구,2023-04-01,I,2026-05-15 18:45:05,2023-04-06 16:04:52
3140000,202331400000300567,문형한내과의원 앞,서울특별시 양천구 신월로 179,서울특별시 양천구 신월동 536-6,37.5192,126.843,7,,거치형,,N,,N,02-2620-3700,서울특별시 양천구,2023-04-01,I,2026-05-15 18:45:05,2023-04-06 16:04:52
3140000,202331400000300610,양정고등학교(별관),서울특별시 양천구 안양천로 1039,서울특별시 양천구 목동 911-2,37.5354,126.8877,48,,거치형,,Y,,N,02-2620-3700,서울특별시 양천구,2023-04-01,I,2026-05-15 18:45:05,2023-04-06 16:04:52
3140000,202331400000300773,"오목교역 1번출구(출구옆, 리앤장의원앞)",,서울특별시 양천구 목동 406,37.5256,126.8704,30,,휀스형,,N,,N,02-2620-3700,서울특별시 양천구,2023-04-01,I,2026-05-15 18:45:05,2023-04-06 16:04:53
3140000,202331400000300749,"목동종로학원 앞, 목동성모요양병원 앞",서울특별시 양천구 오목로 282,서울특별시 양천구 목동 408-121,37.5252,126.8686,50,,휀스형,,N,,N,02-2620-3700,서울특별시 양천구,2023-04-01,I,2026-05-15 18:45:05,2023-04-06 16:04:53
3140000,202331400000300748,동문빌딩 앞,서울특별시 양천구 목동서로 256,서울특별시 양천구 목동 408-174,37.5246,126.8693,14,,거치형,,N,,N,02-2620-3700,서울특별시 양천구,2023-04-01,I,2026-05-15 18:45:05,2023-04-06 16:04:53
3140000,202331400000300505,신정네거리역 2번출구,서울특별시 양천구 신월로 282,서울특별시 양천구 신정동 1190-2,37.5211,126.8522,10,,거치형,,N,,N,02-2620-3700,서울특별시 양천구,2023-04-01,I,2026-05-15 18:45:05,2023-04-06 16:04:52
3140000,202331400000300470,영상고등학교,서울특별시 양천구 목동로11길 46,서울특별시 양천구 신정동 984,37.5233,126.8603,21,,거치형,,N,,N,02-2620-3700,서울특별시 양천구,2023-04-01,I,2026-05-15 18:45:05,2023-04-06 16:04:51
3140000,202331400000300694,"성문교회 (건물 상부, 건물 하부)",서울특별시 양천구 목동중앙북로24길 9,서울특별시 양천구 목동 520,37.5462,126.8783,20,,휀스형,,N,,N,02-2620-3700,서울특별시 양천구,2023-04-01,I,2026-05-15 18:45:05,2023-04-06 16:04:53
3140000,202331400000300637,"부영그린타운1차, 벽산미라지타워 사잇길",,서울특별시 양천구 목동 907-21,37.5362,126.8791,70,,거치형,,N,,N,02-2620-3700,서울특별시 양천구,2023-04-01,I,2026-05-15 18:45:05,2023-04-06 16:04:52
3140000,202331400000300409,양천구청역 2번출구(종합관리동 건물앞쪽),서울특별시 양천구 목동로3길 57,서울특별시 양천구 신정동 276,37.5095,126.8622,50,,거치형,,Y,,N,02-2620-3700,서울특별시 양천구,2023-04-01,I,2026-05-15 18:45:05,2023-04-06 16:04:51
3140000,202331400000300556,신월5동주민센터,서울특별시 양천구 화곡로4길 10,서울특별시 양천구 신월동 52-2,37.5386,126.8272,20,,거치형,,Y,,N,02-2620-3700,서울특별시 양천구,2023-04-01,I,2026-05-15 18:45:05,2023-04-06 16:04:52
3140000,202331400000300747,하이스트학원 앞,서울특별시 양천구 목동서로 258,서울특별시 양천구 목동 408-216,37.5245,126.8692,26,,거치형,,N,,N,02-2620-3700,서울특별시 양천구,2023-04-01,I,2026-05-15 18:45:05,2023-04-06 16:04:53
3140000,202331400000300738,목동파라곤,서울특별시 양천구 목동서로 155,서울특별시 양천구 목동 917,37.53,126.8751,60,,휀스형,,N,,N,02-2620-3700,서울특별시 양천구,2023-04-01,I,2026-05-15 18:45:05,2023-04-06 16:04:53
3140000,202331400000300645,현대파리지앙,서울특별시 양천구 목동서로 57,서울특별시 양천구 목동 907-10,37.5366,126.8799,47,,거치형,,N,,N,02-2620-3700,서울특별시 양천구,2023-04-01,I,2026-05-15 18:45:05,2023-04-06 16:04:52
3140000,202331400000300480,목동역 2번출구,서울특별시 양천구 목동로 201,서울특별시 양천구 신정동 900-16,37.5265,126.8639,20,,거치형,,N,,N,02-2620-3700,서울특별시 양천구,2023-04-01,I,2026-05-15 18:45:05,2023-04-06 16:04:52
3140000,202331400000300496,신정3동 성당 출입구 쪽,서울특별시 양천구 신정로7길 60-10,서울특별시 양천구 신정동 761-87,37.5125,126.8388,7,,거치형,,N,,N,02-2620-3700,서울특별시 양천구,2023-04-01,I,2026-05-15 18:45:05,2023-04-06 16:04:52
3140000,202331400000300607,"파크골프장,우드볼장 사이 정자 옆",서울특별시 양천구 안양천로 1092,서울특별시 양천구 목동 900-10(안양천),37.5389,126.8862,10,,휀스형,,N,,N,02-2620-3700,서울특별시 양천구,2023-04-01,I,2026-05-15 18:45:05,2023-04-06 16:04:52
3140000,202331400000300693,목2동주민센터,서울특별시 양천구 목동중앙본로 120,서울특별시 양천구 목동 530-6,37.5461,126.8717,2,,단독형,,Y,,N,02-2620-3700,서울특별시 양천구,2023-04-01,I,2026-05-15 18:45:05,2023-04-06 16:04:53
3140000,202331400000300553,가로공원공영주차장,"서울특별시 양천구 가로공원로 116-1(가로공원로 137부근 좌우, 123 부근)",서울특별시 양천구 신월동 263,37.5358,126.829,52,,거치형,,N,,N,02-2620-3700,서울특별시 양천구,2023-04-01,I,2026-05-15 18:45:05,2023-04-06 16:04:52
3140000,202331400000300611,양정고등학교(정문 옆),서울특별시 양천구 안양천로 1039,서울특별시 양천구 목동 911-2,37.5354,126.8877,80,,거치형,,Y,,N,02-2620-3700,서울특별시 양천구,2023-04-01,I,2026-05-15 18:45:05,2023-04-06 16:04:52
3140000,202331400000300472,신정4동 972-5(신정네거리역 사거리),서울특별시 양천구 중앙로 280,서울특별시 양천구 신정동 972-5,37.5214,126.8527,13,,단독형,,N,,N,02-2620-3700,서울특별시 양천구,2023-04-01,I,2026-05-15 18:45:05,2023-04-06 16:04:51
3140000,202331400000300763,오목교역 6번출구,서울특별시 양천구 신목로 106,서울특별시 양천구 목동 404-160,37.5239,126.876,18,,휀스형,,Y,,N,02-2620-3700,서울특별시 양천구,2023-04-01,I,2026-05-15 18:45:05,2023-04-06 16:04:53
3140000,202331400000300636,현대파크빌 옆,,서울특별시 양천구 목동 907-21,37.5362,126.8791,24,,거치형,,N,,N,02-2620-3700,서울특별시 양천구,2023-04-01,I,2026-05-15 18:45:05,2023-04-06 16:04:52
3140000,202331400000300578,파리바게뜨 매장 앞 남부순환로변,서울특별시 양천구 남부순환로 358,서울특별시 양천구 신월동 166-4,37.535,126.8285,5,,휀스형,,N,,N,02-2620-3700,서울특별시 양천구,2023-04-01,I,2026-05-15 18:45:05,2023-04-06 16:04:52
3140000,202331400000300474,신정4동주민센터 앞,서울특별시 양천구 오목로34길 5,서울특별시 양천구 신정동 949-5,37.5246,126.8558,6,,거치형,,N,,N,02-2620-3700,서울특별시 양천구,2023-04-01,I,2026-05-15 18:45:05,2023-04-06 16:04:51
3140000,202331400000300663,신목동역 2번출구,서울특별시 양천구 목동중앙로 212,서울특별시 양천구 목동 900-12,37.5436,126.8829,26,,단독형,,N,,N,02-2620-3700,서울특별시 양천구,2023-04-01,I,2026-05-15 18:45:05,2023-04-06 16:04:53
3140000,202331400000300714,현대하이페리온2 205동 앞,서울특별시 양천구 오목로 300,서울특별시 양천구 목동 961,37.5248,126.87,10,,휀스형,,N,,N,02-2620-3700,서울특별시 양천구,2023-04-01,I,2026-05-15 18:45:05,2023-04-06 16:04:53
3140000,202331400000300667,"신목동역 2번출구,좌측",서울특별시 양천구 목동중앙로 212,서울특별시 양천구 목동 900-12,37.5436,126.8829,14,,거치형,,N,,N,02-2620-3700,서울특별시 양천구,2023-04-01,I,2026-05-15 18:45:05,2023-04-06 16:04:53
3140000,202331400000300655,목5동 905-10,서울특별시 양천구 목동서로 133-6,서울특별시 양천구 목동 905-10,37.5323,126.8761,10,,휀스형,,N,,N,02-2620-3700,서울특별시 양천구,2023-04-01,I,2026-05-15 18:45:05,2023-04-06 16:04:52
3140000,202331400000300661,목동 119 안전센터,서울특별시 양천구 안양천로 1139,서울특별시 양천구 목동 900-11,37.5428,126.8836,10,,거치형,,N,,N,02-2620-3700,서울특별시 양천구,2023-04-01,I,2026-05-15 18:45:05,2023-04-06 16:04:53
3140000,202331400000300679,영도중학교,서울특별시 양천구 목동중앙남로 27,서울특별시 양천구 목동 735,37.5363,126.8658,60,,휀스형,,N,,N,02-2620-3700,서울특별시 양천구,2023-04-01,I,2026-05-15 18:45:05,2023-04-06 16:04:53
3140000,202331400000300442,양천구보건소 옆,서울특별시 양천구 목동서로 339,서울특별시 양천구 신정동 321-5,37.5177,126.8657,59,,휀스형,,N,,N,02-2620-3700,서울특별시 양천구,2023-04-01,I,2026-05-15 18:45:05,2023-04-06 16:04:51
3140000,202331400000300752,현대프라자,서울특별시 양천구 오목로 279,서울특별시 양천구 목동 406-4,37.5259,126.8684,27,,거치형,,N,,N,02-2620-3700,서울특별시 양천구,2023-04-01,I,2026-05-15 18:45:05,2023-04-06 16:04:53
3140000,202331400000300450,양천구의회,서울특별시 양천구 목동서로 337,서울특별시 양천구 신정동 321-1,37.5177,126.8664,21,,거치형,,N,,N,02-2620-3700,서울특별시 양천구,2023-04-01,I,2026-05-15 18:45:05,2023-04-06 16:04:51
3140000,202331400000300625,부영그린타운 3차,서울특별시 양천구 목동동로 411 B동,서울특별시 양천구 목동 908-34,37.5367,126.8822,17,,거치형,,N,,N,02-2620-3700,서울특별시 양천구,2023-04-01,I,2026-05-15 18:45:05,2023-04-06 16:04:52
3140000,202331400000300768,오목교역 3번출구(오목노래방 앞),서울특별시 양천구 신목로 119,서울특별시 양천구 목동 406-316,37.5251,126.8762,14,,휀스형,,N,,N,02-2620-3700,서울특별시 양천구,2023-04-01,I,2026-05-15 18:45:05,2023-04-06 16:04:53
3140000,202331400000300438,센트럴프라자(북쪽 출입구 앞),서울특별시 양천구 목동서로 349,서울특별시 양천구 신정동 321-6,37.5174,126.8653,23,,단독형,,N,,N,02-2620-3700,서울특별시 양천구,2023-04-01,I,2026-05-15 18:45:05,2023-04-06 16:04:51
3140000,202331400000300615,한가람고등학교 내(북쪽 별관 주차장),서울특별시 양천구 목동서로 15,서울특별시 양천구 목동 909-12,37.5375,126.884,40,,거치형,,N,,N,02-2620-3700,서울특별시 양천구,2023-04-01,I,2026-05-15 18:45:05,2023-04-06 16:04:52
3140000,202331400000300718,kt전산정보센터,서울특별시 양천구 목동서로 201,서울특별시 양천구 목동 924,37.5297,126.8711,10,,거치형,,N,,N,02-2620-3700,서울특별시 양천구,2023-04-01,I,2026-05-15 18:45:05,2023-04-06 16:04:53
3140000,202331400000300622,"월촌중학교(정문좌측, 목동서로변 모퉁이)",서울특별시 양천구 목동서로 31,서울특별시 양천구 목동 909,37.5371,126.8828,158,,휀스형,,Y,,N,02-2620-3700,서울특별시 양천구,2023-04-01,I,2026-05-15 18:45:05,2023-04-06 16:04:52
3140000,202331400000300685,등촌역6번출구,서울특별시 양천구 등촌로 236,서울특별시 양천구 목동 606-18,37.5506,126.8644,7,,거치형,,Y,,N,02-2620-3700,서울특별시 양천구,2023-04-01,I,2026-05-15 18:45:05,2023-04-06 16:04:53
3140000,202331400000300574,따릉이대여소(759.보아스아파트 앞) 옆,서울특별시 양천구 오목로3길 32,서울특별시 양천구 신월동 422-7,37.5241,126.8386,10,,거치형,,N,,N,02-2620-3700,서울특별시 양천구,2023-04-01,I,2026-05-15 18:45:05,2023-04-06 16:04:52
3140000,202331400000300569,청담파우제,서울특별시 양천구 오목로 42 1동,서울특별시 양천구 신월동 517-4,37.5219,126.8424,7,,거치형,,N,,N,02-2620-3700,서울특별시 양천구,2023-04-01,I,2026-05-15 18:45:05,2023-04-06 16:04:52
3140000,202331400000300733,행복한백화점 목동점,서울특별시 양천구 목동동로 309,서울특별시 양천구 목동 917-6,37.5291,126.876,7,,거치형,,N,,N,02-2620-3700,서울특별시 양천구,2023-04-01,I,2026-05-15 18:45:05,2023-04-06 16:04:53
3140000,202331400000300757,오목교역 7번출구(다이소입구),서울특별시 양천구 오목로 344,서울특별시 양천구 목동 405-25,37.5238,126.8751,17,,거치형,,N,,N,02-2620-3700,서울특별시 양천구,2023-04-01,I,2026-05-15 18:45:05,2023-04-06 16:04:53
3140000,202331400000300614,양정중학교(후문),서울특별시 양천구 안양천로 1039,서울특별시 양천구 목동 911-2,37.5354,126.8877,114,,휀스형,,Y,,N,02-2620-3700,서울특별시 양천구,2023-04-01,I,2026-05-15 18:45:05,2023-04-06 16:04:52
3140000,202331400000300532,양명초등학교 후문 앞,서울특별시 양천구 중앙로 204,서울특별시 양천구 신정동 310-6,37.5164,126.8566,10,,거치형,,N,,N,02-2620-3700,서울특별시 양천구,2023-04-01,I,2026-05-15 18:45:05,2023-04-06 16:04:52
3140000,202331400000300414,"양천구청역 1번출구(종합관리동 앞 사잇길, 출구앞)",서울특별시 양천구 목동로3길 57,서울특별시 양천구 신정동 276,37.5095,126.8622,47,,거치형,,N,,N,02-2620-3700,서울특별시 양천구,2023-04-01,I,2026-05-15 18:45:05,2023-04-06 16:04:51
3140000,202331400000300491,연의근린공원 내(신정이펜하우스 314동 북쪽 입구),,서울특별시 양천구 신정동 1316-1,37.5131,126.8369,9,,단독형,,N,,N,02-2620-3700,서울특별시 양천구,2023-04-01,I,2026-05-15 18:45:05,2023-04-06 16:04:52
3140000,202331400000300662,서울특별시립 양천주민편익시설,서울특별시 양천구 목동서로 20,서울특별시 양천구 목동 900,37.5415,126.8838,20,,휀스형,,N,,N,02-2620-3700,서울특별시 양천구,2023-04-01,I,2026-05-15 18:45:05,2023-04-06 16:04:53
3140000,202331400000300652,목동트윈빌,서울특별시 양천구 목동동로 339,서울특별시 양천구 목동 905-22,37.5322,126.8767,30,,휀스형,,N,,N,02-2620-3700,서울특별시 양천구,2023-04-01,I,2026-05-15 18:45:05,2023-04-06 16:04:52
3140000,202331400000300568,뉴스타빌딩앞,서울특별시 양천구 오목로 22,서울특별시 양천구 신월동 519-1,37.5214,126.8404,2,,단독형,,N,,N,02-2620-3700,서울특별시 양천구,2023-04-01,I,2026-05-15 18:45:05,2023-04-06 16:04:52
3140000,202331400000300762,오목교역 6번출구,서울특별시 양천구 신목로 106,서울특별시 양천구 목동 404-160,37.5239,126.876,65,,거치형,,Y,,N,02-2620-3700,서울특별시 양천구,2023-04-01,I,2026-05-15 18:45:05,2023-04-06 16:04:53
3140000,202331400000300760,오목교역 7번출구(하나은행 앞),서울특별시 양천구 오목로 344,서울특별시 양천구 목동 405-25,37.5238,126.8751,17,,거치형,,N,,N,02-2620-3700,서울특별시 양천구,2023-04-01,I,2026-05-15 18:45:05,2023-04-06 16:04:53
3140000,202331400000300577,"양서중학교 앞(학교 입구, 버스정류소(15-358))",서울특별시 양천구 남부순환로 380,서울특별시 양천구 신월동 169-4,37.5326,126.8291,60,,거치형,,Y,,N,02-2620-3700,서울특별시 양천구,2023-04-01,I,2026-05-15 18:45:05,2023-04-06 16:04:52
3140000,202331400000300734,행복한백화점 목동점,서울특별시 양천구 목동동로 309,서울특별시 양천구 목동 917-6,37.5291,126.876,10,,거치형,,N,,N,02-2620-3700,서울특별시 양천구,2023-04-01,I,2026-05-15 18:45:05,2023-04-06 16:04:53
3140000,202331400000300624,부영그린타운 3차(월촌중학교 쪽),서울특별시 양천구 목동동로 411 B동,서울특별시 양천구 목동 908-34,37.5367,126.8822,25,,휀스형,,N,,N,02-2620-3700,서울특별시 양천구,2023-04-01,I,2026-05-15 18:45:05,2023-04-06 16:04:52
3140000,202331400000300620,"화성프라자(해든이화약국 앞, 교차로)",서울특별시 양천구 목동동로 435,서울특별시 양천구 목동 909-5,37.5374,126.8849,27,,휀스형,,N,,N,02-2620-3700,서울특별시 양천구,2023-04-01,I,2026-05-15 18:45:05,2023-04-06 16:04:52
3140000,202331400000300654,서울양천우체국,서울특별시 양천구 목동서로 117,서울특별시 양천구 목동 905-16,37.5328,126.8762,10,,휀스형,,N,,N,02-2620-3700,서울특별시 양천구,2023-04-01,I,2026-05-15 18:45:05,2023-04-06 16:04:52
3140000,202331400000300726,양천소방서,서울특별시 양천구 목동서로 180,서울특별시 양천구 목동 919-6,37.5302,126.8723,10,,거치형,,N,,N,02-2620-3700,서울특별시 양천구,2023-04-01,I,2026-05-15 18:45:05,2023-04-06 16:04:53
3140000,202331400000300571,강서초등학교 옆(학교 서쪽 사잇길),서울특별시 양천구 오목로 31,서울특별시 양천구 신월동 441,37.5224,126.841,25,,휀스형,,N,,N,02-2620-3700,서울특별시 양천구,2023-04-01,I,2026-05-15 18:45:05,2023-04-06 16:04:52
3140000,202331400000300649,현대월드타워 앞,서울특별시 양천구 목동서로 77,서울특별시 양천구 목동 907,37.536,126.878,40,,거치형,,N,,N,02-2620-3700,서울특별시 양천구,2023-04-01,I,2026-05-15 18:45:05,2023-04-06 16:04:52
3140000,202331400000300406,하나은행 목동남지점(목동서로 381) 옆 사잇길,서울특별시 양천구 목동서로 381,서울특별시 양천구 신정동 323-4,37.5163,126.8617,45,,거치형,,N,,N,02-2620-3700,서울특별시 양천구,2023-04-01,I,2026-05-15 18:45:05,2023-04-06 16:04:51
3140000,202331400000300475,"은행정로15길,오목로41길 교차로",서울특별시 양천구 중앙로52길 62,서울특별시 양천구 신정동 915-4,37.526,126.8572,7,,휀스형,,N,,N,02-2620-3700,서울특별시 양천구,2023-04-01,I,2026-05-15 18:45:05,2023-04-06 16:04:51
3140000,202331400000300676,목동아이파크2차아파트,서울특별시 양천구 목동중앙로 79,서울특별시 양천구 목동 758-2,37.5365,126.8704,24,,거치형,,N,,N,02-2620-3700,서울특별시 양천구,2023-04-01,I,2026-05-15 18:45:05,2023-04-06 16:04:53
3140000,202331400000300433,센트럴프라자(남쪽 출입구 옆),서울특별시 양천구 목동서로 349,서울특별시 양천구 신정동 321-6,37.5174,126.8653,27,,거치형,,N,,N,02-2620-3700,서울특별시 양천구,2023-04-01,I,2026-05-15 18:45:05,2023-04-06 16:04:51
3140000,202331400000300671,태영프라자,서울특별시 양천구 등촌로 32,서울특별시 양천구 목동 792-4,37.5329,126.8642,2,,단독형,,N,,N,02-2620-3700,서울특별시 양천구,2023-04-01,I,2026-05-15 18:45:05,2023-04-06 16:04:53
3140000,202331400000300558,화곡로 주변(화곡로 41),서울특별시 양천구 화곡로 41,서울특별시 양천구 신월동 28-6,37.5396,126.8265,7,,휀스형,,N,,N,02-2620-3700,서울특별시 양천구,2023-04-01,I,2026-05-15 18:45:05,2023-04-06 16:04:52
3140000,202331400000300715,현대하이페리온2 205동 앞,서울특별시 양천구 오목로 300,서울특별시 양천구 목동 961,37.5248,126.87,6,,단독형,,N,,N,02-2620-3700,서울특별시 양천구,2023-04-01,I,2026-05-15 18:45:05,2023-04-06 16:04:53
3140000,202331400000300468,정동프라자,서울특별시 양천구 목동로 177,서울특별시 양천구 신정동 995-6,37.5243,126.8645,24,,휀스형,,N,,N,02-2620-3700,서울특별시 양천구,2023-04-01,I,2026-05-15 18:45:05,2023-04-06 16:04:51
3140000,202331400000300430,양천문화회관(목동서로변 따릉이대여소 좌우 각 1조),서울특별시 양천구 목동서로 367,서울특별시 양천구 신정동 322,37.5165,126.8633,10,,휀스형,,N,,N,02-2620-3700,서울특별시 양천구,2023-04-01,I,2026-05-15 18:45:05,2023-04-06 16:04:51
3140000,202331400000300777,목동역 5번출구,서울특별시 양천구 목동로 186,서울특별시 양천구 목동 927,37.5252,126.8664,16,,거치형,,Y,,N,02-2620-3700,서울특별시 양천구,2023-04-01,I,2026-05-15 18:45:05,2023-04-06 16:04:53
3140000,202331400000300537,신정네거리역 4번출구,서울특별시 양천구 중앙로 262,서울특별시 양천구 신정동 1031-9,37.5198,126.8534,17,,거치형,,Y,,N,02-2620-3700,서울특별시 양천구,2023-04-01,I,2026-05-15 18:45:05,2023-04-06 16:04:52
3140000,202331400000300541,강월초등학교 앞(정문 좌측),서울특별시 양천구 신월로 97,서울특별시 양천구 신월동 987-3,37.5163,126.8334,40,,거치형,,N,,N,02-2620-3700,서울특별시 양천구,2023-04-01,I,2026-05-15 18:45:05,2023-04-06 16:04:52
3140000,202331400000300421,"목일중학교 옆(학교건물,목동아파트1420동 사잇길)",서울특별시 양천구 목동동로8길 70,서울특별시 양천구 신정동 330-2,37.5135,126.874,102,,기타,,N,,N,02-2620-3700,서울특별시 양천구,2023-04-01,I,2026-05-15 18:45:05,2023-04-06 16:04:51
3140000,202331400000300600,신월1동 136-5 (버스정류소 15-333 옆),서울특별시 양천구 남부순환로 395,서울특별시 양천구 신월동 136-5,37.5323,126.8311,10,,휀스형,,N,,N,02-2620-3700,서울특별시 양천구,2023-04-01,I,2026-05-15 18:45:05,2023-04-06 16:04:52
3140000,202331400000300635,광장종합상가3(목동서로 방향),서울특별시 양천구 목동서로 49,서울특별시 양천구 목동 908,37.5371,126.8805,21,,단독형,,N,,N,02-2620-3700,서울특별시 양천구,2023-04-01,I,2026-05-15 18:45:05,2023-04-06 16:04:52
3140000,202331400000300525,"신트리공원(중앙로변,버스정류소(15-233) 우측)",서울특별시 양천구 목동동로 3,서울특별시 양천구 신정동 310-7,37.5141,126.8561,32,,휀스형,,Y,,N,02-2620-3700,서울특별시 양천구,2023-04-01,I,2026-05-15 18:45:05,2023-04-06 16:04:52
3140000,202331400000300780,"목동역 3번출구(4번출구 옆, 목동7단지 부출입구 앞)",서울특별시 양천구 목동로 186,서울특별시 양천구 목동 926,37.5252,126.8664,24,,거치형,,N,,N,02-2620-3700,서울특별시 양천구,2023-04-01,I,2026-05-15 18:45:05,2023-04-06 16:04:53
3140000,202331400000300415,"안양천 오금인라인파크(북쪽, 남쪽)",서울특별시 양천구 안양천로 750,서울특별시 양천구 신정동 871-6,37.513,126.8759,50,,휀스형,,N,,N,02-2620-3700,서울특별시 양천구,2023-04-01,I,2026-05-15 18:45:05,2023-04-06 16:04:51
3140000,202331400000300536,신정네거리역 4번출구,서울특별시 양천구 중앙로 262,서울특별시 양천구 신정동 1031-9,37.5198,126.8534,10,,휀스형,,Y,,N,02-2620-3700,서울특별시 양천구,2023-04-01,I,2026-05-15 18:45:05,2023-04-06 16:04:52
3140000,202331400000300473,천지인약국 앞,서울특별시 양천구 중앙로 282,서울특별시 양천구 신정동 972-4,37.5216,126.8526,7,,거치형,,N,,N,02-2620-3700,서울특별시 양천구,2023-04-01,I,2026-05-15 18:45:05,2023-04-06 16:04:51
3140000,202331400000300697,이마트24 앞,,서울특별시 양천구 목동 515-2,37.5468,126.8752,7,,거치형,,N,,N,02-2620-3700,서울특별시 양천구,2023-04-01,I,2026-05-15 18:45:05,2023-04-06 16:04:53
3140000,202331400000300657,양천도서관(북쪽 파리공원방향),서울특별시 양천구 목동서로 113,서울특별시 양천구 목동 905,37.5336,126.8762,126,,거치형,,Y,,N,02-2620-3700,서울특별시 양천구,2023-04-01,I,2026-05-15 18:45:05,2023-04-06 16:04:52
3140000,202331400000300656,양천도서관(서쪽 도서관입구 옆),서울특별시 양천구 목동서로 113,서울특별시 양천구 목동 905,37.5336,126.8762,35,,거치형,,Y,,N,02-2620-3700,서울특별시 양천구,2023-04-01,I,2026-05-15 18:45:05,2023-04-06 16:04:52
3140000,202331400000300401,로얄플라자(배스킨라빈스 매장 앞),서울특별시 양천구 목동동로 59,서울특별시 양천구 신정동 323-32,37.5151,126.8616,10,,휀스형,,N,,N,02-2620-3700,서울특별시 양천구,2023-04-01,I,2026-05-15 18:45:05,2023-04-06 16:04:51
3140000,202331400000300572,신월4동 439-11 (버스정류소 15-314 옆),서울특별시 양천구 오목로 7,서울특별시 양천구 신월동 439-11,37.5213,126.8385,10,,거치형,,N,,N,02-2620-3700,서울특별시 양천구,2023-04-01,I,2026-05-15 18:45:05,2023-04-06 16:04:52
3140000,202331400000300402,"양천성당(센타프라자,대영프라자 사잇길, 성당 앞)",서울특별시 양천구 목동동로 61,서울특별시 양천구 신정동 323-30,37.5151,126.8619,94,,거치형,,N,,N,02-2620-3700,서울특별시 양천구,2023-04-01,I,2026-05-15 18:45:05,2023-04-06 16:04:51
3140000,202331400000300723,"SBS 목동방송센터, 오목공원 사잇길 (SBS흡연구역 앞)",서울특별시 양천구 목동서로 161,서울특별시 양천구 목동 920,37.5292,126.8737,19,,거치형,,N,,N,02-2620-3700,서울특별시 양천구,2023-04-01,I,2026-05-15 18:45:05,2023-04-06 16:04:53
3140000,202331400000300551,다이소 신곡시장점 앞,서울특별시 양천구 신월로 160,서울특별시 양천구 신월동 550-1,37.5176,126.8416,20,,거치형,,N,,N,02-2620-3700,서울특별시 양천구,2023-04-01,I,2026-05-15 18:45:05,2023-04-06 16:04:52
3140000,202331400000300638,벽산미라지타워 담미온 앞(평화의거리 쪽),,서울특별시 양천구 목동 907-21,37.5362,126.8791,45,,거치형,,N,,N,02-2620-3700,서울특별시 양천구,2023-04-01,I,2026-05-15 18:45:05,2023-04-06 16:04:52
3140000,202331400000300408,양천구청역 2번출구(종합관리동 건물앞쪽),서울특별시 양천구 목동로3길 57,서울특별시 양천구 신정동 276,37.5095,126.8622,50,,휀스형,,Y,,N,02-2620-3700,서울특별시 양천구,2023-04-01,I,2026-05-15 18:45:05,2023-04-06 16:04:51
3140000,202331400000300460,제자교회 주차장,서울특별시 양천구 목동동로 171-3,서울특별시 양천구 신정동 318-9,37.522,126.87,7,,거치형,,N,,N,02-2620-3700,서울특별시 양천구,2023-04-01,I,2026-05-15 18:45:05,2023-04-06 16:04:51
3140000,202331400000300739,현대백화점 후문,서울특별시 양천구 목동동로 257,서울특별시 양천구 목동 916,37.5272,126.8747,120,,거치형,,N,,N,02-2620-3700,서울특별시 양천구,2023-04-01,I,2026-05-15 18:45:05,2023-04-06 16:04:53
3140000,202331400000300673,목동 764-14 건너편 성원아파트 담벼락,서울특별시 양천구 목동중앙로3길 11,서울특별시 양천구 목동 764-14,37.536,126.8698,10,,휀스형,,N,,N,02-2620-3700,서울특별시 양천구,2023-04-01,I,2026-05-15 18:45:05,2023-04-06 16:04:53
3140000,202331400000300597,신길운수 건물 뒷편(곰달래로14길),서울특별시 양천구 월정로 117,서울특별시 양천구 신월동 228-2,37.5294,126.8382,26,,거치형,,N,,N,02-2620-3700,서울특별시 양천구,2023-04-01,I,2026-05-15 18:45:05,2023-04-06 16:04:52
3140000,202331400000300702,염창역 4번출구(에스컬레이터 뒷편),서울특별시 양천구 공항대로 622,서울특별시 양천구 목동 514,37.5466,126.874,7,,휀스형,,Y,,N,02-2620-3700,서울특별시 양천구,2023-04-01,I,2026-05-15 18:45:05,2023-04-06 16:04:53
3140000,202331400000300586,광영여고 교내,서울특별시 양천구 남부순환로30길 17,서울특별시 양천구 신월동 43-3,37.5372,126.8233,9,,거치형,,Y,,N,02-2620-3700,서울특별시 양천구,2023-04-01,I,2026-05-15 18:45:05,2023-04-06 16:04:52
3140000,202331400000300608,안양천 파크골프장 앞(안양천로 1138),서울특별시 양천구 안양천로 1092,서울특별시 양천구 목동 900-10(안양천),37.5389,126.8862,12,,거치형,,N,,N,02-2620-3700,서울특별시 양천구,2023-04-01,I,2026-05-15 18:45:05,2023-04-06 16:04:52
3140000,202331400000300529,신트리공원(동쪽출입구),서울특별시 양천구 목동동로 3,서울특별시 양천구 신정동 310-7,37.5141,126.8561,15,,휀스형,,N,,N,02-2620-3700,서울특별시 양천구,2023-04-01,I,2026-05-15 18:45:05,2023-04-06 16:04:52
3140000,202331400000300680,강서고등학교,서울특별시 양천구 목동중앙남로 27,서울특별시 양천구 목동 735,37.5363,126.8658,98,,휀스형,,Y,,N,02-2620-3700,서울특별시 양천구,2023-04-01,I,2026-05-15 18:45:05,2023-04-06 16:04:53
3140000,202331400000300484,숲속어린이공원 내,,"서울특별시 양천구 신정동 1322-11(동쪽입구, 이펜하우스 202동 남쪽 앞)",37.5147,126.83,10,,단독형,,N,,N,02-2620-3700,서울특별시 양천구,2023-04-01,I,2026-05-15 18:45:05,2023-04-06 16:04:52
3140000,202331400000300437,센트럴프라자(북쪽 출입구 앞),서울특별시 양천구 목동서로 349,서울특별시 양천구 신정동 321-6,37.5174,126.8653,79,,거치형,,N,,N,02-2620-3700,서울특별시 양천구,2023-04-01,I,2026-05-15 18:45:05,2023-04-06 16:04:51
3140000,202331400000300528,"신트리공원(목동동로변, 목동동로변공원쪽)",서울특별시 양천구 목동동로 3,서울특별시 양천구 신정동 310-7,37.5141,126.8561,70,,휀스형,,N,,N,02-2620-3700,서울특별시 양천구,2023-04-01,I,2026-05-15 18:45:05,2023-04-06 16:04:52
3140000,202331400000300453,양천장애인종합복지관,서울특별시 양천구 목동동로 159,서울특별시 양천구 신정동 319-13,37.5199,126.8699,10,,휀스형,,N,,N,02-2620-3700,서울특별시 양천구,2023-04-01,I,2026-05-15 18:45:05,2023-04-06 16:04:51
3140000,202331400000300765,오목교역 5번출구(5번출구 옆),서울특별시 양천구 오목로 354,서울특별시 양천구 목동 404-13,37.524,126.8768,20,,거치형,,Y,,N,02-2620-3700,서울특별시 양천구,2023-04-01,I,2026-05-15 18:45:05,2023-04-06 16:04:53
3140000,202331400000300426,양천구민체육센터,"서울특별시 양천구 목동동로 87(해누리타운&센터 사잇길, 신정6동주민센터 사잇길)",서울특별시 양천구 신정동 322-10,37.5165,126.8644,87,,거치형,,N,,N,02-2620-3700,서울특별시 양천구,2023-04-01,I,2026-05-15 18:45:05,2023-04-06 16:04:51
3140000,202331400000300511,명신빌딩(화로상회 앞),서울특별시 양천구 목동동로8길 9,서울특별시 양천구 신정동 294-36,37.5179,126.8708,10,,거치형,,N,,N,02-2620-3700,서울특별시 양천구,2023-04-01,I,2026-05-15 18:45:05,2023-04-06 16:04:52
3140000,202331400000300478,신정역 5번 출구,서울특별시 양천구 오목로32길 1,서울특별시 양천구 신정동 948-1,37.5246,126.8548,5,,휀스형,,N,,N,02-2620-3700,서울특별시 양천구,2023-04-01,I,2026-05-15 18:45:05,2023-04-06 16:04:51
3140000,202331400000300602,신월1동주민센터,서울특별시 양천구 곰달래로1길 38,서울특별시 양천구 신월동 135-18,37.5328,126.8315,10,,거치형,,Y,,N,02-2620-3700,서울특별시 양천구,2023-04-01,I,2026-05-15 18:45:05,2023-04-06 16:04:52
3140000,202331400000300481,목동역 2번출구,서울특별시 양천구 신정중앙로 107,서울특별시 양천구 신정동 900-13,37.5264,126.8637,17,,휀스형,,N,,N,02-2620-3700,서울특별시 양천구,2023-04-01,I,2026-05-15 18:45:05,2023-04-06 16:04:52
3140000,202331400000300660,신목중학교(목동서로6길 교차로),서울특별시 양천구 목동중앙로 88,서울특별시 양천구 목동 902-1,37.537,126.8731,28,,거치형,,Y,,N,02-2620-3700,서울특별시 양천구,2023-04-01,I,2026-05-15 18:45:05,2023-04-06 16:04:52
3140000,202331400000300605,목동인라인트랙,서울특별시 양천구 안양천로 914,서울특별시 양천구 목동 409-379(안양천),37.5271,126.8794,23,,휀스형,,N,,N,02-2620-3700,서울특별시 양천구,2023-04-01,I,2026-05-15 18:45:05,2023-04-06 16:04:52
3140000,202331400000300690,목동문화체육센터,서울특별시 양천구 목동중앙본로 73,서울특별시 양천구 목동 946-1,37.5428,126.8691,20,,거치형,,N,,N,02-2620-3700,서울특별시 양천구,2023-04-01,I,2026-05-15 18:45:05,2023-04-06 16:04:53
3140000,202331400000300531,신트리공원(서쪽출입구),서울특별시 양천구 목동동로 3,서울특별시 양천구 신정동 310-7,37.5141,126.8561,34,,거치형,,Y,,N,02-2620-3700,서울특별시 양천구,2023-04-01,I,2026-05-15 18:45:05,2023-04-06 16:04:52
3140000,202331400000300701,염창역 4번출구 앞,서울특별시 양천구 공항대로 622,서울특별시 양천구 목동 514,37.5466,126.874,34,,거치형,,Y,,N,02-2620-3700,서울특별시 양천구,2023-04-01,I,2026-05-15 18:45:05,2023-04-06 16:04:53
3140000,202331400000300500,계남다목적체육관,서울특별시 양천구 신정로13가길 36,서울특별시 양천구 신정동 521,37.5136,126.8456,15,,휀스형,,N,,N,02-2620-3700,서울특별시 양천구,2023-04-01,I,2026-05-15 18:45:05,2023-04-06 16:04:52
3140000,202331400000300732,행복한백화점 목동점(스타벅스),서울특별시 양천구 목동동로 309,서울특별시 양천구 목동 917-6,37.5291,126.876,26,,거치형,,N,,N,02-2620-3700,서울특별시 양천구,2023-04-01,I,2026-05-15 18:45:05,2023-04-06 16:04:53
3140000,202331400000300446,양천구청 지하출입구 옆,서울특별시 양천구 목동동로 105,서울특별시 양천구 신정동 321-4,37.5171,126.8665,10,,휀스형,,Y,,N,02-2620-3700,서울특별시 양천구,2023-04-01,I,2026-05-15 18:45:05,2023-04-06 16:04:51
3140000,202331400000300770,"오목로 339(꽃삼겹살해몽 앞 1번, 3번 출구 사이)",서울특별시 양천구 오목로 339,서울특별시 양천구 목동 406-34,37.5248,126.8753,15,,휀스형,,N,,N,02-2620-3700,서울특별시 양천구,2023-04-01,I,2026-05-15 18:45:05,2023-04-06 16:04:53
3140000,202331400000300507,신정네거리역 1번출구,서울특별시 양천구 중앙로 251,서울특별시 양천구 신정동 1182-2,37.5187,126.8532,44,,거치형,,N,,N,02-2620-3700,서울특별시 양천구,2023-04-01,I,2026-05-15 18:45:05,2023-04-06 16:04:52
3140000,202331400000300641,국민은행 파리공원지점 옆,서울특별시 양천구 목동동로 381,서울특별시 양천구 목동 907-16,37.5357,126.879,10,,거치형,,N,,N,02-2620-3700,서울특별시 양천구,2023-04-01,I,2026-05-15 18:45:05,2023-04-06 16:04:52
3140000,202331400000300405,테마프라자 앞,서울특별시 양천구 목동서로 389,서울특별시 양천구 신정동 323-7,37.5158,126.8612,10,,거치형,,N,,N,02-2620-3700,서울특별시 양천구,2023-04-01,I,2026-05-15 18:45:05,2023-04-06 16:04:51
3140000,202331400000300549,LG유플러스 매장 앞,서울특별시 양천구 신월로 176,서울특별시 양천구 신월동 575-30,37.5185,126.8429,10,,거치형,,N,,N,02-2620-3700,서울특별시 양천구,2023-04-01,I,2026-05-15 18:45:05,2023-04-06 16:04:52
3140000,202331400000300400,로얄프라자(부어치킨 매장 주변),서울특별시 양천구 목동동로 59,서울특별시 양천구 신정동 323-32,37.5151,126.8616,30,,거치형,,N,,N,02-2620-3700,서울특별시 양천구,2023-04-01,I,2026-05-15 18:45:05,2023-04-06 16:04:51
3140000,202331400000300730,현대41타워,서울특별시 양천구 목동동로 293,서울특별시 양천구 목동 917-9,37.5282,126.8758,27,,거치형,,N,,N,02-2620-3700,서울특별시 양천구,2023-04-01,I,2026-05-15 18:45:05,2023-04-06 16:04:53
3140000,202331400000300750,목화빌딩 앞,서울특별시 양천구 오목로 280,서울특별시 양천구 목동 408-115,37.5252,126.8682,20,,휀스형,,N,,N,02-2620-3700,서울특별시 양천구,2023-04-01,I,2026-05-15 18:45:05,2023-04-06 16:04:53
3140000,202331400000300727,목1동주민센터,서울특별시 양천구 목동서로 192,서울특별시 양천구 목동 919-3,37.5304,126.8712,20,,휀스형,,Y,,N,02-2620-3700,서울특별시 양천구,2023-04-01,I,2026-05-15 18:45:05,2023-04-06 16:04:53
3140000,202331400000300482,목동역 1번출구,서울특별시 양천구 오목로 233,서울특별시 양천구 신정동 902-10,37.5262,126.8633,14,,거치형,,N,,N,02-2620-3700,서울특별시 양천구,2023-04-01,I,2026-05-15 18:45:05,2023-04-06 16:04:52
3140000,202331400000300711,신목동역 1번출구,,서울특별시 양천구 목동 135,37.5442,126.8824,20,,휀스형,,N,,N,02-2620-3700,서울특별시 양천구,2023-04-01,I,2026-05-15 18:45:05,2023-04-06 16:04:53
3140000,202331400000300703,염창역 4번출구(에스컬레이터 뒷편),서울특별시 양천구 공항대로 622,서울특별시 양천구 목동 514,37.5466,126.874,10,,거치형,,Y,,N,02-2620-3700,서울특별시 양천구,2023-04-01,I,2026-05-15 18:45:05,2023-04-06 16:04:53
3140000,202331400000300634,"광장종합상가3(사잇길, 목동서로변)",서울특별시 양천구 목동서로 49,서울특별시 양천구 목동 908,37.5371,126.8805,31,,거치형,,N,,N,02-2620-3700,서울특별시 양천구,2023-04-01,I,2026-05-15 18:45:05,2023-04-06 16:04:52
3140000,202331400000300508,"신정교 하부(안양천로진출로, 안양천진입로쪽)",,서울특별시 양천구 신정동,37.5167,126.8801,50,,휀스형,,Y,,N,02-2620-3700,서울특별시 양천구,2023-04-01,I,2026-05-15 18:45:05,2023-04-06 16:04:52
3140000,202331400000300582,"세븐일레븐, 고바우식자재마트 사이",서울특별시 양천구 남부순환로 354,서울특별시 양천구 신월동 147-3,37.5354,126.8282,10,,휀스형,,N,,N,02-2620-3700,서울특별시 양천구,2023-04-01,I,2026-05-15 18:45:05,2023-04-06 16:04:52
3140000,202331400000300592,동방아파트,서울특별시 양천구 신월로 220,서울특별시 양천구 신월동 607-1,37.5214,126.8466,10,,휀스형,,N,,N,02-2620-3700,서울특별시 양천구,2023-04-01,I,2026-05-15 18:45:05,2023-04-06 16:04:52
3140000,202331400000300651,목동하나프라자,서울특별시 양천구 목동서로 133-2,서울특별시 양천구 목동 905-34,37.5316,126.876,10,,거치형,,N,,N,02-2620-3700,서울특별시 양천구,2023-04-01,I,2026-05-15 18:45:05,2023-04-06 16:04:52
3140000,202331400000300420,"신목고등학교(안양천로변,해누리체육공원쪽)",서울특별시 양천구 안양천로 739,서울특별시 양천구 신정동 330-3,37.5129,126.8736,47,,단독형,,N,,N,02-2620-3700,서울특별시 양천구,2023-04-01,I,2026-05-15 18:45:05,2023-04-06 16:04:51
3140000,202331400000300623,"월촌중학교(정문우측, 정문좌측)",서울특별시 양천구 목동서로 31,서울특별시 양천구 목동 909,37.5371,126.8828,120,,거치형,,Y,,N,02-2620-3700,서울특별시 양천구,2023-04-01,I,2026-05-15 18:45:05,2023-04-06 16:04:52
3140000,202331400000300502,신정네거리역 2번출구,서울특별시 양천구 중앙로 269,서울특별시 양천구 신정동 1190-6,37.5205,126.8525,24,,거치형,,N,,N,02-2620-3700,서울특별시 양천구,2023-04-01,I,2026-05-15 18:45:05,2023-04-06 16:04:52
3140000,202331400000300736,CBS기독교방송국 앞 (목동동로 목동서로 구도변),서울특별시 양천구 목동서로 159-1,서울특별시 양천구 목동 917-1,37.5282,126.875,13,,거치형,,N,,N,02-2620-3700,서울특별시 양천구,2023-04-01,I,2026-05-15 18:45:05,2023-04-06 16:04:53
3140000,202331400000300448,양천구청 지하출입구 옆,서울특별시 양천구 목동동로 105,서울특별시 양천구 신정동 321-4,37.5171,126.8665,63,,거치형,,Y,,N,02-2620-3700,서울특별시 양천구,2023-04-01,I,2026-05-15 18:45:05,2023-04-06 16:04:51
3140000,202331400000300555,건물 앞,서울특별시 양천구 화곡로 98,서울특별시 양천구 신월동 64-1,37.5394,126.8329,10,,휀스형,,N,,N,02-2620-3700,서울특별시 양천구,2023-04-01,I,2026-05-15 18:45:05,2023-04-06 16:04:52
3140000,202331400000300709,신목동역 1번출구,,서울특별시 양천구 목동 135,37.5442,126.8824,4,,단독형,,N,,N,02-2620-3700,서울특별시 양천구,2023-04-01,I,2026-05-15 18:45:05,2023-04-06 16:04:53
3140000,202331400000300548,서울지방경찰청제4기동단 내,서울특별시 양천구 지양로 149,서울특별시 양천구 신월동 331-111,37.5231,126.8258,17,,거치형,,N,,N,02-2620-3700,서울특별시 양천구,2023-04-01,I,2026-05-15 18:45:05,2023-04-06 16:04:52
3140000,202331400000300457,한국전력강서양천지사,서울특별시 양천구 목동서로 313,서울특별시 양천구 신정동 319-1,37.5201,126.8687,20,,거치형,,N,,N,02-2620-3700,서울특별시 양천구,2023-04-01,I,2026-05-15 18:45:05,2023-04-06 16:04:51
3140000,202331400000300616,한가람고등학교 남동쪽 공간(목동 909-5&909-6 사이),,서울특별시 양천구 목동 909-10,37.5377,126.8844,35,,거치형,,N,,N,02-2620-3700,서울특별시 양천구,2023-04-01,I,2026-05-15 18:45:05,2023-04-06 16:04:52
3140000,202331400000300452,"양천경찰서(별관서쪽, 후문옆)",서울특별시 양천구 목동동로 99,서울특별시 양천구 신정동 321,37.5167,126.8656,28,,거치형,,N,,N,02-2620-3700,서울특별시 양천구,2023-04-01,I,2026-05-15 18:45:05,2023-04-06 16:04:51
3140000,202331400000300700,염창역 4번출구 앞,서울특별시 양천구 공항대로 622,서울특별시 양천구 목동 514,37.5466,126.874,5,,단독형,,Y,,N,02-2620-3700,서울특별시 양천구,2023-04-01,I,2026-05-15 18:45:05,2023-04-06 16:04:53
3140000,202331400000300449,양천구청(흡연부스 옆),서울특별시 양천구 목동동로 105,서울특별시 양천구 신정동 321-4,37.5171,126.8665,40,,거치형,,N,,N,02-2620-3700,서울특별시 양천구,2023-04-01,I,2026-05-15 18:45:05,2023-04-06 16:04:51
3140000,202331400000300462,동문오피스텔 앞,서울특별시 양천구 목동서로 287,서울특별시 양천구 신정동 318-6,37.5215,126.8691,30,,거치형,,N,,N,02-2620-3700,서울특별시 양천구,2023-04-01,I,2026-05-15 18:45:05,2023-04-06 16:04:51
3140000,202331400000300392,서울출입국외국인청 별관(양천빌딩),서울특별시 양천구 목동남로 93,서울특별시 양천구 신정동 330-11,37.5115,126.8689,10,,거치형,,N,,N,02-2620-3700,서울특별시 양천구,2023-04-01,I,2026-05-15 18:45:05,2023-04-06 16:04:51
3140000,202331400000300483,목동역 1번출구,서울특별시 양천구 오목로 233,서울특별시 양천구 신정동 902-10,37.5262,126.8633,11,,휀스형,,N,,N,02-2620-3700,서울특별시 양천구,2023-04-01,I,2026-05-15 18:45:05,2023-04-06 16:04:52
3140000,202331400000300554,신월5동 81-3,서울특별시 양천구 가로공원로 121,서울특별시 양천구 신월동 81-3,37.5364,126.8294,10,,거치형,,N,,N,02-2620-3700,서울특별시 양천구,2023-04-01,I,2026-05-15 18:45:05,2023-04-06 16:04:52
3140000,202331400000300653,목동타운홀,서울특별시 양천구 목동동로 345,서울특별시 양천구 목동 905-21,37.5329,126.8769,10,,거치형,,N,,N,02-2620-3700,서울특별시 양천구,2023-04-01,I,2026-05-15 18:45:05,2023-04-06 16:04:52
3140000,202331400000300476,개울도서관&건강센터,서울특별시 양천구 중앙로52길 56,서울특별시 양천구 신정동 915-2,37.526,126.8566,7,,휀스형,,N,,N,02-2620-3700,서울특별시 양천구,2023-04-01,I,2026-05-15 18:45:05,2023-04-06 16:04:51
3140000,202331400000300735,행복한백화점 목동점,서울특별시 양천구 목동동로 309,서울특별시 양천구 목동 917-6,37.5291,126.876,44,,휀스형,,N,,N,02-2620-3700,서울특별시 양천구,2023-04-01,I,2026-05-15 18:45:05,2023-04-06 16:04:53
3140000,202331400000300477,신정종합사회복지관,서울특별시 양천구 신정중앙로 80,서울특별시 양천구 신정동 904-4,37.5264,126.8605,8,,거치형,,Y,,N,02-2620-3700,서울특별시 양천구,2023-04-01,I,2026-05-15 18:45:05,2023-04-06 16:04:51
3140000,202331400000300465,신정4동 1007-11,서울특별시 양천구 목동로 163,서울특별시 양천구 신정동 1007-11,37.5232,126.8649,17,,거치형,,N,,N,02-2620-3700,서울특별시 양천구,2023-04-01,I,2026-05-15 18:45:05,2023-04-06 16:04:51
3140000,202331400000300494,신정3동행정복지센터,서울특별시 양천구 중앙로 209,서울특별시 양천구 신정동 1263,37.5151,126.8548,14,,거치형,,N,,N,02-2620-3700,서울특별시 양천구,2023-04-01,I,2026-05-15 18:45:05,2023-04-06 16:04:52
3140000,202331400000300570,"명수프라자(맛자랑감자탕 앞),양천지역자활센터 건물",서울특별시 양천구 오목로 41,서울특별시 양천구 신월동 443-5,37.5222,126.8422,10,,거치형,,N,,N,02-2620-3700,서울특별시 양천구,2023-04-01,I,2026-05-15 18:45:05,2023-04-06 16:04:52
3140000,202331400000300737,목동파라곤,서울특별시 양천구 목동서로 155,서울특별시 양천구 목동 917,37.53,126.8751,60,,거치형,,N,,N,02-2620-3700,서울특별시 양천구,2023-04-01,I,2026-05-15 18:45:05,2023-04-06 16:04:53
3140000,202331400000300664,신목동역 2번출구,서울특별시 양천구 목동중앙로 212,서울특별시 양천구 목동 900-12,37.5436,126.8829,20,,휀스형,,N,,N,02-2620-3700,서울특별시 양천구,2023-04-01,I,2026-05-15 18:45:05,2023-04-06 16:04:53
3140000,202331400000300543,해맞이역사도서관,서울특별시 양천구 지양로 37,서울특별시 양천구 신월동 987,37.5191,126.8356,10,,거치형,,N,,N,02-2620-3700,서울특별시 양천구,2023-04-01,I,2026-05-15 18:45:05,2023-04-06 16:04:52
3140000,202331400000300746,목동아이스링크,서울특별시 양천구 안양천로 939,서울특별시 양천구 목동 914,37.5307,126.8792,10,,거치형,,Y,,N,02-2620-3700,서울특별시 양천구,2023-04-01,I,2026-05-15 18:45:05,2023-04-06 16:04:53
3140000,202331400000300580,서울SOS어린이마을 내부,서울특별시 양천구 가로공원로58길 46,서울특별시 양천구 신월동 149-7,37.5306,126.8266,17,,거치형,,N,,N,02-2620-3700,서울특별시 양천구,2023-04-01,I,2026-05-15 18:45:05,2023-04-06 16:04:52
3140000,202331400000300454,양천세무서,서울특별시 양천구 목동동로 165,서울특별시 양천구 신정동 319-12,37.5205,126.8699,20,,거치형,,N,,N,02-2620-3700,서울특별시 양천구,2023-04-01,I,2026-05-15 18:45:05,2023-04-06 16:04:51
3140000,202331400000300627,목5동주민센터,서울특별시 양천구 목동서로 41,서울특별시 양천구 목동 908-32,37.5372,126.8817,7,,휀스형,,N,,N,02-2620-3700,서울특별시 양천구,2023-04-01,I,2026-05-15 18:45:05,2023-04-06 16:04:52
3140000,202331400000300583,신월사거리 북서쪽 코너 남부순환로변,서울특별시 양천구 남부순환로 344,서울특별시 양천구 신월동 49-28,37.5362,126.8277,14,,거치형,,N,,N,02-2620-3700,서울특별시 양천구,2023-04-01,I,2026-05-15 18:45:05,2023-04-06 16:04:52
3150000,202631500000300894,송정중학교,서울특별시 강서구 남부순환로 121,서울특별시 강서구 공항동 768-1,37.553724,126.815083,100,2016,거치형,N,N,,N,02-2600-4116,서울특별시 강서구청,2026-05-19,,2026-05-21 22:27:56,2026-05-20 14:25:16
3150000,202631500000300895,차량견인보관소,서울특별시 강서구 양천로59길 16-9,서울특별시 강서구 가양3동 450-2,37.560164,126.859691,10,2016,기타,N,N,,N,02-2600-4116,서울특별시 강서구청,2026-05-19,,2026-05-21 22:27:56,2026-05-20 14:25:16
3150000,202631500000300896,강서영어센터,서울특별시 강서구 양천로 542,서울특별시 강서구 등촌동 629-9,37.558315,126.859378,7,2016,기타,N,N,,N,02-2600-4116,서울특별시 강서구청,2026-05-19,,2026-05-21 22:27:56,2026-05-20 14:25:16
3150000,202631500000300897,영인운수,서울특별시 강서구 남부순환로 224-58,서울특별시 강서구 외발산동 275,37.545636,126.818045,40,2016,기타,N,N,,N,02-2600-4116,서울특별시 강서구청,2026-05-19,,2026-05-21 22:27:56,2026-05-20 14:25:16
3150000,202631500000300898,마곡레포츠,서울특별시 강서구 양천로 251,서울특별시 강서구 마곡동 56-22,37.573146,126.831681,20,2016,기타,N,N,,N,02-2600-4116,서울특별시 강서구청,2026-05-19,,2026-05-21 22:27:56,2026-05-20 14:25:16
3150000,202631500000300899,한광고등학교,서울특별시 강서구 등촌로13길 110,서울특별시 강서구 화곡동 488-2,37.538806,126.857859,20,2016,기타,N,N,,N,02-2600-4116,서울특별시 강서구청,2026-05-19,,2026-05-21 22:27:56,2026-05-20 14:25:16
3150000,202631500000300909,발산역 2번출구 뒤,서울특별시 강서구 공항대로 지하267,서울특별시 강서구 마곡동 727-1496 발산역,37.559029,126.837311,30,2019,기타,N,N,,N,02-2600-4116,서울특별시 강서구청,2026-05-19,,2026-05-21 22:27:56,2026-05-20 14:25:16
3150000,202631500000300910,발산역 3번출구,서울특별시 강서구 공항대로 지하267,서울특별시 강서구 마곡동 727-1496 발산역,37.559029,126.837311,20,2019,기타,N,N,,N,02-2600-4116,서울특별시 강서구청,2026-05-19,,2026-05-21 22:27:56,2026-05-20 14:25:16
3150000,202631500000300902,마곡중학교,서울특별시 강서구 마곡중앙5로 58,서울특별시 강서구 마곡동 736-1,37.567983,126.821401,200,2016,기타,N,N,,N,02-2600-4116,서울특별시 강서구청,2026-05-19,,2026-05-21 22:27:56,2026-05-20 14:25:16
3150000,202631500000300903,신방화역6번출구,서울특별시 강서구 방화대로 294,서울특별시 강서구 마곡동 731-111,37.56701,126.816918,20,2016,기타,N,N,,N,02-2600-4116,서울특별시 강서구청,2026-05-19,,2026-05-21 22:27:56,2026-05-20 14:25:16
3150000,202631500000300904,"마곡역 6,2번출구",서울특별시 강서구 공항대로 150,서울특별시 강서구 마곡동 798,37.559468,126.824436,100,2016,기타,N,N,,N,02-2600-4116,서울특별시 강서구청,2026-05-19,,2026-05-21 22:27:56,2026-05-20 14:25:16
3150000,202631500000300905,신방화역 6번출구 뒤,서울특별시 강서구 방화대로 지하301,서울특별시 강서구 방화동 217-156,37.567683,126.816525,10,2016,기타,N,N,,N,02-2600-4116,서울특별시 강서구청,2026-05-19,,2026-05-21 22:27:56,2026-05-20 14:25:16
3150000,202631500000300906,개화산역 2번출구 부근,서울특별시 강서구 양천로 22,서울특별시 강서구 방화동 846,37.57227,126.806002,40,2019,기타,N,N,,N,02-2600-4116,서울특별시 강서구청,2026-05-19,,2026-05-21 22:27:56,2026-05-20 14:25:16
3150000,202631500000300907,송정역 1번출구 뒤,서울특별시 강서구 공항대로 지하33,서울특별시 강서구 공항동 29-5 송정역,37.561478,126.811055,4,2019,기타,N,N,,N,02-2600-4116,서울특별시 강서구청,2026-05-19,,2026-05-21 22:27:56,2026-05-20 14:25:16
3150000,202631500000300908,송정역 1번 출구 앞,서울특별시 강서구 공항대로 지하33,서울특별시 강서구 공항동 29-5 송정역,37.561478,126.811055,12,2019,기타,N,N,,N,02-2600-4116,서울특별시 강서구청,2026-05-19,,2026-05-21 22:27:56,2026-05-20 14:25:16
3150000,202631500000300920,양천향교역 5-6번 출구 뒤,서울특별시 강서구 양천로 지하341,서울특별시 강서구 가양동 159-3,37.568761,126.840818,8,2019,기타,N,N,,N,02-2600-4116,서울특별시 강서구청,2026-05-19,,2026-05-21 22:27:56,2026-05-20 14:25:16
3150000,202631500000300922,양천향교역 8번 출구 뒤,서울특별시 강서구 양천로 지하341,서울특별시 강서구 가양동 159-3,37.568761,126.840818,8,2019,기타,N,N,,N,02-2600-4116,서울특별시 강서구청,2026-05-19,,2026-05-21 22:27:56,2026-05-20 14:25:16
3150000,202631500000300923,강서구립가양도서관,서울특별시 강서구 양천로61길 101,서울특별시 강서구 가양동 1493,37.55996,126.86556,10,2019,기타,N,N,,N,02-2600-4116,서울특별시 강서구청,2026-05-19,,2026-05-21 22:27:56,2026-05-20 14:25:16
3150000,202631500000300924,우장산근린공원 축구장 앞,서울특별시 강서구 공항대로42길 51-22,서울특별시 강서구 내발산동 산4-5,37.556022,126.84388,5,2019,기타,N,N,,N,02-2600-4116,서울특별시 강서구청,2026-05-19,,2026-05-21 22:27:56,2026-05-20 14:25:16
3150000,202631500000300925,수명산파크상가,서울특별시 강서구 수명로 80,서울특별시 강서구 내발산동 750-1,37.553227,126.826393,20,2019,기타,N,N,,N,02-2600-4116,서울특별시 강서구청,2026-05-19,,2026-05-21 22:27:56,2026-05-20 14:25:16
3150000,202631500000300911,발산역 4번출구 앞,서울특별시 강서구 공항대로 지하267,서울특별시 강서구 마곡동 727-1496 발산역,37.559029,126.837311,20,2019,기타,N,N,,N,02-2600-4116,서울특별시 강서구청,2026-05-19,,2026-05-21 22:27:56,2026-05-20 14:25:16
3150000,202631500000300912,발산역 5번출구 뒤,서울특별시 강서구 공항대로 지하267,서울특별시 강서구 마곡동 727-1496 발산역,37.559029,126.837311,20,2019,기타,N,N,,N,02-2600-4116,서울특별시 강서구청,2026-05-19,,2026-05-21 22:27:56,2026-05-20 14:25:16
3150000,202631500000300913,발산역 7번출구 뒤,서울특별시 강서구 공항대로 지하267,서울특별시 강서구 마곡동 727-1496 발산역,37.559029,126.837311,25,2019,기타,N,N,,N,02-2600-4116,서울특별시 강서구청,2026-05-19,,2026-05-21 22:27:56,2026-05-20 14:25:16
3150000,202631500000300914,방화역 2번출구 뒤,서울특별시 강서구 금낭화로 지하132,서울특별시 강서구 방화동 829-15 방화역,37.577003,126.81263,30,2019,기타,N,N,,N,02-2600-4116,서울특별시 강서구청,2026-05-19,,2026-05-21 22:27:56,2026-05-20 14:25:16
3150000,202631500000300915,방화역 1번출구,서울특별시 강서구 금낭화로 지하132,서울특별시 강서구 방화동 829-15 방화역,37.577003,126.81263,10,2019,기타,N,N,,N,02-2600-4116,서울특별시 강서구청,2026-05-19,,2026-05-21 22:27:56,2026-05-20 14:25:16
3150000,202631500000300944,신방화역 4번출구 앞,서울특별시 강서구 방화대로 지하301,서울특별시 강서구 방화동 217-156,37.567683,126.816525,39,2020,기타,N,N,,N,02-2600-4116,서울특별시 강서구청,2026-05-19,,2026-05-21 22:27:56,2026-05-20 14:25:16
3150000,202631500000300945,신방화역 5번출구 뒤,서울특별시 강서구 방화대로 지하301,서울특별시 강서구 방화동 217-156,37.567683,126.816525,7,2020,기타,N,N,,N,02-2600-4116,서울특별시 강서구청,2026-05-19,,2026-05-21 22:27:57,2026-05-20 14:25:17
3150000,202631500000300946,신방화역 5번출구 앞,서울특별시 강서구 방화대로 지하301,서울특별시 강서구 방화동 217-156,37.567683,126.816525,20,2020,기타,N,N,,N,02-2600-4116,서울특별시 강서구청,2026-05-19,,2026-05-21 22:27:57,2026-05-20 14:25:17
3150000,202631500000300947,신방화역 7번출구 뒤,서울특별시 강서구 방화대로 지하301,서울특별시 강서구 방화동 217-156,37.567683,126.816525,18,2020,기타,N,N,,N,02-2600-4116,서울특별시 강서구청,2026-05-19,,2026-05-21 22:27:57,2026-05-20 14:25:17
3150000,202631500000300741,마곡역,서울특별시 강서구 공항대로,서울특별시 강서구 마곡동 769-3,37.560197,126.825548,100,2008,기타,N,N,,N,02-2600-4116,서울특별시 강서구청,2026-05-19,,2026-05-21 22:27:57,2026-05-20 14:25:15
3150000,202631500000300742,등촌중학교,서울특별시 강서구 공항대로 484-12,서울특별시 강서구 등촌동 534-9,37.552641,126.859406,20,2008,기타,N,N,,N,02-2600-4116,서울특별시 강서구청,2026-05-19,,2026-05-21 22:27:57,2026-05-20 14:25:15
3150000,202631500000300743,등명초교,서울특별시 강서구 강서로 56나길34,서울특별시 강서구 등촌동 690-2,37.560695,126.842536,10,2008,기타,N,N,,N,02-2600-4116,서울특별시 강서구청,2026-05-19,,2026-05-21 22:27:57,2026-05-20 14:25:15
3150000,202631500000300744,꿈꾸는어린이도서관,서울특별시 강서구 공항대로615,서울특별시 강서구 염창동 281-25,37.547304,126.873301,10,2008,기타,N,N,,N,02-2600-4116,서울특별시 강서구청,2026-05-19,,2026-05-21 22:27:57,2026-05-20 14:25:15
3150000,202631500000300926,가양1동 성재중학교앞보도,서울특별시 강서구 허준로 36,서울특별시 강서구 가양동 1463 성재중학교,37.569449,126.845295,19,2019,기타,N,N,,N,02-2600-4116,서울특별시 강서구청,2026-05-19,,2026-05-21 22:27:56,2026-05-20 14:25:16
3150000,202631500000300927,마곡역6번출구,서울특별시 강서구 공항대로 지하163,서울특별시 강서구 마곡동 769-3,37.560198,126.825548,70,2019,기타,N,N,,N,02-2600-4116,서울특별시 강서구청,2026-05-19,,2026-05-21 22:27:56,2026-05-20 14:25:16
3150000,202631500000300928,마곡역6-7번출구 사이,서울특별시 강서구 공항대로 지하163,서울특별시 강서구 마곡동 769-3,37.560198,126.825548,50,2019,기타,N,N,,N,02-2600-4116,서울특별시 강서구청,2026-05-19,,2026-05-21 22:27:56,2026-05-20 14:25:16
3150000,202631500000300929,마곡747타워(마곡역교차로),서울특별시 강서구 공항대로 168,,37.559274,126.826137,28,2019,기타,N,N,,N,02-2600-4116,서울특별시 강서구청,2026-05-19,,2026-05-21 22:27:56,2026-05-20 14:25:16
3150000,202631500000300930,마곡에스비타운앞(신방화역 1번출구),서울특별시 강서구 마곡중앙5로 81,,37.567117,126.818597,10,2019,기타,N,N,,N,02-2600-4116,서울특별시 강서구청,2026-05-19,,2026-05-21 22:27:56,2026-05-20 14:25:16
3150000,202631500000300931,마곡나루역 1번출구 앞,서울특별시 강서구 마곡중앙5로 지하2,서울특별시 강서구 마곡동 760-3,37.566793,126.827518,27,2019,기타,N,N,,N,02-2600-4116,서울특별시 강서구청,2026-05-19,,2026-05-21 22:27:56,2026-05-20 14:25:16
3150000,202631500000300932,마곡나루역 1번출구 옆,서울특별시 강서구 마곡중앙5로 지하2,서울특별시 강서구 마곡동 760-3,37.566793,126.827518,20,2019,기타,N,N,,N,02-2600-4116,서울특별시 강서구청,2026-05-19,,2026-05-21 22:27:56,2026-05-20 14:25:16
3150000,202631500000300937,공항시장역 2번출구 뒤,서울특별시 강서구 방화동로 지하30,서울특별시 강서구 공항동 산 20-2,37.563556,126.810492,8,2020,기타,N,N,,N,02-2600-4116,서울특별시 강서구청,2026-05-19,,2026-05-21 22:27:56,2026-05-20 14:25:16
3150000,202631500000300933,마곡나루역 2번출구 옆,서울특별시 강서구 마곡중앙5로 지하2,서울특별시 강서구 마곡동 760-3,37.566793,126.827518,25,2019,기타,N,N,,N,02-2600-4116,서울특별시 강서구청,2026-05-19,,2026-05-21 22:27:56,2026-05-20 14:25:16
3150000,202631500000300934,마곡나루역 2번출구 옆,서울특별시 강서구 마곡중앙5로 지하2,서울특별시 강서구 마곡동 760-3,37.566793,126.827518,30,2019,기타,N,N,,N,02-2600-4116,서울특별시 강서구청,2026-05-19,,2026-05-21 22:27:56,2026-05-20 14:25:16
3150000,202631500000300935,발산역 6번출구 옆,서울특별시 강서구 공항대로 지하267,서울특별시 강서구 마곡동 727-1496 발산역,37.559029,126.837311,3,2020,기타,N,N,,N,02-2600-4116,서울특별시 강서구청,2026-05-19,,2026-05-21 22:27:56,2026-05-20 14:25:16
3150000,202631500000300936,공항시장역 3번출구 뒤,서울특별시 강서구 방화동로 지하30,서울특별시 강서구 공항동 산 20-2,37.563556,126.810492,8,2020,기타,N,N,,N,02-2600-4116,서울특별시 강서구청,2026-05-19,,2026-05-21 22:27:56,2026-05-20 14:25:16
3150000,202631500000300938,공항시장역 4번출구 앞,서울특별시 강서구 방화동로 지하30,서울특별시 강서구 공항동 산 20-2,37.563556,126.810492,5,2020,기타,N,N,,N,02-2600-4116,서울특별시 강서구청,2026-05-19,,2026-05-21 22:27:56,2026-05-20 14:25:16
3150000,202631500000300939,공항중학교 버스정류장,,서울특별시 강서구 공항동 36-16,37.560765,126.815303,10,2020,기타,N,N,,N,02-2600-4116,서울특별시 강서구청,2026-05-19,,2026-05-21 22:27:56,2026-05-20 14:25:16
3150000,202631500000300940,신방화역 1번출구 뒤,서울특별시 강서구 방화대로 지하301,서울특별시 강서구 방화동 217-156,37.567683,126.816525,19,2020,기타,N,N,,N,02-2600-4116,서울특별시 강서구청,2026-05-19,,2026-05-21 22:27:56,2026-05-20 14:25:16
3150000,202631500000300941,신방화역 2번출구 뒤,서울특별시 강서구 방화대로 지하301,서울특별시 강서구 방화동 217-156,37.567683,126.816525,10,2020,기타,N,N,,N,02-2600-4116,서울특별시 강서구청,2026-05-19,,2026-05-21 22:27:56,2026-05-20 14:25:16
3150000,202631500000300942,신방화역 2번출구 앞,서울특별시 강서구 방화대로 지하301,서울특별시 강서구 방화동 217-156,37.567683,126.816525,14,2020,기타,N,N,,N,02-2600-4116,서울특별시 강서구청,2026-05-19,,2026-05-21 22:27:56,2026-05-20 14:25:16
3150000,202631500000300943,신방화역 3번출구 뒤(+엘리베이터),서울특별시 강서구 방화대로 지하301,서울특별시 강서구 방화동 217-156,37.567683,126.816525,23,2020,기타,N,N,,N,02-2600-4116,서울특별시 강서구청,2026-05-19,,2026-05-21 22:27:56,2026-05-20 14:25:16
3150000,202631500000300991,화곡3동 주민센터,서울특별시 강서구 강서로33가길 17,서울특별시 강서구 화곡동 1050-3,37.542639,126.838209,10,2023,기타,N,N,,N,02-2600-4116,서울특별시 강서구청,2026-05-19,,2026-05-21 22:27:58,2026-05-20 14:25:17
3150000,202631500000300992,등촌역 센터스퀘어 앞,서울특별시 강서구 공항대로 543,서울특별시 강서구 염창동 312,37.550736,126.865815,10,2023,기타,N,N,,N,02-2600-4116,서울특별시 강서구청,2026-05-19,,2026-05-21 22:27:58,2026-05-20 14:25:17
3150000,202631500000300993,양천향교역 사거리 앞,서울특별시 강서구 양천로 349,서울특별시 강서구 가양동 150-11,37.568521,126.84143,10,2023,기타,N,N,,N,02-2600-4116,서울특별시 강서구청,2026-05-19,,2026-05-21 22:27:58,2026-05-20 14:25:17
3150000,202631500000300994,신방화역 마곡더블유타워 앞,서울특별시 강서구 방화대로 294,서울특별시 강서구 마곡동 739-1,37.566974,126.817096,5,2023,기타,N,N,,N,02-2600-4116,서울특별시 강서구청,2026-05-19,,2026-05-21 22:27:58,2026-05-20 14:25:17
3150000,202631500000300999,가양역 1번출구,,서울특별시 강서구 가양동 1480-9,37.562668,126.852247,15,2023,기타,N,N,,N,02-2600-4116,서울특별시 강서구청,2026-05-19,,2026-05-21 22:27:58,2026-05-20 14:25:17
3150000,202631500000300995,신방화역 3번출구,,서울특별시 강서구 마곡동 736-4,37.567982,126.816628,10,2023,기타,N,N,,N,02-2600-4116,서울특별시 강서구청,2026-05-19,,2026-05-21 22:27:58,2026-05-20 14:25:17
3150000,202631500000300996,가양4단지아파트 상가 앞,서울특별시 강서구 양천로57길 37,서울특별시 강서구 가양동 1478,37.564612,126.851567,15,2023,기타,N,N,,N,02-2600-4116,서울특별시 강서구청,2026-05-19,,2026-05-21 22:27:58,2026-05-20 14:25:17
3150000,202631500000300997,경서중학교,서울특별시 강서구 양천로59길 31,서울특별시 강서구 가양동 1483,37.56144,126.857297,10,2023,기타,N,N,,N,02-2600-4116,서울특별시 강서구청,2026-05-19,,2026-05-21 22:27:58,2026-05-20 14:25:17
3150000,202631500000300998,까치산역 3번출구,서울특별시 강서구 강서로 47,서울특별시 강서구 화곡동 343-31,37.531957,126.846058,5,2023,기타,N,N,,N,02-2600-4116,서울특별시 강서구청,2026-05-19,,2026-05-21 22:27:58,2026-05-20 14:25:17
3150000,202631500000300787,발산역 3번출구,서울특별시 강서구 강서로 374,,37.558936,126.838768,32,2009,거치형,N,Y,,N,02-2600-4116,서울특별시 강서구청,2026-05-19,,2026-05-21 22:27:57,2026-05-20 14:25:15
3150000,202631500000300788,한국공항공사,서울특별시 강서구 하늘길 76,서울특별시 강서구 과해동 676,37.560965,126.798297,14,2009,휀스형,N,Y,,N,02-2600-4116,서울특별시 강서구청,2026-05-19,,2026-05-21 22:27:57,2026-05-20 14:25:15
3150000,202631500000300984,공항시장역 2번 출구 앞,서울특별시 강서구 방화동로 지하30,,37.563555,126.810492,9,2022,기타,N,N,,N,02-2600-4116,서울특별시 강서구청,2026-05-19,,2026-05-21 22:27:58,2026-05-20 14:25:17
3150000,202631500000300985,등촌역 4번 출구 앞,서울특별시 강서구 공항대로 지하529(등촌동),서울특별시 강서구 등촌동 673-1,37.551117,126.86495,14,2022,기타,N,N,,N,02-2600-4116,서울특별시 강서구청,2026-05-19,,2026-05-21 22:27:58,2026-05-20 14:25:17
3150000,202631500000300986,에이스타워2 앞,서울특별시 강서구 공항대로 237(마곡동),서울특별시 강서구 마곡동 798-13,37.559452,126.833912,13,2022,기타,N,N,,N,02-2600-4116,서울특별시 강서구청,2026-05-19,,2026-05-21 22:27:58,2026-05-20 14:25:17
3150000,202631500000300987,등촌역 3번 출구 뒤,서울특별시 강서구 공항대로 지하529(등촌동),서울특별시 강서구 염창동 275-3,37.551117,126.86495,10,2022,기타,N,N,,N,02-2600-4116,서울특별시 강서구청,2026-05-19,,2026-05-21 22:27:58,2026-05-20 14:25:17
3150000,202631500000300988,마곡역 1번출구 앞,서울특별시 강서구 공항대로 지하163(마곡동),서울특별시 강서구 마곡동 769-3,37.560198,126.825547,24,2022,기타,N,N,,N,02-2600-4116,서울특별시 강서구청,2026-05-19,,2026-05-21 22:27:58,2026-05-20 14:25:17
3150000,202631500000300990,방원중학교,서울특별시 강서구 금낭화로 268,서울특별시 강서구 방화동 808,37.575757,126.808285,10,2023,기타,N,N,,N,02-2600-4116,서울특별시 강서구청,2026-05-19,,2026-05-21 22:27:58,2026-05-20 14:25:17
3150000,202631500000300989,동양고등학교,서울특별시 강서구 허준로 50,서울특별시 강서구 가양동 1464,37.56896,126.847022,60,2023,기타,N,N,,N,02-2600-4116,서울특별시 강서구청,2026-05-19,,2026-05-21 22:27:58,2026-05-20 14:25:17
3150000,202631500000301000,가양역 5번출구,서울특별시 강서구 양천로 497,서울특별시 강서구 가양동 448,37.561252,126.855617,5,2023,기타,N,N,,N,02-2600-4116,서울특별시 강서구청,2026-05-19,,2026-05-21 22:27:58,2026-05-20 14:25:17
3150000,202631500000301001,양천향교역 5번출구,,서울특별시 강서구 가양동 132-6,37.568006,126.841444,5,2023,기타,N,N,,N,02-2600-4116,서울특별시 강서구청,2026-05-19,,2026-05-21 22:27:58,2026-05-20 14:25:17
3150000,202631500000301002,마곡하늬중,서울특별시 강서구 마곡서1로 16,서울특별시 강서구 마곡동 749,37.558036,126.820364,15,2023,기타,N,N,,N,02-2600-4116,서울특별시 강서구청,2026-05-19,,2026-05-21 22:27:58,2026-05-20 14:25:17
3150000,202631500000301003,신정여상,서울특별시 강서구 등촌로13아길 20,서울특별시 강서구 화곡동 477-1,37.538025,126.856893,10,2023,기타,Y,N,,N,02-2600-4116,서울특별시 강서구청,2026-05-19,,2026-05-21 22:27:58,2026-05-20 14:25:17
3150000,202631500000301004,화곡사거리,서울특별시 강서구 강서로 26,서울특별시 강서구 화곡동 897-12,37.530324,126.847602,5,2024,기타,N,N,,N,02-2600-4115,서울특별시 강서구청,2026-05-19,,2026-05-21 22:27:58,2026-05-20 14:25:17
3150000,202631500000301005,어울림공원 앞,서울특별시 강서구 양천로 291,서울특별시 강서구 마곡동 811-5,37.570727,126.837608,10,2024,기타,N,N,,N,02-2600-4114,서울특별시 강서구청,2026-05-19,,2026-05-21 22:27:58,2026-05-20 14:25:17
3150000,202631500000300900,신정여상,서울특별시 강서구 등촌로13아길 20,서울특별시 강서구 화곡동 477-1,37.538025,126.856893,20,2016,기타,N,N,,N,02-2600-4116,서울특별시 강서구청,2026-05-19,,2026-05-21 22:27:56,2026-05-20 14:25:16
3150000,202631500000300901,삼정중학교,서울특별시 강서구 금낭화로 210,서울특별시 강서구 방화동 856,37.581086,126.810885,20,2016,기타,N,N,,N,02-2600-4116,서울특별시 강서구청,2026-05-19,,2026-05-21 22:27:56,2026-05-20 14:25:16
3150000,202631500000300892,화곡6동 강서아파트,서울특별시 강서구 우현로 67,서울특별시 강서구 화곡동 1165,37.547469,126.83852,40,2015,기타,N,N,,N,02-2600-4116,서울특별시 강서구청,2026-05-19,,2026-05-21 22:27:56,2026-05-20 14:25:16
3150000,202631500000300893,염창중학교,서울특별시 강서구 양천로67가길,서울특별시 강서구 염창동 85,37.553922,126.871738,40,2015,기타,N,N,,N,02-2600-4116,서울특별시 강서구청,2026-05-19,,2026-05-21 22:27:56,2026-05-20 14:25:16
3150000,202631500000300693,방화역 3번출구,서울특별시 강서구 금낭화로 132,,37.577005,126.812631,40,2003,기타,N,N,,N,02-2600-4116,서울특별시 강서구청,2026-05-19,,2026-05-21 22:27:55,2026-05-20 14:25:15
3150000,202631500000300694,방화역 2번출구,서울특별시 강서구 금낭화로11,,37.577335,126.811652,60,2003,기타,N,N,,N,02-2600-4116,서울특별시 강서구청,2026-05-19,,2026-05-21 22:27:55,2026-05-20 14:25:15
3150000,202631500000300695,대일고등학교,서울특별시 강서구 등촌로 105,서울특별시 강서구 등촌동 563-2,37.539453,126.863284,49,2003,기타,N,N,,N,02-2600-4116,서울특별시 강서구청,2026-05-19,,2026-05-21 22:27:55,2026-05-20 14:25:15
3150000,202631500000300688,수명산파크(601동앞),서울특별시 강서구 수명로2길 63,서울특별시 강서구 내발산동 759,37.550284,126.825772,10,2001,기타,N,N,,N,02-2600-4116,서울특별시 강서구청,2026-05-19,,2026-05-21 22:27:55,2026-05-20 14:25:15
3150000,202631500000300983,서진학교 지하주차장,서울특별시 강서구 양천로55길 22(가양동),서울특별시 강서구 가양동 1477,37.565476,126.850622,20,2022,기타,N,N,,N,02-2600-4116,서울특별시 강서구청,2026-05-19,,2026-05-21 22:27:58,2026-05-20 14:25:17
3150000,202631500000300855,가양3동주민센터,서울특별시 강서구 허준로 202,서울특별시 강서구 가양동 1488-1,37.561038,126.860554,10,2013,기타,N,Y,,N,02-2600-4116,서울특별시 강서구청,2026-05-19,,2026-05-21 22:27:57,2026-05-20 14:25:16
3150000,202631500000300859,삼성관음아파트앞,서울특별시 강서구 양천로 656,서울특별시 강서구 염창동 268,37.552504,126.869287,10,2013,거치형,N,N,,N,02-2600-4116,서울특별시 강서구청,2026-05-19,,2026-05-21 22:27:57,2026-05-20 14:25:16
3150000,202631500000300856,KBS스포츠월드,서울특별시 강서구 공항대로 376,서울특별시 강서구 화곡동 1093-76,37.55678,126.847609,30,2013,기타,N,N,,N,02-2600-4116,서울특별시 강서구청,2026-05-19,,2026-05-21 22:27:57,2026-05-20 14:25:16
3150000,202631500000300857,염창역 2번출구,서울특별시 강서구 공항대로 629,,37.547206,126.874851,10,2013,거치형,N,N,,N,02-2600-4116,서울특별시 강서구청,2026-05-19,,2026-05-21 22:27:57,2026-05-20 14:25:16
3150000,202631500000300858,신방화역 3번출구,서울특별시 강서구 방화대로34길 2,,37.568283,126.817466,5,2013,거치형,N,N,,N,02-2600-4116,서울특별시 강서구청,2026-05-19,,2026-05-21 22:27:57,2026-05-20 14:25:16
3150000,202631500000300860,백석초등학교,서울특별시 강서구 공항대로 491,서울특별시 강서구 등촌동 650-14,37.553423,126.862194,5,2013,거치형,N,N,,N,02-2600-4116,서울특별시 강서구청,2026-05-19,,2026-05-21 22:27:57,2026-05-20 14:25:16
3150000,202631500000300861,등촌주공5단지,서울특별시 강서구 공항대로39길 74,서울특별시 강서구 등촌동 695,37.560421,126.844779,5,2013,거치형,N,Y,,N,02-2600-4116,서울특별시 강서구청,2026-05-19,,2026-05-21 22:27:57,2026-05-20 14:25:16
3150000,202631500000300862,공항입구,서울특별시 강서구 공항대로 20,,37.561186,126.809519,10,2013,거치형,N,Y,,N,02-2600-4116,서울특별시 강서구청,2026-05-19,,2026-05-21 22:27:57,2026-05-20 14:25:16
3150000,202631500000300863,개화동 상사마을입구,서울특별시 강서구 개화길52,서울특별시 강서구 개화동 226-10,37.586778,126.80155,5,2013,거치형,N,N,,N,02-2600-4116,서울특별시 강서구청,2026-05-19,,2026-05-21 22:27:57,2026-05-20 14:25:16
3150000,202631500000300864,가곡초교 육교밑,,서울특별시 강서구,37.555343,126.833623,5,2013,거치형,N,N,,N,02-2600-4116,서울특별시 강서구청,2026-05-19,,2026-05-21 22:27:57,2026-05-20 14:25:16
3150000,202631500000300747,가양1동 주민센타,서울특별시 강서구 허준로 30,서울특별시 강서구 가양동 1462-3,37.569453,126.8447,20,2008,기타,N,N,,N,02-2600-4116,서울특별시 강서구청,2026-05-19,,2026-05-21 22:27:57,2026-05-20 14:25:15
3150000,202631500000300748,증미역 2번출구,서울특별시 강서구 양천로 37,,37.55728,126.861716,10,2008,거치형,N,Y,,N,02-2600-4116,서울특별시 강서구청,2026-05-19,,2026-05-21 22:27:57,2026-05-20 14:25:15
3150000,202631500000300749,보건소,서울특별시 강서구 공항대로 561,서울특별시 강서구 염창동 275-12,37.549617,126.868265,14,2008,거치형,N,N,,N,02-2600-4116,서울특별시 강서구청,2026-05-19,,2026-05-21 22:27:57,2026-05-20 14:25:15
3150000,202631500000300750,화곡역 1번출구,서울특별시 강서구 강서로 174,서울특별시 강서구 화곡동 1064,37.542327,126.840212,10,2008,기타,N,N,,N,02-2600-4116,서울특별시 강서구청,2026-05-19,,2026-05-21 22:27:57,2026-05-20 14:25:15
3150000,202631500000300746,강서공업고등학교,서울특별시 강서구 방화대로 47길9,서울특별시 강서구 방화동 834,37.5755,126.816021,30,2008,기타,N,N,,N,02-2600-4116,서울특별시 강서구청,2026-05-19,,2026-05-21 22:27:57,2026-05-20 14:25:15
3150000,202631500000300745,까치산역 1번출구,서울특별시 강서구 강서로 52,,37.53248,126.846683,10,2008,기타,N,N,,N,02-2600-4116,서울특별시 강서구청,2026-05-19,,2026-05-21 22:27:57,2026-05-20 14:25:15
3150000,202631500000300701,화곡역 6번출구,서울특별시 강서구 화곡로 166,서울특별시 강서구 화곡동 1075-1,37.541275,126.840072,27,2003,기타,N,N,,N,02-2600-4116,서울특별시 강서구청,2026-05-19,,2026-05-21 22:27:55,2026-05-20 14:25:15
3150000,202631500000300702,화곡역 5번출구,서울특별시 강서구 강서로 163,서울특별시 강서구 화곡동 1075-3,37.541199,126.840344,41,2003,기타,N,Y,,N,02-2600-4116,서울특별시 강서구청,2026-05-19,,2026-05-21 22:27:55,2026-05-20 14:25:15
3150000,202631500000300703,화곡역 4번출구,서울특별시 강서구 강서로 162,서울특별시 강서구 화곡동 1076-19,37.541369,126.841038,34,2003,기타,N,N,,N,02-2600-4116,서울특별시 강서구청,2026-05-19,,2026-05-21 22:27:55,2026-05-20 14:25:15
3150000,202631500000300704,방화근린공원,,서울특별시 강서구 방화동 855,37.581618,126.811458,20,2004,기타,N,N,,N,02-2600-4116,서울특별시 강서구청,2026-05-19,,2026-05-21 22:27:55,2026-05-20 14:25:15
3150000,202631500000300696,공항전화국(반대편),서울특별시 강서구 공항대로 69,서울특별시 강서구 공항동 11-10번지,37.561399,126.815268,20,2003,기타,N,N,,N,02-2600-4116,서울특별시 강서구청,2026-05-19,,2026-05-21 22:27:55,2026-05-20 14:25:15
3150000,202631500000300697,강서도서관,서울특별시 강서구 등촌로 51나길 29,서울특별시 강서구 등촌동 520-6,37.547884,126.859896,37,2003,기타,N,Y,,N,02-2600-4116,서울특별시 강서구청,2026-05-19,,2026-05-21 22:27:55,2026-05-20 14:25:15
3150000,202631500000300698,화곡역 7번출구,서울특별시 강서구 화곡로 163,서울특별시 강서구 화곡동 1065-24,37.541713,126.839662,20,2003,거치형,N,N,,N,02-2600-4116,서울특별시 강서구청,2026-05-19,,2026-05-21 22:27:55,2026-05-20 14:25:15
3150000,202631500000300699,화곡역 6번출구,서울특별시 강서구 화곡로 166,서울특별시 강서구 화곡동 1075-1,37.541258,126.840072,10,2003,거치형,N,N,,N,02-2600-4116,서울특별시 강서구청,2026-05-19,,2026-05-21 22:27:55,2026-05-20 14:25:15
3150000,202631500000300700,화곡역 3번출구,서울특별시 강서구 화곡로 176-4,서울특별시 강서구 화곡동 1076-1,37.541653,126.841142,10,2003,거치형,N,N,,N,02-2600-4116,서울특별시 강서구청,2026-05-19,,2026-05-21 22:27:55,2026-05-20 14:25:15
3150000,202631500000300739,신동아아파트,서울특별시 강서구 양천로67길 32,서울특별시 강서구 염창동 289,37.555067,126.868963,20,2008,기타,N,N,,N,02-2600-4116,서울특별시 강서구청,2026-05-19,,2026-05-21 22:27:55,2026-05-20 14:25:15
3150000,202631500000300740,발산동 청소년공부방,서울특별시 강서구 강서로 47가길 6,서울특별시 강서구 내발산동 700-14,37.552422,126.835378,10,2008,기타,N,N,,N,02-2600-4116,서울특별시 강서구청,2026-05-19,,2026-05-21 22:27:55,2026-05-20 14:25:15
3150000,202631500000300671,방화동 청소년공부방,서울특별시 강서구 초원로11길19 (방화동),서울특별시 강서구 방화동 589-22,37.567998,126.810159,14,1996,기타,N,N,,N,02-2600-4116,서울특별시 강서구청,2026-05-19,,2026-05-21 22:27:55,2026-05-20 14:25:15
3150000,202631500000300672,개화산역 2번출구,,서울특별시 강서구 방화동,37.572459,126.804645,28,1996,기타,N,Y,,N,02-2600-4116,서울특별시 강서구청,2026-05-19,,2026-05-21 22:27:55,2026-05-20 14:25:15
3150000,202631500000300673,개화산역 1번출구,,서울특별시 강서구 방화동 도시개발11단지,37.570799,126.80219,84,1996,기타,N,N,,N,02-2600-4116,서울특별시 강서구청,2026-05-19,,2026-05-21 22:27:55,2026-05-20 14:25:15
3150000,202631500000300676,우장산역 4번출구,서울특별시 강서구 강서로 262,,37.548846,126.87623,10,1996,기타,N,N,,N,02-2600-4116,서울특별시 강서구청,2026-05-19,,2026-05-21 22:27:55,2026-05-20 14:25:15
3150000,202631500000300677,우장산역 3번출구,서울특별시 강서구 강서로253,,37.548382,126.836044,10,1996,기타,N,N,,N,02-2600-4116,서울특별시 강서구청,2026-05-19,,2026-05-21 22:27:55,2026-05-20 14:25:15
3150000,202631500000300678,우장산역 2번출구,서울특별시 강서구 화곡로 101,,37.548787,126.83414,14,1996,기타,N,N,,N,02-2600-4116,서울특별시 강서구청,2026-05-19,,2026-05-21 22:27:55,2026-05-20 14:25:15
3150000,202631500000300674,강서청소년회관,서울특별시 강서구 공항대로 42길 23-19,서울특별시 강서구 내발산동 산4-5,37.556479,126.844285,21,1996,기타,N,N,,N,02-2600-4116,서울특별시 강서구청,2026-05-19,,2026-05-21 22:27:55,2026-05-20 14:25:15
3150000,202631500000300675,강서구민회관 주차장,,서울특별시 강서구 내발산동,37.553184,126.843926,14,1996,기타,N,N,,N,02-2600-4116,서울특별시 강서구청,2026-05-19,,2026-05-21 22:27:55,2026-05-20 14:25:15
3150000,202631500000300751,화곡4동 주민자치센타,서울특별시 강서구 곰달래로 57가길26,서울특별시 강서구 화곡동 809-3,37.534568,126.860608,20,2008,기타,N,N,,N,02-2600-4116,서울특별시 강서구청,2026-05-19,,2026-05-21 22:27:57,2026-05-20 14:25:15
3150000,202631500000300752,호서전문학교,서울특별시 강서구 강서로 420,서울특별시 강서구 등촌동 680-1,37.562933,126.84002,20,2008,기타,N,N,,N,02-2600-4116,서울특별시 강서구청,2026-05-19,,2026-05-21 22:27:57,2026-05-20 14:25:15
3150000,202631500000300753,푸른들청소년도서관,서울특별시 강서구 강서로45다길 71,서울특별시 강서구 화곡동 1019,37.54465,126.835151,10,2008,기타,N,N,,N,02-2600-4116,서울특별시 강서구청,2026-05-19,,2026-05-21 22:27:57,2026-05-20 14:25:15
3150000,202631500000300754,영등포공고,서울특별시 강서구 허준로5길 15,서울특별시 강서구 가양동 1468,37.569225,126.850497,60,2008,기타,N,N,,N,02-2600-4116,서울특별시 강서구청,2026-05-19,,2026-05-21 22:27:57,2026-05-20 14:25:15
3150000,202631500000300755,염창역 1번출구,서울특별시 강서구 공항대로 623,,37.547214,126.87402,20,2009,기타,Y,N,,N,02-2600-4116,서울특별시 강서구청,2026-05-19,,2026-05-21 22:27:57,2026-05-20 14:25:15
3150000,202631500000300756,양천향교역 8번출구,서울특별시 강서구 강서로,,37.568625,126.839545,10,2009,기타,N,N,,N,02-2600-4116,서울특별시 강서구청,2026-05-19,,2026-05-21 22:27:57,2026-05-20 14:25:15
3150000,202631500000300757,양천향교역 7번출구,서울특별시 강서구 강서로,,37.567826,126.839894,10,2009,기타,N,N,,N,02-2600-4116,서울특별시 강서구청,2026-05-19,,2026-05-21 22:27:57,2026-05-20 14:25:15
3150000,202631500000300705,명덕고교,서울특별시 강서구 강서로 47길34-10,서울특별시 강서구 내발산동 169-1,37.553601,126.834731,90,2004,기타,N,N,,N,02-2600-4116,서울특별시 강서구청,2026-05-19,,2026-05-21 22:27:55,2026-05-20 14:25:15
3150000,202631500000300706,마곡레포츠센타,서울특별시 강서구 양천로 251,서울특별시 강서구 마곡동 56-22,37.573147,126.831681,14,2004,기타,N,N,,N,02-2600-4116,서울특별시 강서구청,2026-05-19,,2026-05-21 22:27:55,2026-05-20 14:25:15
3150000,202631500000300707,등원중학교,서울특별시 강서구 화곡로 65길50,서울특별시 강서구 등촌동 707-4,37.559722,126.851607,20,2004,기타,N,N,,N,02-2600-4116,서울특별시 강서구청,2026-05-19,,2026-05-21 22:27:55,2026-05-20 14:25:15
3150000,202631500000300708,동양공업고등학교,서울특별시 강서구 허준로 50,서울특별시 강서구 가양동 1464,37.568759,126.847084,50,2004,기타,N,N,,N,02-2600-4116,서울특별시 강서구청,2026-05-19,,2026-05-21 22:27:55,2026-05-20 14:25:15
3150000,202631500000300709,공항중학교,서울특별시 강서구 방화대로 241,서울특별시 강서구 공항동 12-3,37.562472,126.81532,76,2004,기타,N,N,,N,02-2600-4116,서울특별시 강서구청,2026-05-19,,2026-05-21 22:27:55,2026-05-20 14:25:15
3150000,202631500000300710,공항고교,서울특별시 강서구 개화동로 495,서울특별시 강서구 방화동 648-1,37.569293,126.806325,90,2004,기타,N,N,,N,02-2600-4116,서울특별시 강서구청,2026-05-19,,2026-05-21 22:27:55,2026-05-20 14:25:15
3150000,202631500000300711,공암나루근린공원,,서울특별시 강서구 가양동,37.569925,126.847927,10,2004,기타,N,N,,N,02-2600-4116,서울특별시 강서구청,2026-05-19,,2026-05-21 22:27:55,2026-05-20 14:25:15
3150000,202631500000300712,경복여고,서울특별시 강서구 화곡로63길 40,서울특별시 강서구 등촌3동131,37.557821,126.850597,20,2004,기타,N,N,,N,02-2600-4116,서울특별시 강서구청,2026-05-19,,2026-05-21 22:27:55,2026-05-20 14:25:15
3150000,202631500000300681,등촌 2동 대림아파트 앞,서울특별시 강서구 공항대로39길 100,서울특별시 강서구 등촌동 694,37.562571,126.846544,10,1997,기타,N,N,,N,02-2600-4116,서울특별시 강서구청,2026-05-19,,2026-05-21 22:27:55,2026-05-20 14:25:15
3150000,202631500000300682,화곡역 8번출구,서울특별시 강서구 강서로 173,서울특별시 강서구 화곡동 1065-22,37.541872,126.839613,31,1997,기타,N,N,,N,02-2600-4116,서울특별시 강서구청,2026-05-19,,2026-05-21 22:27:55,2026-05-20 14:25:15
3150000,202631500000300683,화곡역 2번출구,서울특별시 강서구 화곡로 173,서울특별시 강서구 화곡동 1064-4,37.542005,126.840789,30,1997,기타,N,N,,N,02-2600-4116,서울특별시 강서구청,2026-05-19,,2026-05-21 22:27:55,2026-05-20 14:25:15
3150000,202631500000300684,화곡역 1번출구,서울특별시 강서구 화곡로174,서울특별시 강서구 화곡동 1064,37.542327,126.840212,20,1997,기타,N,Y,,N,02-2600-4116,서울특별시 강서구청,2026-05-19,,2026-05-21 22:27:55,2026-05-20 14:25:15
3150000,202631500000300916,방화역 1번출구 뒤,서울특별시 강서구 금낭화로 지하132,서울특별시 강서구 방화동 829-15 방화역,37.577003,126.81263,40,2019,기타,N,N,,N,02-2600-4116,서울특별시 강서구청,2026-05-19,,2026-05-21 22:27:56,2026-05-20 14:25:16
3150000,202631500000300917,방화역 3번출구 뒤,서울특별시 강서구 금낭화로 지하132,서울특별시 강서구 방화동 829-15 방화역,37.577003,126.81263,20,2019,기타,N,N,,N,02-2600-4116,서울특별시 강서구청,2026-05-19,,2026-05-21 22:27:56,2026-05-20 14:25:16
3150000,202631500000300921,양천향교역 7-8번 출구 사이,서울특별시 강서구 양천로 지하341,서울특별시 강서구 가양동 159-3,37.568761,126.840818,8,2019,기타,N,N,,N,02-2600-4116,서울특별시 강서구청,2026-05-19,,2026-05-21 22:27:56,2026-05-20 14:25:16
3150000,202631500000300918,양천향교역 3번출구 뒤,서울특별시 강서구 양천로 지하341,서울특별시 강서구 가양동 159-3,37.568761,126.840818,14,2019,기타,N,N,,N,02-2600-4116,서울특별시 강서구청,2026-05-19,,2026-05-21 22:27:56,2026-05-20 14:25:16
3150000,202631500000300919,양천향교역 1번 출구 뒤,서울특별시 강서구 양천로 지하341,서울특별시 강서구 가양동 159-3,37.568761,126.840818,8,2019,기타,N,N,,N,02-2600-4116,서울특별시 강서구청,2026-05-19,,2026-05-21 22:27:56,2026-05-20 14:25:16
3150000,202631500000300885,가양레포츠센터,서울특별시 강서구 양천로61길 101,서울특별시 강서구 가양동 1493,37.561985,126.863732,20,2015,기타,N,N,,N,02-2600-4116,서울특별시 강서구청,2026-05-19,,2026-05-21 22:27:57,2026-05-20 14:25:16
3150000,202631500000300886,국립국어원,서울특별시 강서구 금낭화로 154,서울특별시 강서구 방화동 827,37.579118,126.813825,20,2015,거치형,N,Y,,N,02-2600-4116,서울특별시 강서구청,2026-05-19,,2026-05-21 22:27:57,2026-05-20 14:25:16
3150000,202631500000300887,강서구민올림픽체육센타,서울특별시 강서구 화곡로65길 62,서울특별시 강서구 등촌동 707-3,37.559649,126.850573,20,2015,거치형,N,Y,,N,02-2600-4116,서울특별시 강서구청,2026-05-19,,2026-05-21 22:27:57,2026-05-20 14:25:16
3150000,202631500000300888,명덕고교앞정류장,서울특별시 강서구 강서로47길 34-10,서울특별시 강서구 내발산동 169-1,37.553601,126.834731,10,2015,거치형,N,N,,N,02-2600-4116,서울특별시 강서구청,2026-05-19,,2026-05-21 22:27:57,2026-05-20 14:25:16
3150000,202631500000300889,kt 공항빌딩,서울특별시 강서구 공항대로 69,서울특별시 강서구 공항동 11-10,37.561399,126.815268,10,2015,휀스형,N,Y,,N,02-2600-4116,서울특별시 강서구청,2026-05-19,,2026-05-21 22:27:57,2026-05-20 14:25:16
3150000,202631500000300890,kt 강서지사,서울특별시 강서구 강서로5길 64,,37.529593,126.848809,10,2015,휀스형,N,N,,N,02-2600-4116,서울특별시 강서구청,2026-05-19,,2026-05-21 22:27:57,2026-05-20 14:25:16
3150000,202631500000300891,kt 가양지점,서울특별시 강서구 강서로 442,서울특별시 강서구 등촌동 681-1,37.564731,126.840719,10,2015,휀스형,N,Y,,N,02-2600-4116,서울특별시 강서구청,2026-05-19,,2026-05-21 22:27:57,2026-05-20 14:25:16
3150000,202631500000300948,신방화역 8번출구 뒤,서울특별시 강서구 방화대로 지하301,서울특별시 강서구 방화동 217-156,37.567683,126.816525,5,2020,기타,N,N,,N,02-2600-4116,서울특별시 강서구청,2026-05-19,,2026-05-21 22:27:57,2026-05-20 14:25:17
3150000,202631500000300949,신방화역 8번출구 앞,서울특별시 강서구 방화대로 지하301,서울특별시 강서구 방화동 217-156,37.567683,126.816525,9,2020,기타,N,N,,N,02-2600-4116,서울특별시 강서구청,2026-05-19,,2026-05-21 22:27:57,2026-05-20 14:25:17
3150000,202631500000300950,수명산 작은도서관,서울특별시 강서구 수명로1길 131,서울특별시 강서구 내발산동 740,37.554117,126.82552,18,2020,기타,N,N,,N,02-2600-4116,서울특별시 강서구청,2026-05-19,,2026-05-21 22:27:57,2026-05-20 14:25:17
3150000,202631500000300951,수명산파크2단지 208동 앞,서울특별시 강서구 강서로47길 158,서울특별시 강서구 내발산동 741,37.553858,126.827642,12,2020,기타,N,N,,N,02-2600-4116,서울특별시 강서구청,2026-05-19,,2026-05-21 22:27:57,2026-05-20 14:25:17
3150000,202631500000300952,한강아파트 상가 앞,서울특별시 강서구 허준로 23,,37.571211,126.843592,10,2020,기타,N,N,,N,02-2600-4116,서울특별시 강서구청,2026-05-19,,2026-05-21 22:27:57,2026-05-20 14:25:17
3150000,202631500000300953,이마트가양점 주차장 출구 앞,서울특별시 강서구 양천로 559,,37.558195,126.861818,20,2020,기타,N,N,,N,02-2600-4116,서울특별시 강서구청,2026-05-19,,2026-05-21 22:27:57,2026-05-20 14:25:17
3150000,202631500000300954,이마트가양점 정문 앞,서울특별시 강서구 양천로 559,,37.558195,126.861818,30,2020,기타,N,N,,N,02-2600-4116,서울특별시 강서구청,2026-05-19,,2026-05-21 22:27:57,2026-05-20 14:25:17
3150000,202631500000300955,증미역 1번출구 앞,서울특별시 강서구 양천로 지하560,서울특별시 강서구 등촌동 666-40,37.557719,126.861247,30,2020,기타,N,N,,N,02-2600-4116,서울특별시 강서구청,2026-05-19,,2026-05-21 22:27:57,2026-05-20 14:25:17
3150000,202631500000300956,증미역 1번출구 뒤,서울특별시 강서구 양천로 지하560,서울특별시 강서구 등촌동 666-40,37.557719,126.861247,8,2020,기타,N,N,,N,02-2600-4116,서울특별시 강서구청,2026-05-19,,2026-05-21 22:27:57,2026-05-20 14:25:17
3150000,202631500000300957,증미역 2번출구 앞,서울특별시 강서구 양천로 지하560,서울특별시 강서구 등촌동 666-40,37.557719,126.861247,13,2020,기타,N,N,,N,02-2600-4116,서울특별시 강서구청,2026-05-19,,2026-05-21 22:27:57,2026-05-20 14:25:17
3150000,202631500000300958,증미역 2번출구 뒤,서울특별시 강서구 양천로 지하560,서울특별시 강서구 등촌동 666-40,37.557719,126.861247,7,2020,기타,N,N,,N,02-2600-4116,서울특별시 강서구청,2026-05-19,,2026-05-21 22:27:57,2026-05-20 14:25:17
3150000,202631500000300822,청소년단체협의회,서울특별시 강서구 금낭화로 234,서울특별시 강서구 방화동 801,37.579089,126.809619,20,2010,기타,N,Y,,N,02-2600-4116,서울특별시 강서구청,2026-05-19,,2026-05-21 22:27:57,2026-05-20 14:25:16
3150000,202631500000300823,우장산역 1번출구,서울특별시 강서구 화곡로105,,37.548846,126.835875,14,2010,기타,N,Y,,N,02-2600-4116,서울특별시 강서구청,2026-05-19,,2026-05-21 22:27:57,2026-05-20 14:25:16
3150000,202631500000300821,탐라영재관,서울특별시 강서구 양천로57길10-10,서울특별시 강서구 가양동 1480-6,37.562804,126.852588,20,2010,기타,N,Y,,N,02-2600-4116,서울특별시 강서구청,2026-05-19,,2026-05-21 22:27:57,2026-05-20 14:25:16
3150000,202631500000300959,증미역 3번출구 뒤,서울특별시 강서구 양천로 지하560,서울특별시 강서구 등촌동 666-40,37.557719,126.861247,18,2020,기타,N,N,,N,02-2600-4116,서울특별시 강서구청,2026-05-19,,2026-05-21 22:27:57,2026-05-20 14:25:17
3150000,202631500000300960,염창동아3차아파트,서울특별시 강서구 양천로 731,서울특별시 강서구 등촌동 666-40,37.550252,126.877397,5,2020,기타,N,N,,N,02-2600-4116,서울특별시 강서구청,2026-05-19,,2026-05-21 22:27:57,2026-05-20 14:25:17
3150000,202631500000300824,우장산역 1번출구,서울특별시 강서구 화곡로105,,37.548846,126.835875,30,2010,기타,N,N,,N,02-2600-4116,서울특별시 강서구청,2026-05-19,,2026-05-21 22:27:57,2026-05-20 14:25:16
3150000,202631500000300825,방원중학교,서울특별시 강서구 금낭화로 268,서울특별시 강서구 방화동 808,37.576046,126.808882,78,2011,기타,N,Y,,N,02-2600-4116,서울특별시 강서구청,2026-05-19,,2026-05-21 22:27:57,2026-05-20 14:25:16
3150000,202631500000300826,마포중고등학교,서울특별시 강서구 화곡로 403,서울특별시 강서구 등촌동 82-1,37.55999,126.853133,150,2011,기타,N,Y,,N,02-2600-4116,서울특별시 강서구청,2026-05-19,,2026-05-21 22:27:57,2026-05-20 14:25:16
3150000,202631500000300961,염창역 1번출구 앞,서울특별시 강서구 공항대로 지하631,서울특별시 강서구 염창동 284-84,37.547059,126.875005,14,2020,기타,N,N,,N,02-2600-4116,서울특별시 강서구청,2026-05-19,,2026-05-21 22:27:57,2026-05-20 14:25:17
3150000,202631500000300962,마곡역 3번 출구 옆,서울특별시 강서구 공항대로 지하163,서울특별시 강서구 마곡동 769-3,37.560198,126.825548,30,2020,기타,N,N,,N,02-2600-4116,서울특별시 강서구청,2026-05-19,,2026-05-21 22:27:57,2026-05-20 14:25:17
3150000,202631500000300963,마곡역 3번 출구 뒤,서울특별시 강서구 공항대로 지하163,서울특별시 강서구 마곡동 769-3,37.560198,126.825548,8,2020,기타,N,N,,N,02-2600-4116,서울특별시 강서구청,2026-05-19,,2026-05-21 22:27:57,2026-05-20 14:25:17
3150000,202631500000300685,까치산역 4번출구,서울특별시 강서구 강서로 54,,37.558797,126.842004,10,1999,기타,N,N,,N,02-2600-4116,서울특별시 강서구청,2026-05-19,,2026-05-21 22:27:55,2026-05-20 14:25:15
3150000,202631500000300686,까치산역 2번출구,서울특별시 강서구 강서로 42-1,,37.53179,126.846985,30,1999,기타,N,N,,N,02-2600-4116,서울특별시 강서구청,2026-05-19,,2026-05-21 22:27:55,2026-05-20 14:25:15
3150000,202631500000300687,강서구청,서울특별시 강서구 화곡로302,서울특별시 강서구 화곡동 980-16,37.550838,126.849812,10,2000,기타,N,Y,,N,02-2600-4116,서울특별시 강서구청,2026-05-19,,2026-05-21 22:27:55,2026-05-20 14:25:15
3150000,202631500000300713,강서구민올림픽체육센타,서울특별시 강서구 화곡로65길 62,서울특별시 강서구 등촌3동 707-3,37.559649,126.850573,20,2004,기타,N,N,,N,02-2600-4116,서울특별시 강서구청,2026-05-19,,2026-05-21 22:27:55,2026-05-20 14:25:15
3150000,202631500000300714,가양대교,,서울특별시 강서구 염창동,37.569301,126.858854,10,2004,기타,N,Y,,N,02-2600-4116,서울특별시 강서구청,2026-05-19,,2026-05-21 22:27:55,2026-05-20 14:25:15
3150000,202631500000300715,한서고교,서울특별시 강서구 양천로 11길47,서울특별시 강서구 방화동 478-34,37.574602,126.80816,50,2004,기타,N,N,,N,02-2600-4116,서울특별시 강서구청,2026-05-19,,2026-05-21 22:27:55,2026-05-20 14:25:15
3150000,202631500000300716,방화중학교,서울특별시 강서구 개화동로27길 9,서울특별시 강서구 방화동 636-1,37.565107,126.806878,20,2005,기타,N,N,,N,02-2600-4116,서울특별시 강서구청,2026-05-19,,2026-05-21 22:27:55,2026-05-20 14:25:15
3150000,202631500000300717,덕원중학교,서울특별시 강서구 강서로45길 91-44,서울특별시 강서구 내발산동 산59-2,37.548582,126.829011,30,2005,기타,N,N,,N,02-2600-4116,서울특별시 강서구청,2026-05-19,,2026-05-21 22:27:55,2026-05-20 14:25:15
3150000,202631500000300718,길성아파트,서울특별시 강서구 방화대로 319,서울특별시 강서구 방화동 867,37.56915,126.816202,14,2005,기타,N,N,,N,02-2600-4116,서울특별시 강서구청,2026-05-19,,2026-05-21 22:27:55,2026-05-20 14:25:15
3150000,202631500000300719,경복여자정보산업고,서울특별시 강서구 화곡로379,서울특별시 강서구 등촌동 131,37.558097,126.85267,20,2005,기타,N,N,,N,02-2600-4116,서울특별시 강서구청,2026-05-19,,2026-05-21 22:27:55,2026-05-20 14:25:15
3150000,202631500000300720,화곡고교,서울특별시 강서구 강서로 45길69,서울특별시 강서구 내발산동산48-3,37.548051,126.831698,50,2005,거치형,N,N,,N,02-2600-4116,서울특별시 강서구청,2026-05-19,,2026-05-21 22:27:55,2026-05-20 14:25:15
3150000,202631500000300721,공항중학교,서울특별시 강서구 방화대로 241,서울특별시 강서구 공항동 12-3,37.562472,126.81532,60,2005,거치형,N,N,,N,02-2600-4116,서울특별시 강서구청,2026-05-19,,2026-05-21 22:27:55,2026-05-20 14:25:15
3150000,202631500000300722,양천초교,서울특별시 강서구 양천로 329,서울특별시 강서구 가양동 272-11,37.570168,126.839591,50,2006,기타,N,N,,N,02-2600-4116,서울특별시 강서구청,2026-05-19,,2026-05-21 22:27:55,2026-05-20 14:25:15
3150000,202631500000300723,송정중학교,서울특별시 강서구 남부순환로 121,서울특별시 강서구 공항동 768-1,37.553724,126.815076,40,2006,기타,N,N,,N,02-2600-4116,서울특별시 강서구청,2026-05-19,,2026-05-21 22:27:55,2026-05-20 14:25:15
3150000,202631500000300724,세민정보고,서울특별시 강서구 방화대로34길 13,서울특별시 강서구 방화동 242-8,37.569786,126.817087,40,2006,기타,N,N,,N,02-2600-4116,서울특별시 강서구청,2026-05-19,,2026-05-21 22:27:55,2026-05-20 14:25:15
3150000,202631500000300725,방화역 2번출구,서울특별시 강서구 금낭화로11,서울특별시 강서구 방화동,37.577335,126.811652,7,2006,기타,N,Y,,N,02-2600-4116,서울특별시 강서구청,2026-05-19,,2026-05-21 22:27:55,2026-05-20 14:25:15
3150000,202631500000300726,명덕고교,서울특별시 강서구 강서로47길 34-10,서울특별시 강서구 내발산동 169-1,37.553601,126.834731,40,2006,기타,N,Y,,N,02-2600-4116,서울특별시 강서구청,2026-05-19,,2026-05-21 22:27:55,2026-05-20 14:25:15
3150000,202631500000300727,마포중고등학교,서울특별시 강서구 화곡로 403,서울특별시 강서구 등촌동 82-1,37.55999,126.853133,150,2006,기타,N,N,,N,02-2600-4116,서울특별시 강서구청,2026-05-19,,2026-05-21 22:27:55,2026-05-20 14:25:15
3150000,202631500000300728,길성아파트,서울특별시 강서구 방화대로 319,서울특별시 강서구 방화동 867,37.56915,126.816202,14,2006,기타,N,N,,N,02-2600-4116,서울특별시 강서구청,2026-05-19,,2026-05-21 22:27:55,2026-05-20 14:25:15
3150000,202631500000300680,등촌3동 주민센타,서울특별시 강서구 화곡로63길 96 (등촌동),서울특별시 강서구 등촌동 705-4,37.558841,126.847901,10,1997,기타,N,N,,N,02-2600-4116,서울특별시 강서구청,2026-05-19,,2026-05-21 22:27:55,2026-05-20 14:25:15
3150000,202631500000300679,우장산역 1번출구,서울특별시 강서구 화곡로 105,,37.548846,126.835875,7,1996,기타,N,N,,N,02-2600-4116,서울특별시 강서구청,2026-05-19,,2026-05-21 22:27:55,2026-05-20 14:25:15
3150000,202631500000300729,한서고교,서울특별시 강서구 양천로11길47,서울특별시 강서구 방화동 478-34,37.574602,126.80816,50,2006,기타,N,N,,N,02-2600-4116,서울특별시 강서구청,2026-05-19,,2026-05-21 22:27:55,2026-05-20 14:25:15
3150000,202631500000300730,정곡초교,서울특별시 강서구 방화대로 50길22,서울특별시 강서구 방화동 836,37.576931,126.818908,10,2006,기타,N,N,,N,02-2600-4116,서울특별시 강서구청,2026-05-19,,2026-05-21 22:27:55,2026-05-20 14:25:15
3150000,202631500000300731,송화초교,서울특별시 강서구 방화대로 34길2,서울특별시 강서구 방화동 217-35,37.568283,126.817466,7,2007,기타,N,N,,N,02-2600-4116,서울특별시 강서구청,2026-05-19,,2026-05-21 22:27:55,2026-05-20 14:25:15
3150000,202631500000300732,세현고교,서울특별시 강서구 허준로 227,서울특별시 강서구 가양동 1491,37.560412,126.86372,80,2007,기타,N,Y,,N,02-2600-4116,서울특별시 강서구청,2026-05-19,,2026-05-21 22:27:55,2026-05-20 14:25:15
3150000,202631500000300733,한광고등학교 옆,서울특별시 강서구 등촌로 13길110,서울특별시 강서구 화곡동 488-2,37.538899,126.85788,7,2007,거치형,N,N,,N,02-2600-4116,서울특별시 강서구청,2026-05-19,,2026-05-21 22:27:55,2026-05-20 14:25:15
3150000,202631500000300734,방화역 3번출구,서울특별시 강서구 금낭화로 132,,37.577005,126.812631,7,2007,휀스형,N,Y,,N,02-2600-4116,서울특별시 강서구청,2026-05-19,,2026-05-21 22:27:55,2026-05-20 14:25:15
3150000,202631500000300735,방화3동 주민센터,서울특별시 강서구 금낭화로24길 5,서울특별시 강서구 방화동 828,37.578684,126.813683,7,2007,휀스형,N,N,,N,02-2600-4116,서울특별시 강서구청,2026-05-19,,2026-05-21 22:27:55,2026-05-20 14:25:15
3150000,202631500000300736,영일고교,서울특별시 강서구 등촌로 51가길 26,서울특별시 강서구 등촌동 525,37.547367,126.861815,110,2007,기타,N,Y,,N,02-2600-4116,서울특별시 강서구청,2026-05-19,,2026-05-21 22:27:55,2026-05-20 14:25:15
3150000,202631500000300737,염창동 청소년공부방,서울특별시 강서구 양천로 691-3,서울특별시 강서구 염창동 249-15,37.550535,126.873099,10,2008,기타,N,N,,N,02-2600-4116,서울특별시 강서구청,2026-05-19,,2026-05-21 22:27:55,2026-05-20 14:25:15
3150000,202631500000300738,염경초교,서울특별시 강서구 양천로 69길49,서울특별시 강서구 염창동 79,37.554807,126.871257,20,2008,기타,N,N,,N,02-2600-4116,서울특별시 강서구청,2026-05-19,,2026-05-21 22:27:55,2026-05-20 14:25:15
3150000,202631500000300689,송정역 1번출구,서울특별시 강서구 공항대로 28,,37.561103,126.810274,21,2001,기타,N,N,,N,02-2600-4116,서울특별시 강서구청,2026-05-19,,2026-05-21 22:27:55,2026-05-20 14:25:15
3150000,202631500000300690,송정역 2번출구,서울특별시 강서구 공항대로 43,,37.561455,126.812149,7,2001,거치형,N,N,,N,02-2600-4116,서울특별시 강서구청,2026-05-19,,2026-05-21 22:27:55,2026-05-20 14:25:15
3150000,202631500000300691,송정역 4번출구,서울특별시 강서구 공항대로 38,,37.560915,126.811572,10,2001,휀스형,N,N,,N,02-2600-4116,서울특별시 강서구청,2026-05-19,,2026-05-21 22:27:55,2026-05-20 14:25:15
3150000,202631500000300692,송정역 1번출구,서울특별시 강서구 공항대로 28,,37.561103,126.810274,14,2001,휀스형,N,N,,N,02-2600-4116,서울특별시 강서구청,2026-05-19,,2026-05-21 22:27:55,2026-05-20 14:25:15
3150000,202631500000300967,개화역1번출구,서울특별시 강서구 개화동로8길 19,서울특별시 강서구 개화동 664 개화역,37.577886,126.798211,21,2021,기타,N,N,,N,02-2600-4116,서울특별시 강서구청,2026-05-19,,2026-05-21 22:27:58,2026-05-20 14:25:17
3150000,202631500000300827,덕원여자고등학교,서울특별시 강서구 강서로45길 91-44,서울특별시 강서구 내발산동 산59-2,37.548511,126.829011,20,2011,기타,N,Y,,N,02-2600-4116,서울특별시 강서구청,2026-05-19,,2026-05-21 22:27:57,2026-05-20 14:25:16
3150000,202631500000300828,공항중학교,서울특별시 강서구 방화대로 241,서울특별시 강서구 공항동 12-3,37.562472,126.81532,30,2011,기타,N,Y,,N,02-2600-4116,서울특별시 강서구청,2026-05-19,,2026-05-21 22:27:57,2026-05-20 14:25:16
3150000,202631500000300829,공항고교,서울특별시 강서구 개화동로 495,서울특별시 강서구 방화동 648-1,37.569293,126.806325,50,2011,기타,N,Y,,N,02-2600-4116,서울특별시 강서구청,2026-05-19,,2026-05-21 22:27:57,2026-05-20 14:25:16
3150000,202631500000300830,강서운전면허시험장,서울특별시 강서구 남부순환로 171,서울특별시 강서구 외발산동 425,37.550179,126.821824,20,2011,기타,N,Y,,N,02-2600-4116,서울특별시 강서구청,2026-05-19,,2026-05-21 22:27:57,2026-05-20 14:25:16
3150000,202631500000300831,강서공업고등학교,서울특별시 강서구 방화대로47길 9,서울특별시 강서구 방화동 834,37.5755,126.816021,10,2011,기타,N,Y,,N,02-2600-4116,서울특별시 강서구청,2026-05-19,,2026-05-21 22:27:57,2026-05-20 14:25:16
3150000,202631500000300832,송정역 3번출구,서울특별시 강서구 공항대로44,,37.560896,126.812052,25,2011,거치형,N,Y,,N,02-2600-4116,서울특별시 강서구청,2026-05-19,,2026-05-21 22:27:57,2026-05-20 14:25:16
3150000,202631500000300833,까치산역 3번출구,서울특별시 강서구 강서로 52,,37.532453,126.846683,50,2011,거치형,N,N,,N,02-2600-4116,서울특별시 강서구청,2026-05-19,,2026-05-21 22:27:57,2026-05-20 14:25:16
3150000,202631500000300834,까치산역 1번출구,서울특별시 강서구 강서로 52,,37.53248,126.846683,5,2011,거치형,N,N,,N,02-2600-4116,서울특별시 강서구청,2026-05-19,,2026-05-21 22:27:57,2026-05-20 14:25:16
3150000,202631500000300835,경복비지니스고,서울특별시 강서구 화곡로 379,서울특별시 강서구 등촌동 131,37.558097,126.85267,10,2011,거치형,N,Y,,N,02-2600-4116,서울특별시 강서구청,2026-05-19,,2026-05-21 22:27:57,2026-05-20 14:25:16
3150000,202631500000300836,가양역 10번출구,서울특별시 강서구 양천로64,,37.562054,126.850718,25,2011,거치형,N,N,,N,02-2600-4116,서울특별시 강서구청,2026-05-19,,2026-05-21 22:27:57,2026-05-20 14:25:16
3150000,202631500000300837,홈플러스 가양점,서울특별시 강서구 양천로 431,서울특별시 강서구 가양동 18-24,37.564278,126.849942,42,2011,휀스형,N,Y,,N,02-2600-4116,서울특별시 강서구청,2026-05-19,,2026-05-21 22:27:57,2026-05-20 14:25:16
3150000,202631500000300838,방화중학교,서울특별시 강서구 개화동로27길 9,서울특별시 강서구 방화동 636-1,37.565107,126.806878,62,2011,휀스형,N,Y,,N,02-2600-4116,서울특별시 강서구청,2026-05-19,,2026-05-21 22:27:57,2026-05-20 14:25:16
3150000,202631500000300968,공항중학교,서울특별시 강서구 방화대로 241,서울특별시 강서구 공항동 12-3,37.562178,126.814967,40,2021,기타,N,N,,N,02-2600-4116,서울특별시 강서구청,2026-05-19,,2026-05-21 22:27:58,2026-05-20 14:25:17
3150000,202631500000300969,송정중학교 앞,서울특별시 강서구 남부순환로 121,서울특별시 강서구 공항동 768-1,37.553158,126.815244,17,2021,기타,N,N,,N,02-2600-4116,서울특별시 강서구청,2026-05-19,,2026-05-21 22:27:58,2026-05-20 14:25:17
3150000,202631500000300970,마곡수명산파크7단지-1,,서울특별시 강서구 내발산동 754-4,37.549252,126.823197,10,2021,기타,N,N,,N,02-2600-4116,서울특별시 강서구청,2026-05-19,,2026-05-21 22:27:58,2026-05-20 14:25:17
3150000,202631500000300971,마곡수명산파크7단지-2,,서울특별시 강서구 내발산동 754-4,37.549396,126.82295,10,2021,기타,N,N,,N,02-2600-4116,서울특별시 강서구청,2026-05-19,,2026-05-21 22:27:58,2026-05-20 14:25:17
3150000,202631500000300972,마곡수명산파크4단지 411동 앞,서울특별시 강서구 수명로1길 16,,37.552048,126.822561,10,2021,기타,N,N,,N,02-2600-4116,서울특별시 강서구청,2026-05-19,,2026-05-21 22:27:58,2026-05-20 14:25:17
3150000,202631500000300973,수명산파크 상가,서울특별시 강서구 수명로 72,,37.552409,126.826125,18,2021,기타,N,N,,N,02-2600-4116,서울특별시 강서구청,2026-05-19,,2026-05-21 22:27:58,2026-05-20 14:25:17
3150000,202631500000300839,홈플러스 가양점,서울특별시 강서구 양천로 431,서울특별시 강서구 가양동 18-24,37.564278,126.849942,30,2011,기타,N,Y,,N,02-2600-4116,서울특별시 강서구청,2026-05-19,,2026-05-21 22:27:57,2026-05-20 14:25:16
3150000,202631500000300840,한국건강관리협회,서울특별시 강서구 화곡로 335,서울특별시 강서구 화곡동 1097,37.553822,126.850654,10,2011,기타,N,N,,N,02-2600-4116,서울특별시 강서구청,2026-05-19,,2026-05-21 22:27:57,2026-05-20 14:25:16
3150000,202631500000300842,메이필드호텔전문학교,서울특별시 강서구 방화대로 96,서울특별시 강서구 외발산동 276-36,37.548916,126.817299,20,2012,기타,N,Y,,N,02-2600-4116,서울특별시 강서구청,2026-05-19,,2026-05-21 22:27:57,2026-05-20 14:25:16
3150000,202631500000300843,대일고등학교,서울특별시 강서구 등촌로 105,서울특별시 강서구 등촌동 563-2,37.539453,126.863284,100,2012,기타,N,Y,,N,02-2600-4116,서울특별시 강서구청,2026-05-19,,2026-05-21 22:27:57,2026-05-20 14:25:16
3150000,202631500000300844,KBS스포츠월드,서울특별시 강서구 공항대로 376,서울특별시 강서구 화곡동 1093-76,37.55678,126.847609,30,2012,기타,N,Y,,N,02-2600-4116,서울특별시 강서구청,2026-05-19,,2026-05-21 22:27:57,2026-05-20 14:25:16
3150000,202631500000300841,염창중학교,서울특별시 강서구 양천로67가길 83,서울특별시 강서구 염창동 85,37.553922,126.871738,30,2012,기타,Y,Y,,N,02-2600-4116,서울특별시 강서구청,2026-05-19,,2026-05-21 22:27:57,2026-05-20 14:25:16
3150000,202631500000300974,강서힐스테이트 상가 앞,서울특별시 강서구 강서로 242,,37.547385,126.836763,7,2021,기타,N,N,,N,02-2600-4116,서울특별시 강서구청,2026-05-19,,2026-05-21 22:27:58,2026-05-20 14:25:17
3150000,202631500000300975,강서NC백화점,서울특별시 강서구 강서로56길 17,,37.559934,126.840499,37,2021,기타,N,N,,N,02-2600-4116,서울특별시 강서구청,2026-05-19,,2026-05-21 22:27:58,2026-05-20 14:25:17
3150000,202631500000300977,마곡엠밸리1405동 맞은편,,서울특별시 강서구 마곡동 798-22,37.558295,126.824854,40,2021,기타,N,N,,N,02-2600-4116,서울특별시 강서구청,2026-05-19,,2026-05-21 22:27:58,2026-05-20 14:25:17
3150000,202631500000300978,삼정초등학교 내,서울특별시 강서구 금낭화로 222,,37.580443,126.810844,20,2021,기타,N,N,,N,02-2600-4116,서울특별시 강서구청,2026-05-19,,2026-05-21 22:27:58,2026-05-20 14:25:17
3150000,202631500000300979,방화강서8기동단,서울특별시 강서구 방화대로34길 65,,37.570498,126.820037,20,2021,기타,N,N,,N,02-2600-4116,서울특별시 강서구청,2026-05-19,,2026-05-21 22:27:58,2026-05-20 14:25:17
3150000,202631500000300976,가양초교 정문 앞,서울특별시 강서구 허준로 186,,37.561975,126.859297,10,2021,기타,N,N,,N,02-2600-4116,서울특별시 강서구청,2026-05-19,,2026-05-21 22:27:58,2026-05-20 14:25:17
3150000,202631500000300845,화곡중고등학교,서울특별시 강서구 강서로 45길69,서울특별시 강서구 내발산동 산48-3,37.548051,126.831698,23,2012,거치형,N,N,,N,02-2600-4116,서울특별시 강서구청,2026-05-19,,2026-05-21 22:27:57,2026-05-20 14:25:16
3150000,202631500000300846,염창역 2번출구,서울특별시 강서구 공항대로 629,,37.547206,126.874851,8,2012,거치형,N,Y,,N,02-2600-4116,서울특별시 강서구청,2026-05-19,,2026-05-21 22:27:57,2026-05-20 14:25:16
3150000,202631500000300847,양천향교역 2번출구,서울특별시 강서구 강서로489,,37.56917,126.841043,7,2012,거치형,N,N,,N,02-2600-4116,서울특별시 강서구청,2026-05-19,,2026-05-21 22:27:57,2026-05-20 14:25:16
3150000,202631500000300980,가양역 롯데시네마,서울특별시 강서구 양천로 476,서울특별시 강서구 등촌동 73-1,37.5616,126.853272,10,2021,기타,N,N,,N,02-2600-4116,서울특별시 강서구청,2026-05-19,,2026-05-21 22:27:58,2026-05-20 14:25:17
3150000,202631500000300982,마곡나루역,서울특별시 강서구 마곡중앙5로 지하2(마곡동),서울특별시 강서구 마곡동 767-2,37.566793,126.827518,30,2022,기타,N,N,,N,02-2600-4116,서울특별시 강서구청,2026-05-19,,2026-05-21 22:27:58,2026-05-20 14:25:17
3150000,202631500000300981,마곡엠밸리1202동 앞,서울특별시 강서구 공항대로 140,,37.558571,126.822423,20,2021,기타,N,N,,N,02-2600-4116,서울특별시 강서구청,2026-05-19,,2026-05-21 22:27:58,2026-05-20 14:25:17
3150000,202631500000300848,동양고등학교,서울특별시 강서구 허준로 50,서울특별시 강서구 가양동 1464,37.568759,126.847084,40,2012,거치형,N,Y,,N,02-2600-4116,서울특별시 강서구청,2026-05-19,,2026-05-21 22:27:57,2026-05-20 14:25:16
3150000,202631500000300849,경복여자고등학교,서울특별시 강서구 화곡로63길 40,서울특별시 강서구 등촌동 131,37.557821,126.850597,20,2012,거치형,N,N,,N,02-2600-4116,서울특별시 강서구청,2026-05-19,,2026-05-21 22:27:57,2026-05-20 14:25:16
3150000,202631500000300850,가양역 3번출구,서울특별시 강서구 화곡로429,,37.561471,126.855056,10,2012,거치형,N,N,,N,02-2600-4116,서울특별시 강서구청,2026-05-19,,2026-05-21 22:27:57,2026-05-20 14:25:16
3150000,202631500000300851,가양역 10번출구,서울특별시 강서구 양천로64,,37.562054,126.850718,5,2012,거치형,N,Y,,N,02-2600-4116,서울특별시 강서구청,2026-05-19,,2026-05-21 22:27:57,2026-05-20 14:25:16
3150000,202631500000300852,송정초교,서울특별시 강서구 공항대로3길 18,서울특별시 강서구 공항동 22-16,37.562759,126.811031,40,2013,기타,N,N,,N,02-2600-4116,서울특별시 강서구청,2026-05-19,,2026-05-21 22:27:57,2026-05-20 14:25:16
3150000,202631500000300853,발산지구 육교밑,서울특별시 강서구 수명로 749,,37.556621,126.812654,20,2013,기타,N,N,,N,02-2600-4116,서울특별시 강서구청,2026-05-19,,2026-05-21 22:27:57,2026-05-20 14:25:16
3150000,202631500000300854,공암나루근린공원,서울특별시 강서구 강서로80길 117,서울특별시 강서구 가양동 1459-9,37.570635,126.849087,30,2013,기타,N,N,,N,02-2600-4116,서울특별시 강서구청,2026-05-19,,2026-05-21 22:27:57,2026-05-20 14:25:16
3150000,202631500000300865,kt 공항지사,서울특별시 강서구 공항대로 69,서울특별시 강서구 공항동 11-10,37.561399,126.815268,5,2013,거치형,N,N,,N,02-2600-4116,서울특별시 강서구청,2026-05-19,,2026-05-21 22:27:57,2026-05-20 14:25:16
3150000,202631500000300866,염창동 삼성프라자앞,,서울특별시 강서구 염창동 277-1,37.549122,126.869033,20,2013,단독형,N,N,,N,02-2600-4116,서울특별시 강서구청,2026-05-19,,2026-05-21 22:27:57,2026-05-20 14:25:16
3150000,202631500000300867,방화1동 하나은행앞,서울특별시 강서구 양천로 108 은천빌딩A,서울특별시 강서구 방화동 282-1 은천빌딩A,37.573147,126.798198,10,2013,단독형,N,N,,N,02-2600-4116,서울특별시 강서구청,2026-05-19,,2026-05-21 22:27:57,2026-05-20 14:25:16
3150000,202631500000300868,등촌2동 대일고교앞,서울특별시 강서구 등촌로 105,서울특별시 강서구 등촌동 563-2,37.539453,126.863284,10,2013,단독형,N,N,,N,02-2600-4116,서울특별시 강서구청,2026-05-19,,2026-05-21 22:27:57,2026-05-20 14:25:16
3150000,202631500000300869,등빛도서관,서울특별시 강서구 강서로62길 48,서울특별시 강서구 등촌동 690-1,37.562356,126.842241,10,2013,단독형,N,N,,N,02-2600-4116,서울특별시 강서구청,2026-05-19,,2026-05-21 22:27:57,2026-05-20 14:25:16
3150000,202631500000300870,가양1동 성재중학교앞보도,서울특별시 강서구 허준로36,서울특별시 강서구 가양동 1463,37.56923,126.845293,60,2013,단독형,N,N,,N,02-2600-4116,서울특별시 강서구청,2026-05-19,,2026-05-21 22:27:57,2026-05-20 14:25:16
3150000,202631500000300871,수명산 작은도서관,서울특별시 강서구 수명로1길 131,서울특별시 강서구 내발산동 740,37.554084,126.825228,20,2014,기타,N,Y,,N,02-2600-4116,서울특별시 강서구청,2026-05-19,,2026-05-21 22:27:57,2026-05-20 14:25:16
3150000,202631500000300872,삼정중학교,서울특별시 강서구 금낭화로 210,서울특별시 강서구 방화동 856,37.581086,126.810885,30,2014,기타,N,Y,,N,02-2600-4116,서울특별시 강서구청,2026-05-19,,2026-05-21 22:27:57,2026-05-20 14:25:16
3150000,202631500000300873,방화역 2번출구,서울특별시 강서구 금낭화로11,,37.577335,126.811652,10,2014,기타,N,N,,N,02-2600-4116,서울특별시 강서구청,2026-05-19,,2026-05-21 22:27:57,2026-05-20 14:25:16
3150000,202631500000300874,등촌역 비원빌딩앞,서울특별시 강서구 공항대로 525,서울특별시 강서구 등촌동 648-6,37.55153,126.865085,10,2014,기타,N,N,,N,02-2600-4116,서울특별시 강서구청,2026-05-19,,2026-05-21 22:27:57,2026-05-20 14:25:16
3150000,202631500000300875,동양공업고등학교,서울특별시 강서구 허준로 50,서울특별시 강서구 가양동 1464,37.568759,126.847084,40,2014,기타,N,N,,N,02-2600-4116,서울특별시 강서구청,2026-05-19,,2026-05-21 22:27:57,2026-05-20 14:25:16
3150000,202631500000300876,가양역 1번출구,서울특별시 강서구 양천로 9,,37.573005,126.804881,10,2014,기타,N,N,,N,02-2600-4116,서울특별시 강서구청,2026-05-19,,2026-05-21 22:27:57,2026-05-20 14:25:16
3150000,202631500000300878,염창동 우림블루라인,서울특별시 강서구 양천로 240,,37.557057,126.862164,20,2014,거치형,N,N,,N,02-2600-4116,서울특별시 강서구청,2026-05-19,,2026-05-21 22:27:57,2026-05-20 14:25:16
3150000,202631500000300877,5602부대,서울특별시 강서구 남부순환로 245-13,,37.545904,126.820488,117,2014,기타,N,Y,,N,02-2600-4116,서울특별시 강서구청,2026-05-19,,2026-05-21 22:27:57,2026-05-20 14:25:16
3150000,202631500000300879,한서고교,서울특별시 강서구 양천로11길 47,서울특별시 강서구 방화동 478-34,37.574602,126.80816,20,2014,기타,N,Y,,N,02-2600-4116,서울특별시 강서구청,2026-05-19,,2026-05-21 22:27:57,2026-05-20 14:25:16
3150000,202631500000300880,한국폴리텍 강서대학,서울특별시 강서구 우장산로10길 112,서울특별시 강서구 화곡동 산60-1,37.549243,126.842444,20,2014,기타,N,Y,,N,02-2600-4116,서울특별시 강서구청,2026-05-19,,2026-05-21 22:27:57,2026-05-20 14:25:16
3150000,202631500000300881,수명고교,서울특별시 강서구 수명로2길 15,서울특별시 강서구 내발산동 758,37.549701,126.824269,60,2015,기타,N,Y,,N,02-2600-4116,서울특별시 강서구청,2026-05-19,,2026-05-21 22:27:57,2026-05-20 14:25:16
3150000,202631500000300882,성진빌딩㈜,서울특별시 강서구 강서로 308,,37.553094,126.836787,10,2015,기타,N,N,,N,02-2600-4116,서울특별시 강서구청,2026-05-19,,2026-05-21 22:27:57,2026-05-20 14:25:16
3150000,202631500000300883,마곡레포츠센터,서울특별시 강서구 양천로 251,서울특별시 강서구 마곡동 56-22,37.573147,126.831681,30,2015,기타,N,Y,,N,02-2600-4116,서울특별시 강서구청,2026-05-19,,2026-05-21 22:27:57,2026-05-20 14:25:16
3150000,202631500000300884,강서운전면허시험장,서울특별시 강서구 남부순환로 171,서울특별시 강서구 외발산동 425,37.550179,126.821824,100,2015,기타,N,Y,,N,02-2600-4116,서울특별시 강서구청,2026-05-19,,2026-05-21 22:27:57,2026-05-20 14:25:16
3150000,202631500000300783,방화1동 주민센타,서울특별시 강서구 방화동로 124-1,서울특별시 강서구 방화동 567-35,37.571508,126.812203,12,2009,거치형,N,N,,N,02-2600-4116,서울특별시 강서구청,2026-05-19,,2026-05-21 22:27:57,2026-05-20 14:25:15
3150000,202631500000300784,발산역 6번출구,서울특별시 강서구 강서로 280,,37.558098,126.837201,33,2009,거치형,N,N,,N,02-2600-4116,서울특별시 강서구청,2026-05-19,,2026-05-21 22:27:57,2026-05-20 14:25:15
3150000,202631500000300785,발산역 5번출구,서울특별시 강서구 공항대로 282,,37.558036,126.838679,34,2009,거치형,N,N,,N,02-2600-4116,서울특별시 강서구청,2026-05-19,,2026-05-21 22:27:57,2026-05-20 14:25:15
3150000,202631500000300786,발산역 4번출구,서울특별시 강서구 공항대로 673,,37.558923,126.836895,45,2009,거치형,N,N,,N,02-2600-4116,서울특별시 강서구청,2026-05-19,,2026-05-21 22:27:57,2026-05-20 14:25:15
3150000,202631500000300808,가양역 10번출구,서울특별시 강서구 양천로 64,,37.562054,126.850718,20,2010,기타,N,N,,N,02-2600-4116,서울특별시 강서구청,2026-05-19,,2026-05-21 22:27:57,2026-05-20 14:25:16
3150000,202631500000300810,강서운전면허시험장,서울특별시 강서구 남부순환로 171,서울특별시 강서구 외발산동 425,37.550179,126.821824,40,2010,기타,N,Y,,N,02-2600-4116,서울특별시 강서구청,2026-05-19,,2026-05-21 22:27:57,2026-05-20 14:25:16
3150000,202631500000300815,화곡보건분소,서울특별시 강서구 월정로30길 96,서울특별시 강서구 화곡동 366-1,37.535457,126.841087,20,2010,휀스형,N,N,,N,02-2600-4116,서울특별시 강서구청,2026-05-19,,2026-05-21 22:27:57,2026-05-20 14:25:16
3150000,202631500000300816,까치산역 1번출구,서울특별시 강서구 강서로 52,,37.53248,126.846683,10,2010,휀스형,N,Y,,N,02-2600-4116,서울특별시 강서구청,2026-05-19,,2026-05-21 22:27:57,2026-05-20 14:25:16
3150000,202631500000300817,강서우체국,서울특별시 강서구 강서로 448,서울특별시 강서구 등촌동 681,37.565163,126.840999,20,2010,휀스형,N,Y,,N,02-2600-4116,서울특별시 강서구청,2026-05-19,,2026-05-21 22:27:57,2026-05-20 14:25:16
3150000,202631500000300818,화곡역 8번출구,서울특별시 강서구 강서로 173,서울특별시 강서구 화곡동 1065-22,37.541872,126.839613,20,2010,기타,N,N,,N,02-2600-4116,서울특별시 강서구청,2026-05-19,,2026-05-21 22:27:57,2026-05-20 14:25:16
3150000,202631500000300798,신방화역 3번출구,서울특별시 강서구 방화대로34길 2,,37.568283,126.817466,27,2010,기타,N,N,,N,02-2600-4116,서울특별시 강서구청,2026-05-19,,2026-05-21 22:27:57,2026-05-20 14:25:16
3150000,202631500000300799,방화역 1번출구,서울특별시 강서구 금낭화로136,,37.577303,126.812984,9,2010,기타,N,N,,N,02-2600-4116,서울특별시 강서구청,2026-05-19,,2026-05-21 22:27:57,2026-05-20 14:25:16
3150000,202631500000300782,화곡2동 주민자치센타,서울특별시 강서구 곰달래로37길 13,서울특별시 강서구 화곡동 860-4,37.531791,126.854481,10,2009,거치형,N,N,,N,02-2600-4116,서울특별시 강서구청,2026-05-19,,2026-05-21 22:27:57,2026-05-20 14:25:15
3150000,202631500000300763,신방화역 6번출구,서울특별시 강서구 방화대로,,37.567002,126.815651,20,2009,기타,N,Y,,N,02-2600-4116,서울특별시 강서구청,2026-05-19,,2026-05-21 22:27:57,2026-05-20 14:25:15
3150000,202631500000300764,신방화역 3번출구,서울특별시 강서구 방화대로,,37.567984,126.815689,30,2009,기타,N,N,,N,02-2600-4116,서울특별시 강서구청,2026-05-19,,2026-05-21 22:27:57,2026-05-20 14:25:15
3150000,202631500000300765,신방화역 2번출구,서울특별시 강서구 초원로 201,,37.567589,126.815169,10,2009,기타,N,N,,N,02-2600-4116,서울특별시 강서구청,2026-05-19,,2026-05-21 22:27:57,2026-05-20 14:25:15
3150000,202631500000300766,신방화역 1번출구,서울특별시 강서구 초원로 21,,37.567972,126.815754,10,2009,기타,N,N,,N,02-2600-4116,서울특별시 강서구청,2026-05-19,,2026-05-21 22:27:57,2026-05-20 14:25:15
3150000,202631500000300767,수명산파크 상가앞,서울특별시 강서구 수명로2길 105,서울특별시 강서구 내발산동 749,37.552078,126.827186,40,2009,기타,N,N,,N,02-2600-4116,서울특별시 강서구청,2026-05-19,,2026-05-21 22:27:57,2026-05-20 14:25:15
3150000,202631500000300773,강서경찰서,서울특별시 강서구 강서로7길 39,서울특별시 강서구 화곡동 901-14,37.529369,126.845517,20,2009,기타,N,N,,N,02-2600-4116,서울특별시 강서구청,2026-05-19,,2026-05-21 22:27:57,2026-05-20 14:25:15
3150000,202631500000300774,가양역 9번출구,서울특별시 강서구 양천로 485,,37.561556,126.854388,10,2009,기타,N,Y,,N,02-2600-4116,서울특별시 강서구청,2026-05-19,,2026-05-21 22:27:57,2026-05-20 14:25:15
3150000,202631500000300775,가양역 7번출구,서울특별시 강서구 화곡로420,,37.560494,126.85513,10,2009,기타,N,N,,N,02-2600-4116,서울특별시 강서구청,2026-05-19,,2026-05-21 22:27:57,2026-05-20 14:25:15
3150000,202631500000300776,가양역 6번출구,서울특별시 강서구 양천로 500,,37.560502,126.855524,10,2009,기타,N,N,,N,02-2600-4116,서울특별시 강서구청,2026-05-19,,2026-05-21 22:27:57,2026-05-20 14:25:15
3150000,202631500000300777,가양역 4번출구,서울특별시 강서구 강서로 18,,37.561471,126.853258,30,2009,기타,N,Y,,N,02-2600-4116,서울특별시 강서구청,2026-05-19,,2026-05-21 22:27:57,2026-05-20 14:25:15
3150000,202631500000300778,가양역 2번출구,서울특별시 강서구 양천로 489,,37.562252,126.854076,7,2009,기타,N,N,,N,02-2600-4116,서울특별시 강서구청,2026-05-19,,2026-05-21 22:27:57,2026-05-20 14:25:15
3150000,202631500000300779,가양역 1번출구,서울특별시 강서구 양천로 9,,37.573005,126.804881,10,2009,기타,N,N,,N,02-2600-4116,서울특별시 강서구청,2026-05-19,,2026-05-21 22:27:57,2026-05-20 14:25:15
3150000,202631500000300780,가양2동 주민센타,서울특별시 강서구 허준로 93,서울특별시 강서구 가양동 1472-4,37.56737,126.851244,30,2009,기타,N,Y,,N,02-2600-4116,서울특별시 강서구청,2026-05-19,,2026-05-21 22:27:57,2026-05-20 14:25:15
3150000,202631500000300768,등촌역 8번출구,서울특별시 강서구 공항대로516,,37.55127,126.863424,30,2009,기타,N,N,,N,02-2600-4116,서울특별시 강서구청,2026-05-19,,2026-05-21 22:27:57,2026-05-20 14:25:15
3150000,202631500000300769,등촌역 2번출구,서울특별시 강서구 공항대로 525,,37.55153,126.865085,10,2009,기타,N,N,,N,02-2600-4116,서울특별시 강서구청,2026-05-19,,2026-05-21 22:27:57,2026-05-20 14:25:15
3150000,202631500000300770,등촌고교,서울특별시 강서구 공항대로39길 115,서울특별시 강서구 등촌동 691-2,37.562594,126.845016,40,2009,기타,N,Y,,N,02-2600-4116,서울특별시 강서구청,2026-05-19,,2026-05-21 22:27:57,2026-05-20 14:25:15
3150000,202631500000300771,강서소방서,서울특별시 강서구 양천로 550,서울특별시 강서구 등촌동 630-2,37.558047,126.859967,20,2009,기타,N,N,,N,02-2600-4116,서울특별시 강서구청,2026-05-19,,2026-05-21 22:27:57,2026-05-20 14:25:15
3150000,202631500000300772,강서면허시험장옆,서울특별시 강서구 남부순환로 171,서울특별시 강서구 외발산동 425,37.550179,126.821824,20,2009,기타,N,N,,N,02-2600-4116,서울특별시 강서구청,2026-05-19,,2026-05-21 22:27:57,2026-05-20 14:25:15
3150000,202631500000300761,신방화역 8번출구,서울특별시 강서구 초원로 247,,37.567422,126.814804,20,2009,기타,N,N,,N,02-2600-4116,서울특별시 강서구청,2026-05-19,,2026-05-21 22:27:57,2026-05-20 14:25:15
3150000,202631500000300762,신방화역 7번출구,서울특별시 강서구 방화대로 757,,37.56701,126.815308,20,2009,기타,N,N,,N,02-2600-4116,서울특별시 강서구청,2026-05-19,,2026-05-21 22:27:57,2026-05-20 14:25:15
3150000,202631500000300781,경복비지니스고,서울특별시 강서구 화곡로 379,서울특별시 강서구 등촌동 131,37.558097,126.85267,40,2009,거치형,N,Y,,N,02-2600-4116,서울특별시 강서구청,2026-05-19,,2026-05-21 22:27:57,2026-05-20 14:25:15
3150000,202631500000300819,화곡역 1번출구,서울특별시 강서구 화곡로174,서울특별시 강서구 화곡동 1064-4,37.542007,126.840739,30,2010,기타,N,N,,N,02-2600-4116,서울특별시 강서구청,2026-05-19,,2026-05-21 22:27:57,2026-05-20 14:25:16
3150000,202631500000300820,화곡3동 주민센터,서울특별시 강서구 강서로33가길 17,서울특별시 강서구 화곡동 1050-3,37.542486,126.83841,20,2010,기타,N,N,,N,02-2600-4116,서울특별시 강서구청,2026-05-19,,2026-05-21 22:27:57,2026-05-20 14:25:16
3150000,202631500000300758,양천향교역 6번출구,서울특별시 강서구 강서로350-3,,37.567962,126.840194,10,2009,기타,N,Y,,N,02-2600-4116,서울특별시 강서구청,2026-05-19,,2026-05-21 22:27:57,2026-05-20 14:25:15
3150000,202631500000300759,양천향교역 3번출구,서울특별시 강서구 강서로490,,37.568847,126.84213,10,2009,기타,N,N,,N,02-2600-4116,서울특별시 강서구청,2026-05-19,,2026-05-21 22:27:57,2026-05-20 14:25:15
3150000,202631500000300760,양천향교역 1번출구,서울특별시 강서구 양천로 179,,37.568864,126.839594,10,2009,기타,N,N,,N,02-2600-4116,서울특별시 강서구청,2026-05-19,,2026-05-21 22:27:57,2026-05-20 14:25:15
3150000,202631500000300789,정림개발(메이필드호텔내),서울특별시 강서구 방화대로 94,서울특별시 강서구 외발산동 426,37.547525,126.818789,14,2009,휀스형,N,Y,,N,02-2600-4116,서울특별시 강서구청,2026-05-19,,2026-05-21 22:27:57,2026-05-20 14:25:15
3150000,202631500000300804,마곡역,서울특별시 강서구 공항대로,서울특별시 강서구 마곡동 769-3,37.560197,126.825548,18,2010,기타,N,Y,,N,02-2600-4116,서울특별시 강서구청,2026-05-19,,2026-05-21 22:27:57,2026-05-20 14:25:16
3150000,202631500000300800,신방화역 2번출구,서울특별시 강서구 방화대로303,,37.567792,126.815999,9,2010,기타,N,N,,N,02-2600-4116,서울특별시 강서구청,2026-05-19,,2026-05-21 22:27:57,2026-05-20 14:25:16
3150000,202631500000300801,수명초교,서울특별시 강서구 수명로1길 84,서울특별시 강서구 내발산동 752,37.552774,126.823881,30,2010,기타,N,N,,N,02-2600-4116,서울특별시 강서구청,2026-05-19,,2026-05-21 22:27:57,2026-05-20 14:25:16
3150000,202631500000300802,수명고교,서울특별시 강서구 수명로2길 15,서울특별시 강서구 내발산동 758,37.549701,126.824269,20,2010,기타,N,Y,,N,02-2600-4116,서울특별시 강서구청,2026-05-19,,2026-05-21 22:27:57,2026-05-20 14:25:16
3150000,202631500000300803,명덕여고,서울특별시 강서구 강서로47길 34-10,서울특별시 강서구 내발산동 169-1,37.553601,126.834731,30,2010,기타,N,Y,,N,02-2600-4116,서울특별시 강서구청,2026-05-19,,2026-05-21 22:27:57,2026-05-20 14:25:16
3150000,202631500000300790,발산역7번출구,서울특별시 강서구 강서로272,,37.558145,126.836799,117,2009,휀스형,N,N,,N,02-2600-4116,서울특별시 강서구청,2026-05-19,,2026-05-21 22:27:57,2026-05-20 14:25:15
3150000,202631500000300791,발산역 4번출구,서울특별시 강서구 공항대로 673,,37.558923,126.836895,30,2009,휀스형,N,N,,N,02-2600-4116,서울특별시 강서구청,2026-05-19,,2026-05-21 22:27:57,2026-05-20 14:25:15
3150000,202631500000300792,발산역 2번출구,서울특별시 강서구 강서로1453,,37.558953,126.837072,63,2009,휀스형,N,N,,N,02-2600-4116,서울특별시 강서구청,2026-05-19,,2026-05-21 22:27:57,2026-05-20 14:25:15
3150000,202631500000300793,화곡8동 주민센타,서울특별시 강서구 곰달래로25길 45,서울특별시 강서구 화곡동 341-4,37.53268,126.848321,10,2009,기타,N,N,,N,02-2600-4116,서울특별시 강서구청,2026-05-19,,2026-05-21 22:27:57,2026-05-20 14:25:15
3150000,202631500000300794,증미역 3번출구,서울특별시 강서구 양천로631,,37.55736,126.860686,20,2009,기타,N,N,,N,02-2600-4116,서울특별시 강서구청,2026-05-19,,2026-05-21 22:27:57,2026-05-20 14:25:15
3150000,202631500000300795,증미역 1번출구,서울특별시 강서구 양천로 449,,37.557946,126.859045,40,2009,기타,N,Y,,N,02-2600-4116,서울특별시 강서구청,2026-05-19,,2026-05-21 22:27:57,2026-05-20 14:25:16
3150000,202631500000300796,자전거연합회,,서울특별시 강서구,37.559621,126.81021,20,2009,기타,N,N,,N,02-2600-4116,서울특별시 강서구청,2026-05-19,,2026-05-21 22:27:57,2026-05-20 14:25:16
3150000,202631500000300797,신방화역 8번출구,서울특별시 강서구 초원로194,,37.567422,126.814804,9,2010,기타,N,N,,N,02-2600-4116,서울특별시 강서구청,2026-05-19,,2026-05-21 22:27:57,2026-05-20 14:25:16
3150000,202631500000300811,강서농산물도매시장,서울특별시 강서구 발산로 40,서울특별시 강서구 외발산동 427,37.554224,126.822061,30,2010,기타,N,Y,,N,02-2600-4116,서울특별시 강서구청,2026-05-19,,2026-05-21 22:27:57,2026-05-20 14:25:16
3150000,202631500000300812,강서기동대,서울특별시 강서구 화곡로 302,서울특별시 강서구 화곡동 980-16,37.550838,126.849812,20,2010,기타,N,N,,N,02-2600-4116,서울특별시 강서구청,2026-05-19,,2026-05-21 22:27:57,2026-05-20 14:25:16
3150000,202631500000300813,강서구민회관 앞,서울특별시 강서구 우장산로 66,서울특별시 강서구 내발산동 산19-1,37.553184,126.843615,9,2010,기타,N,N,,N,02-2600-4116,서울특별시 강서구청,2026-05-19,,2026-05-21 22:27:57,2026-05-20 14:25:16
3150000,202631500000300814,가양역 8번출구,서울특별시 강서구 화곡로 69길7,,37.560647,126.853708,9,2010,기타,N,N,,N,02-2600-4116,서울특별시 강서구청,2026-05-19,,2026-05-21 22:27:57,2026-05-20 14:25:16
3150000,202631500000300805,등촌역 7번출구,서울특별시 강서구 등촌로57길,,37.550828,126.862845,28,2010,기타,N,N,,N,02-2600-4116,서울특별시 강서구청,2026-05-19,,2026-05-21 22:27:57,2026-05-20 14:25:16
3150000,202631500000300806,등촌1동 주민센타,서울특별시 강서구 공항대로 53가길55,서울특별시 강서구 등촌동 642-1,37.555782,126.858903,10,2010,기타,N,N,,N,02-2600-4116,서울특별시 강서구청,2026-05-19,,2026-05-21 22:27:57,2026-05-20 14:25:16
3150000,202631500000300807,구의회,,서울특별시 강서구 등촌2동 512-1,37.546456,126.860121,9,2010,기타,N,N,,N,02-2600-4116,서울특별시 강서구청,2026-05-19,,2026-05-21 22:27:57,2026-05-20 14:25:16
3150000,202631500000300809,개화산역 1번출구,서울특별시 강서구 개화동로8길38,,37.580406,126.794962,30,2010,기타,N,N,,N,02-2600-4116,서울특별시 강서구청,2026-05-19,,2026-05-21 22:27:57,2026-05-20 14:25:16
3150000,202631500000300964,마곡역 4번 출구 뒤,서울특별시 강서구 공항대로 지하163,서울특별시 강서구 마곡동 769-3,37.560198,126.825548,25,2020,기타,N,N,,N,02-2600-4116,서울특별시 강서구청,2026-05-19,,2026-05-21 22:27:58,2026-05-20 14:25:17
3150000,202631500000300965,마곡역 5번 출구 뒤,서울특별시 강서구 공항대로 지하163,서울특별시 강서구 마곡동 769-3,37.560198,126.825548,22,2020,기타,N,N,,N,02-2600-4116,서울특별시 강서구청,2026-05-19,,2026-05-21 22:27:58,2026-05-20 14:25:17
3150000,202631500000300966,신방화역 6번출구 뒤,서울특별시 강서구 방화대로 지하301,서울특별시 강서구 방화동 217-156,37.567683,126.816525,16,2021,기타,N,N,,N,02-2600-4116,서울특별시 강서구청,2026-05-19,,2026-05-21 22:27:58,2026-05-20 14:25:17
3160000,202431600000300135,도림천역,서울특별시 구로구 경인로67길 160,,37.5144704,126.8826399,14,,,,N,,N,02-860-3246,서울특별시 구로구청,2024-07-31,I,2026-05-15 18:45:05,2024-08-20 13:43:19
3160000,202531600000300001,신성교회,"서울특별시 구로구 공원로8길 30, 신성교회 (구로동)",서울특별시 구로구 구로동 43 신성교회,37.503483,126.891024,6,2025,거치형,N,N,,N,02-860-2686,서울특별시 구로구,2025-08-12,I,2026-05-15 18:45:05,2025-11-05 16:24:40
3160000,202431600000300094,정진학교,서울특별시 구로구 부일로9길 158,,37.4978279,126.8226452,21,,,,N,,N,02-860-3205,서울특별시 구로구청,2024-07-31,I,2026-05-15 18:45:05,2024-08-20 13:43:19
3160000,202431600000300097,오류중학교,서울특별시 구로구 고척로27바길 19,,37.5075732,126.8466133,20,,,,N,,N,02-860-3208,서울특별시 구로구청,2024-07-31,I,2026-05-15 18:45:05,2024-08-20 13:43:19
3160000,202431600000300076,고척근린공원,서울특별시 구로구 고척로45길 39,,37.5066167,126.8533046,21,,,,N,,N,02-860-3187,서울특별시 구로구청,2024-07-31,I,2026-05-15 18:45:05,2024-08-20 13:43:19
3160000,202431600000300084,덕일전자공업고,서울특별시 구로구 서해안로21길 5-12,,37.4905347,126.8370373,40,,,,Y,기계식,N,02-860-3195,서울특별시 구로구청,2024-07-31,I,2026-05-15 18:45:05,2024-08-20 13:43:19
3160000,202431600000300141,구로2동 공동주차장,서울특별시 구로구 구로동로42길 48-4 (구로동),서울특별시 구로구 구로동 454-1,37.497705,126.883916,30,2024,거치형,Y,N,,N,02-860-2686,서울특별시 구로구,2024-11-25,I,2026-05-15 18:45:05,2025-11-05 16:50:36
3160000,202431600000300073,구로리공원,서울특별시 구로구 구로중앙로 13,,37.4908437,126.891605,10,,,,N,,N,02-860-3184,서울특별시 구로구청,2024-07-31,I,2026-05-15 18:45:05,2024-08-20 13:43:19
3160000,202431600000300111,구로2동 자치회관,서울특별시 구로구 구로동로50길 14-2,,37.4991922,126.8829382,5,,,,N,,N,02-860-3222,서울특별시 구로구청,2024-07-31,I,2026-05-15 18:45:05,2024-08-20 13:43:19
3160000,202431600000300075,미래사랑어린이공원,서울특별시 구로구 경인로 661,,37.509449,126.8877687,168,,,,Y,기계식,N,02-860-3186,서울특별시 구로구청,2024-07-31,I,2026-05-15 18:45:05,2024-08-20 13:43:19
3160000,202431600000300080,고척중학교,서울특별시 구로구 중앙로3길 20,,37.5003254,126.8621596,60,,,,Y,기계식,N,02-860-3191,서울특별시 구로구청,2024-07-31,I,2026-05-15 18:45:05,2024-08-20 13:43:19
3160000,202431600000300079,고척고등학교,서울특별시 구로구 중앙로15길 162,,37.508647,126.8507893,50,,,,Y,기계식,N,02-860-3190,서울특별시 구로구청,2024-07-31,I,2026-05-15 18:45:05,2024-08-20 13:43:19
3160000,202431600000300134,대림역,서울특별시 구로구 도림천로 351,,37.4932236,126.8951432,256,,,,Y,기계식,N,02-860-3245,서울특별시 구로구청,2024-07-31,I,2026-05-15 18:45:05,2024-08-20 13:43:19
3160000,202431600000300102,구로고등학교,서울특별시 구로구 가마산로27길 45,,37.4987608,126.8900247,122,,,,Y,기계식,N,02-860-3213,서울특별시 구로구청,2024-07-31,I,2026-05-15 18:45:05,2024-08-20 13:43:19
3160000,202431600000300072,고척근린시장,서울특별시 구로구 경인로33길 98-3,,37.5023896,126.8506638,5,,,,N,,N,02-860-3183,서울특별시 구로구청,2024-07-31,I,2026-05-15 18:45:05,2024-08-20 13:43:19
3160000,202431600000300128,서울개봉초교 앞,서울특별시 구로구 개봉로16길 30-11,,37.4897272,126.8583074,10,,,,N,,N,02-860-3239,서울특별시 구로구청,2024-07-31,I,2026-05-15 18:45:05,2024-08-20 13:43:19
3160000,202531600000300003,천왕동 청소년 문화의 집,"서울특별시 구로구 오리로 1115, 천왕동청소년문화의집 (천왕동)",서울특별시 구로구 천왕동 14 천왕동청소년문화의집,37.484093,126.840258,10,2025,단독형,N,N,,N,02-860-2686,서울특별시 구로구,2025-08-12,I,2026-05-15 18:45:05,2025-11-05 16:31:37
3160000,202431600000300085,구로여자정보고,서울특별시 구로구 오리로21길 2,,37.5000349,126.8274255,20,,,,N,,N,02-860-3196,서울특별시 구로구청,2024-07-31,I,2026-05-15 18:45:05,2024-08-20 13:43:19
3160000,202431600000300104,오류고등학교,서울특별시 구로구 오리로21길 2,,37.5002434,126.8281986,30,,,,Y,기계식,N,02-860-3215,서울특별시 구로구청,2024-07-31,I,2026-05-15 18:45:05,2024-08-20 13:43:19
3160000,202431600000300109,오류2동주민센터,서울특별시 구로구 오류로 45,,37.4888016,126.8395371,5,,,,N,,N,02-860-3220,서울특별시 구로구청,2024-07-31,I,2026-05-15 18:45:05,2024-08-20 13:43:19
3160000,202431600000300119,구로경찰서,서울특별시 구로구 가마산로 235,,37.4948934,126.8867298,30,,,,Y,기계식,N,02-860-3230,서울특별시 구로구청,2024-07-31,I,2026-05-15 18:45:05,2024-08-20 13:43:19
3160000,202431600000300074,구일소공원,서울특별시 구로구 구일로 90-51,,37.4942681,126.8739586,40,,,,N,,N,02-860-3185,서울특별시 구로구청,2024-07-31,I,2026-05-15 18:45:05,2024-08-20 13:43:19
3160000,202431600000300110,구로소방서,서울특별시 구로구 경인로 408,,37.4978258,126.8652844,10,,,,N,,N,02-860-3221,서울특별시 구로구청,2024-07-31,I,2026-05-15 18:45:05,2024-08-20 13:43:19
3160000,202531600000300004,신도림 태영프라자,"서울특별시 구로구 경인로59길 8, 태영프라자 (신도림동)",서울특별시 구로구 신도림동 437-1 태영프라자,37.506440,126.883344,70,2025,거치형,N,N,,N,02-860-2686,서울특별시 구로구,2025-08-12,I,2026-05-15 18:45:05,2025-11-05 16:38:59
3160000,202431600000300092,경인고등학교,서울특별시 구로구 경인로46길 31,,37.4967754,126.8656896,150,,,,Y,기계식,N,02-860-3203,서울특별시 구로구청,2024-07-31,I,2026-05-15 18:45:05,2024-08-20 13:43:19
3160000,202431600000300122,구로5동 청소년독서실,서울특별시 구로구 가마산로25길 33,,37.4974763,126.8895945,20,,,,N,,N,02-860-3233,서울특별시 구로구청,2024-07-31,I,2026-05-15 18:45:05,2024-08-20 13:43:19
3160000,202431600000300131,남구로역,서울특별시 구로구 도림로 7,,37.4870487,126.8880793,47,,,,N,,N,02-860-3242,서울특별시 구로구청,2024-07-31,I,2026-05-15 18:45:05,2024-08-20 13:43:19
3160000,202431600000300099,영림중학교,서울특별시 구로구 가마산로27길 17,,37.4979679,126.8904319,112,,,,Y,기계식,N,02-860-3210,서울특별시 구로구청,2024-07-31,I,2026-05-15 18:45:05,2024-08-20 13:43:19
3160000,202431600000300126,애경유지공업 앞,서울특별시 구로구 구로중앙로 152,,37.5013013,126.8826806,85,,,,N,,N,02-860-3237,서울특별시 구로구청,2024-07-31,I,2026-05-15 18:45:05,2024-08-20 13:43:19
3160000,202431600000300121,구로 노인복지관,서울특별시 구로구 새말로16길 7,,37.5052824,126.8906632,17,,,,N,,N,02-860-3232,서울특별시 구로구청,2024-07-31,I,2026-05-15 18:45:05,2024-08-20 13:43:19
3160000,202431600000300100,영서중학교,서울특별시 구로구 도림로20길 35,,37.4891567,126.8944348,49,,,,N,,N,02-860-3211,서울특별시 구로구청,2024-07-31,I,2026-05-15 18:45:05,2024-08-20 13:43:19
3160000,202431600000300093,구일고등학교,서울특별시 구로구 구일로 90-51,,37.4942681,126.8739586,90,,,,Y,기계식,N,02-860-3204,서울특별시 구로구청,2024-07-31,I,2026-05-15 18:45:05,2024-08-20 13:43:19
3160000,202431600000300091,구현고등학교,서울특별시 구로구 경인로53가길 17,,37.5022703,126.8744126,136,,,,Y,기계식,N,02-860-3202,서울특별시 구로구청,2024-07-31,I,2026-05-15 18:45:05,2024-08-20 13:43:19
3160000,202431600000300108,화원종합사회복지관,서울특별시 구로구 벚꽃로 484,,37.4974518,126.8802035,10,,,,N,,N,02-860-3219,서울특별시 구로구청,2024-07-31,I,2026-05-15 18:45:05,2024-08-20 13:43:19
3160000,202431600000300114,구로구청,서울특별시 구로구 가마산로 245,,37.495472,126.887536,93,,,,Y,기계식,N,02-860-3225,서울특별시 구로구청,2024-07-31,I,2026-05-15 18:45:05,2024-08-20 13:43:19
3160000,202431600000300103,우신고등학교,서울특별시 구로구 부일로 917,,37.4953588,126.8266507,178,,,,Y,기계식,N,02-860-3214,서울특별시 구로구청,2024-07-31,I,2026-05-15 18:45:05,2024-08-20 13:43:19
3160000,202431600000300089,경인중학교,서울특별시 구로구 경인로 301,,37.4982089,126.8546729,50,,,,Y,기계식,N,02-860-3200,서울특별시 구로구청,2024-07-31,I,2026-05-15 18:45:05,2024-08-20 13:43:19
3160000,202431600000300125,롯데마트 구로점 앞,서울특별시 구로구 경인로 482,,37.4981719,126.8725869,40,,,,Y,기계식,N,02-860-3236,서울특별시 구로구청,2024-07-31,I,2026-05-15 18:45:05,2024-08-20 13:43:19
3160000,202431600000300118,구로도서관,서울특별시 구로구 공원로 15,,37.4985419,126.8916742,7,,,,N,,N,02-860-3229,서울특별시 구로구청,2024-07-31,I,2026-05-15 18:45:05,2024-08-20 13:43:19
3160000,202431600000300127,신도림동 성광빌딩 앞,서울특별시 구로구 신도림로19길 7,,37.5111476,126.8844612,20,,,,N,,N,02-860-3238,서울특별시 구로구청,2024-07-31,I,2026-05-15 18:45:05,2024-08-20 13:43:19
3160000,202431600000300133,구로디지털단지역,서울특별시 구로구 도림천로 477,,37.4852303,126.9016416,210,,,,N,,N,02-860-3244,서울특별시 구로구청,2024-07-31,I,2026-05-15 18:45:05,2024-08-20 13:43:19
3160000,202431600000300116,개봉2동주민센터,서울특별시 구로구 개봉로16가길 17,,37.490851,126.8565329,10,,,,N,,N,02-860-3227,서울특별시 구로구청,2024-07-31,I,2026-05-15 18:45:05,2024-08-20 13:43:19
3160000,202431600000300123,고척도서관,서울특별시 구로구 고척로45길 31,,37.5053516,126.8532545,50,,,,Y,기계식,N,02-860-3234,서울특별시 구로구청,2024-07-31,I,2026-05-15 18:45:05,2024-08-20 13:43:19
3160000,202431600000300120,구민체육센터,서울특별시 구로구 고척로45길 39,,37.5066167,126.8533046,20,,,,N,,N,02-860-3231,서울특별시 구로구청,2024-07-31,I,2026-05-15 18:45:05,2024-08-20 13:43:19
3160000,202431600000300105,신도림동주민센터,서울특별시 구로구 신도림로 40,,37.5077664,126.8805826,10,,,,Y,기계식,N,02-860-3216,서울특별시 구로구청,2024-07-31,I,2026-05-15 18:45:05,2024-08-20 13:43:19
3160000,202431600000300083,신미림초등학교,서울특별시 구로구 신도림로 26,,37.5067665,126.8797202,10,,,,N,,N,02-860-3194,서울특별시 구로구청,2024-07-31,I,2026-05-15 18:45:05,2024-08-20 13:43:19
3160000,202431600000300082,유한공업고등학교,서울특별시 구로구 경인로 8,,37.4881794,126.8224619,40,,,,Y,기계식,N,02-860-3193,서울특별시 구로구청,2024-07-31,I,2026-05-15 18:45:05,2024-08-20 13:43:19
3160000,202431600000300117,하늘도서관,서울특별시 구로구 구로동로13길 68,,37.4874572,126.8809964,10,,,,N,,N,02-860-3228,서울특별시 구로구청,2024-07-31,I,2026-05-15 18:45:05,2024-08-20 13:43:19
3160000,202431600000300132,천왕역,서울특별시 구로구 오리로 1156,,37.4867557,126.8387258,507,,,,N,,N,02-860-3243,서울특별시 구로구청,2024-07-31,I,2026-05-15 18:45:05,2024-08-20 13:43:19
3160000,202431600000300098,오남중학교,서울특별시 구로구 오리로9길 25,,37.4871518,126.8369499,50,,,,N,,N,02-860-3209,서울특별시 구로구청,2024-07-31,I,2026-05-15 18:45:05,2024-08-20 13:43:19
3160000,202431600000300106,구로청소년문화의집,서울특별시 구로구 부일로 949,,37.4934376,126.8327233,10,,,,N,,N,02-860-3217,서울특별시 구로구청,2024-07-31,I,2026-05-15 18:45:05,2024-08-20 13:43:19
3160000,202431600000300088,서서울생활과학고,서울특별시 구로구 오리로 1355-10,,37.5038037,126.828103,40,,,,N,,N,02-860-3199,서울특별시 구로구청,2024-07-31,I,2026-05-15 18:45:05,2024-08-20 13:43:19
3160000,202431600000300087,성공회대학교,서울특별시 구로구 연동로 320,,37.4866376,126.8257339,40,,,,Y,기계식,N,02-860-3198,서울특별시 구로구청,2024-07-31,I,2026-05-15 18:45:05,2024-08-20 13:43:19
3160000,202431600000300137,구로역,서울특별시 구로구 구로중앙로 174,,37.502916,126.8822782,114,,,,Y,기계식,N,02-860-3248,서울특별시 구로구청,2024-07-31,I,2026-05-15 18:45:05,2024-08-20 13:43:19
3160000,202431600000300112,구로구보건소,서울특별시 구로구 구로중앙로28길 66,,37.5000533,126.8894497,20,,,,N,,N,02-860-3223,서울특별시 구로구청,2024-07-31,I,2026-05-15 18:45:05,2024-08-20 13:43:19
3160000,202531600000300002,롯데프레시&델리,"서울특별시 구로구 신도림로 57, 신도림동아성빌딩 (신도림동)",서울특별시 구로구 신도림동 388-5 신도림동아성빌딩,37.509351,126.881732,10,2025,거치형,N,N,,N,02-860-2686,서울특별시 구로구,2025-08-12,I,2026-05-15 18:45:05,2025-11-05 16:28:34
3160000,202431600000300113,신도림차고지,서울특별시 구로구 경인로67길 149,,37.5137772,126.8832113,20,,,,N,,N,02-860-3224,서울특별시 구로구청,2024-07-31,I,2026-05-15 18:45:05,2024-08-20 13:43:19
3160000,202431600000300124,이마트 구로점 앞,서울특별시 구로구 디지털로32길 43,,37.4844111,126.8979014,10,,,,N,,N,02-860-3235,서울특별시 구로구청,2024-07-31,I,2026-05-15 18:45:05,2024-08-20 13:43:19
3160000,202431600000300071,구로경찰서 기동순찰대,서울특별시 구로구 고척로27길 27,,37.5031114,126.8447409,5,,,,Y,기계식,N,02-860-3182,서울특별시 구로구청,2024-07-31,I,2026-05-15 18:45:05,2024-08-20 13:43:19
3160000,202431600000300101,구로중학교,서울특별시 구로구 구로중앙로 48,,37.4947434,126.8903445,90,,,,Y,기계식,N,02-860-3212,서울특별시 구로구청,2024-07-31,I,2026-05-15 18:45:05,2024-08-20 13:43:19
3160000,202431600000300086,신도림고등학교,서울특별시 구로구 경인로67길 159,,37.5140903,126.8821139,90,,,,Y,기계식,N,02-860-3197,서울특별시 구로구청,2024-07-31,I,2026-05-15 18:45:05,2024-08-20 13:43:19
3160000,202431600000300139,개봉역,서울특별시 구로구 경인로40길 47,,37.4947085,126.8585201,265,,,,Y,기계식,N,02-860-3250,서울특별시 구로구청,2024-07-31,I,2026-05-15 18:45:05,2024-08-20 13:43:19
3160000,202431600000300095,성베드로학교,서울특별시 구로구 연동로 320,,37.4866376,126.8257339,50,,,,N,,N,02-860-3206,서울특별시 구로구청,2024-07-31,I,2026-05-15 18:45:05,2024-08-20 13:43:19
3160000,202431600000300090,서울공연예술고,서울특별시 구로구 오리로22나길 16-26,,37.5001131,126.832213,20,,,,N,,N,02-860-3201,서울특별시 구로구청,2024-07-31,I,2026-05-15 18:45:05,2024-08-20 13:43:19
3160000,202431600000300138,구일역,서울특별시 구로구 구일로 133,,37.4962832,126.8696146,158,,,,Y,기계식,N,02-860-3249,서울특별시 구로구청,2024-07-31,I,2026-05-15 18:45:05,2024-08-20 13:43:19
3160000,202431600000300107,온수역,서울특별시 구로구 부일로 872,,37.4922781,126.8234148,109,,,,Y,기계식,N,02-860-3218,서울특별시 구로구청,2024-07-31,I,2026-05-15 18:45:05,2024-08-20 13:43:19
3160000,202431600000300078,동양미래대학교,서울특별시 구로구 경인로 445,,37.5009475,126.8675318,70,,,,Y,기계식,N,02-860-3189,서울특별시 구로구청,2024-07-31,I,2026-05-15 18:45:05,2024-08-20 13:43:19
3160000,202431600000300130,오정초교 입구,서울특별시 구로구 경인로2길 10,,37.4893492,126.8266433,10,,,,N,,N,02-860-3241,서울특별시 구로구청,2024-07-31,I,2026-05-15 18:45:05,2024-08-20 13:43:19
3160000,202431600000300115,오류도서관,서울특별시 구로구 경인로19길 29-6,,37.4971922,126.8420616,20,,,,N,,N,02-860-3226,서울특별시 구로구청,2024-07-31,I,2026-05-15 18:45:05,2024-08-20 13:43:19
3160000,202431600000300136,신도림역,서울특별시 구로구 새말로 117-23,,37.5091183,126.8915087,830,,,,Y,기계식,N,02-860-3247,서울특별시 구로구청,2024-07-31,I,2026-05-15 18:45:05,2024-08-20 13:43:19
3160000,202431600000300077,한영신학대,서울특별시 구로구 경인로 290-42,,37.4966184,126.8517168,10,,,,Y,기계식,N,02-860-3188,서울특별시 구로구청,2024-07-31,I,2026-05-15 18:45:05,2024-08-20 13:43:19
3160000,202431600000300129,신도림중학교 앞,서울특별시 구로구 경인로63길 74,,37.5107994,126.8855195,40,,,,N,,N,02-860-3240,서울특별시 구로구청,2024-07-31,I,2026-05-15 18:45:05,2024-08-20 13:43:19
3160000,202431600000300081,개웅중학교,서울특별시 구로구 개봉로11길 81,,37.4874937,126.8510735,47,,,,Y,기계식,N,02-860-3192,서울특별시 구로구청,2024-07-31,I,2026-05-15 18:45:05,2024-08-20 13:43:19
3160000,202431600000300140,오류동역,서울특별시 구로구 경인로20길 13,,37.4944107,126.844567,160,,,,Y,기계식,N,02-860-3251,서울특별시 구로구청,2024-07-31,I,2026-05-15 18:45:05,2024-08-20 13:43:19
3160000,202431600000300096,우신중학교,서울특별시 구로구 부일로 917,,37.4953588,126.8266507,50,,,,Y,기계식,N,02-860-3207,서울특별시 구로구청,2024-07-31,I,2026-05-15 18:45:05,2024-08-20 13:43:19
3170000,202031700000300031,금천노인종합복지관,서울특별시 금천구 시흥대로51길 93-32,서울특별시 금천구 시흥동 558-1,37.450145,126.897807,30,,,,Y,수동식,N,02-2627-1722,서울특별시 금천구청,2020-09-08,I,2026-05-15 18:45:05,2020-11-06 16:06:53
3170000,202031700000300026,독산역 2번 출구 자전거보관소,서울특별시 금천구 벚꽃로 115,서울특별시 금천구 가산동 717,37.465641,126.889793,128,,,,Y,수동식,N,02-2627-1722,서울특별시 금천구청,2020-09-08,I,2026-05-15 18:45:05,2020-11-06 16:06:53
3170000,202031700000300023,석수역 육교하부,서울특별시 금천구 시흥대로 46,서울특별시 금천구 시흥동 962-6,37.4364802,126.9039815,51,,,,N,,N,02-2627-1722,서울특별시 금천구청,2020-09-08,I,2026-05-15 18:45:05,2020-11-06 16:06:53
3170000,202031700000300003,가산디지털단지역 3번출구,서울특별시 금천구 벚꽃로 309,서울특별시 금천구 가산동 468-4,37.482255,126.882183,7,,,,Y,수동식,N,02-2627-1722,서울특별시 금천구청,2020-09-08,I,2026-05-15 18:45:05,2020-11-06 16:06:53
3170000,202031700000300011,자전거종합서비스센터(대여자전거용),서울특별시 금천구 서부샛길 86,서울특별시 금천구 독산동 724-4,37.4591499,126.8918366,127,,,,Y,기계식,Y,02-2627-1722,서울특별시 금천구청,2020-09-08,I,2026-05-15 18:45:05,2020-11-06 16:06:53
3170000,202031700000300005,가산디지털단지역 1번출구,서울특별시 금천구 벚꽃로 309,서울특별시 금천구 가산동 468-4,37.482255,126.882183,32,,,,N,,N,02-2627-1722,서울특별시 금천구청,2020-09-08,I,2026-05-15 18:45:05,2020-11-06 16:06:53
3170000,202031700000300014,신한은행독산지점,서울특별시 금천구 시흥대로 446,서울특별시 금천구 독산동 983-16,37.4733085,126.898829,7,,,,N,,N,02-2627-1722,서울특별시 금천구청,2020-09-08,I,2026-05-15 18:45:05,2020-11-06 16:06:53
3170000,202031700000300037,구청 청사 내,서울특별시 금천구 시흥대로73길 70,서울특별시 금천구 시흥동 1020,37.456767,126.895401,45,,,,N,,N,02-2627-1722,서울특별시 금천구청,2020-09-08,I,2026-05-15 18:45:05,2020-11-06 16:06:53
3170000,202031700000300030,독산1동주민센터,서울특별시 금천구 시흥대로123길 11,서울특별시 금천구 독산동 289-5,37.470175,126.897042,10,,,,N,,N,02-2627-1722,서울특별시 금천구청,2020-09-08,I,2026-05-15 18:45:05,2020-11-06 16:06:53
3170000,202031700000300012,자전거안전교육장,서울특별시 금천구 독산동 732-2,서울특별시 금천구 독산동 732-2,37.455187,126.893533,21,,,,N,,N,02-2627-1722,서울특별시 금천구청,2020-09-08,I,2026-05-15 18:45:05,2020-11-06 16:06:53
3170000,202031700000300016,시흥5동주민센터,서울특별시 금천구 금하로21길 20,서울특별시 금천구 시흥동 832-14,37.452396,126.908296,10,,,,N,,N,02-2627-1722,서울특별시 금천구청,2020-09-08,I,2026-05-15 18:45:05,2020-11-06 16:06:53
3170000,202031700000300040,가산디지털단지역 6번출구,서울특별시 금천구 벚꽃로 309,서울특별시 금천구 가산동 468-4,37.482255,126.882183,20,,,,N,,N,02-2627-1722,서울특별시 금천구청,2020-09-08,I,2026-05-15 18:45:05,2020-11-06 16:06:53
3170000,202031700000300015,시흥계곡 주차장,서울특별시 금천구 시흥대로40길,서울특별시 금천구 시흥동 산 79-4,37.446941,126.910855,7,,,,N,,N,02-2627-1722,서울특별시 금천구청,2020-09-08,I,2026-05-15 18:45:05,2020-11-06 16:06:53
3170000,202031700000300007,희명병원 주변,서울특별시 금천구 시흥대로 244,서울특별시 금천구 시흥동 882-31,37.455676,126.900568,10,,,,N,,N,02-2627-1722,서울특별시 금천구청,2020-09-08,I,2026-05-15 18:45:05,2020-11-06 16:06:53
3170000,202031700000300013,안천중학교 서측,서울특별시 금천구 한내로 69-44,서울특별시 금천구 독산동 1089,37.459361,126.887411,110,,,,N,,N,02-2627-1722,서울특별시 금천구청,2020-09-08,I,2026-05-15 18:45:05,2020-11-06 16:06:53
3170000,202031700000300027,독산역 1번 출구,서울특별시 금천구 벚꽃로 115,서울특별시 금천구 가산동 717,37.465641,126.889793,58,,,,Y,수동식,N,02-2627-1722,서울특별시 금천구청,2020-09-08,I,2026-05-15 18:45:05,2020-11-06 16:06:53
3170000,202031700000300041,가산디지털단지역 5번출구,서울특별시 금천구 벚꽃로 309,서울특별시 금천구 가산동 468-4,37.482255,126.882183,30,,,,N,,N,02-2627-1722,서울특별시 금천구청,2020-09-08,I,2026-05-15 18:45:05,2020-11-06 16:06:53
3170000,202031700000300020,시흥1동주민센터,서울특별시 금천구 시흥대로58길 36,서울특별시 금천구 시흥동 886-6,37.453566,126.903266,10,,,,N,,N,02-2627-1722,서울특별시 금천구청,2020-09-08,I,2026-05-15 18:45:05,2020-11-06 16:06:53
3170000,202031700000300004,가산디지털단지역 2번출구,서울특별시 금천구 벚꽃로 309,서울특별시 금천구 가산동 468-4,37.482255,126.882183,19,,,,N,,N,02-2627-1722,서울특별시 금천구청,2020-09-08,I,2026-05-15 18:45:05,2020-11-06 16:06:53
3170000,202031700000300018,시흥3동주민센터,서울특별시 금천구 시흥대로18길 40,서울특별시 금천구 시흥동 956-3,37.440272,126.905821,5,,,,N,,N,02-2627-1722,서울특별시 금천구청,2020-09-08,I,2026-05-15 18:45:05,2020-11-06 16:06:53
3170000,202031700000300008,현대택배,서울특별시 금천구 디지털로 154,서울특별시 금천구 가산동 345-1,37.476347,126.884004,10,,,,N,,N,02-2627-1722,서울특별시 금천구청,2020-09-08,I,2026-05-15 18:45:05,2020-11-06 16:06:53
3170000,202031700000300032,금천구청역 서측(안양천 쪽),서울특별시 금천구 서부샛길,서울특별시 금천구 독산동 725-5,37.457442,126.892743,307,,,,Y,기계식,N,02-2627-1722,서울특별시 금천구청,2020-09-08,I,2026-05-15 18:45:05,2020-11-06 16:06:53
3170000,202031700000300034,금천구청 앞,서울특별시 금천구 시흥대로73길 70,서울특별시 금천구 시흥동 1020,37.456767,126.895401,21,,,,N,,N,02-2627-1722,서울특별시 금천구청,2020-09-08,I,2026-05-15 18:45:05,2020-11-06 16:06:53
3170000,202031700000300042,시흥빗물펌프장,서울특별시 금천구 시흥대로51길93,서울특별시 금천구 시흥동 555-3,37.450639,126.896697,10,,,,N,,N,02-2627-1722,서울특별시 금천구청,2020-09-08,I,2026-05-15 18:45:05,2020-11-06 16:06:53
3170000,202031700000300019,시흥2동주민센터,서울특별시 금천구 금하로 764,서울특별시 금천구 시흥동 267-9,37.44963195,126.914405,10,,,,N,,N,02-2627-1722,서울특별시 금천구청,2020-09-08,I,2026-05-15 18:45:05,2020-11-06 16:06:53
3170000,202031700000300029,독산4동주민센터,서울특별시 금천구 독산로 232,서울특별시 금천구 독산동 1022,37.467415,126.902146,10,,,,N,,N,02-2627-1722,서울특별시 금천구청,2020-09-08,I,2026-05-15 18:45:05,2020-11-06 16:06:53
3170000,202031700000300001,가산동 마이크로 앞(3단지),서울특별시 금천구 서부샛길 400,서울특별시 금천구 가산동 555-4,37.4713398,126.8818552,35,,,,N,,N,02-2627-1722,서울특별시 금천구청,2020-09-08,I,2026-05-15 18:45:05,2020-11-06 16:06:53
3170000,202031700000300033,금천구청역 동측(금천구청앞),서울특별시 금천구 시흥대로73길 70,서울특별시 금천구 시흥동 1020,37.456767,126.895401,124,,,,Y,기계식,N,02-2627-1722,서울특별시 금천구청,2020-09-08,I,2026-05-15 18:45:05,2020-11-06 16:06:53
3170000,202031700000300035,금천구립독산도서관,서울특별시 금천구 독산로54길 114,서울특별시 금천구 독산동 375-2,37.467448,126.908092,30,,,,N,,N,02-2627-1722,서울특별시 금천구청,2020-09-08,I,2026-05-15 18:45:05,2020-11-06 16:06:53
3170000,202031700000300038,가산문화센터,서울특별시 금천구 가산디지털1로 118,서울특별시 금천구 가산동 345-58,37.476162,126.883739,10,,,,N,,N,02-2627-1722,서울특별시 금천구청,2020-09-08,I,2026-05-15 18:45:05,2020-11-06 16:06:53
3170000,202031700000300036,금천구립가산도서관,서울특별시 금천구 가산로5길 43,서울특별시 금천구 가산동 235-3,37.473484,126.892145,10,,,,N,,N,02-2627-1722,서울특별시 금천구청,2020-09-08,I,2026-05-15 18:45:05,2020-11-06 16:06:53
3170000,202031700000300010,재활용처리장,서울특별시 금천구 서부샛길 202,서울특별시 금천구 독산동 700,37.463126,126.889614,10,,,,N,,N,02-2627-1722,서울특별시 금천구청,2020-09-08,I,2026-05-15 18:45:05,2020-11-06 16:06:53
3170000,202031700000300009,한신아파트 앞 보행육교 밑,서울특별시 금천구 범안로 17길 17-8,서울특별시 금천구 독산동 331-75,37.4674089,126.8938535,7,,,,N,,N,02-2627-1722,서울특별시 금천구청,2020-09-08,I,2026-05-15 18:45:05,2020-11-06 16:06:53
3170000,202031700000300028,독산고등학교,서울특별시 금천구 문성로 64,서울특별시 금천구 독산동 907-34,37.476027,126.910883,50,,,,N,,N,02-2627-1722,서울특별시 금천구청,2020-09-08,I,2026-05-15 18:45:05,2020-11-06 16:06:53
3170000,202031700000300025,독산역 앞 금천교량 하부,서울특별시 금천구 벚꽃로 115,서울특별시 금천구 가산동 717,37.465641,126.889793,160,,,,N,,N,02-2627-1722,서울특별시 금천구청,2020-09-08,I,2026-05-15 18:45:05,2020-11-06 16:06:53
3170000,202031700000300043,신한은행시흥지점옆,서울특별시 금천구 시흥대로 232,서울특별시 금천구 시흥동 883,37.454599,126.900945,7,,,,N,,N,02-2627-1722,서울특별시 금천구청,2020-09-08,I,2026-05-15 18:45:05,2020-11-06 16:06:53
3170000,202031700000300006,가산동주민센터,서울특별시 금천구 가산로 129,서울특별시 금천구 가산동 144-3,37.476852,126.891789,10,,,,N,,N,02-2627-1722,서울특별시 금천구청,2020-09-08,I,2026-05-15 18:45:05,2020-11-06 16:06:53
3170000,202031700000300024,서울장례식장,서울특별시 금천구 서부샛길 732,서울특별시 금천구 가산동 535-130,37.484534,126.874465,10,,,,N,,N,02-2627-1722,서울특별시 금천구청,2020-09-08,I,2026-05-15 18:45:05,2020-11-06 16:06:53
3170000,202031700000300039,가산디지털단지역 7번출구,서울특별시 금천구 벚꽃로 309,서울특별시 금천구 가산동 468-4,37.482255,126.882183,80,,,,Y,수동식,N,02-2627-1722,서울특별시 금천구청,2020-09-08,I,2026-05-15 18:45:05,2020-11-06 16:06:53
3170000,202031700000300017,시흥4동주민센터,서울특별시 금천구 독산로36길 14,서울특별시 금천구 시흥동 812-38,37.458981,126.906194,10,,,,N,,N,02-2627-1722,서울특별시 금천구청,2020-09-08,I,2026-05-15 18:45:05,2020-11-06 16:06:53
3170000,202031700000300002,가산디지털단지역 4번출구,서울특별시 금천구 벚꽃로 309,서울특별시 금천구 가산동 468-4,37.482255,126.882183,30,,,,N,,N,02-2627-1722,서울특별시 금천구청,2020-09-08,I,2026-05-15 18:45:05,2020-11-06 16:06:53
3170000,202031700000300022,성민교회 앞(시흥동),서울특별시 금천구 시흥대로51길 20,서울특별시 금천구 시흥동 992-28,37.4517561,126.8983483,40,,,,N,,N,02-2627-1722,서울특별시 금천구청,2020-09-08,I,2026-05-15 18:45:05,2020-11-06 16:06:53
3170000,202031700000300021,수출의다리 하부,서울특별시 금천구 가산디지털2로 98,서울특별시 금천구 가산동 550-1,37.4768505,126.8811806,71,,,,N,,N,02-2627-1722,서울특별시 금천구청,2020-09-08,I,2026-05-15 18:45:05,2020-11-06 16:06:53
3180000,202031800000300073,문래동 공동체텃밭 내,서울특별시 영등포구 문래동3가 55-6,서울특별시 영등포구 문래동3가 55-6,37.517687,126.884443,16,2013,거치형,Y,N,,N,02-2670-3873,서울특별시 영등포구청,2020-09-21,I,2026-05-15 18:45:05,2020-12-24 18:05:06
3180000,202031800000300005,구로 디지털 단지역 주차장 앞,서울특별시 영등포구 도림천로21길 3,서울특별시 영등포구 대림동 995-1,37.486381,126.901747,10,2015,거치형,N,N,,N,02-2670-3873,서울특별시 영등포구청,2020-09-21,I,2026-05-15 18:45:05,2020-12-24 18:05:05
3180000,202031800000300129,영등포시장역 1번 출입구,서울특별시 영등포구 영중로 73,서울특별시 영등포구 영등포동7가 43-8,37.522868,126.904832,7,2000,거치형,N,N,,N,02-2670-3873,서울특별시 영등포구청,2020-09-21,I,2026-05-15 18:45:05,2020-12-24 18:05:06
3180000,202031800000300113,국회의사당역 4번 출입구,서울특별시 영등포구 의사당대로 18,서울특별시 영등포구 여의도동 17-7,37.527077,126.917527,5,2009,거치형,N,N,,N,02-2670-3873,서울특별시 영등포구청,2020-09-21,I,2026-05-15 18:45:05,2020-12-24 18:05:06
3180000,202031800000300084,당산중학교 내,서울특별시 영등포구 버드나루로 160,서울특별시 영등포구 당산동 121,37.531404,126.907573,60,2009,거치형,Y,Y,기계식,N,02-2670-3873,서울특별시 영등포구청,2020-09-21,I,2026-05-15 18:45:05,2020-12-24 18:05:06
3180000,202031800000300002,여의동주민센터 앞,서울특별시 영등포구 국제금융로 124,서울특별시 영등포구 여의도동 53-22,37.517642,126.934597,7,2016,거치형,Y,N,,N,02-2670-3873,서울특별시 영등포구청,2020-09-21,I,2026-05-15 18:45:05,2020-12-24 18:05:05
3180000,202031800000300054,신길1동 새마을금고 앞,서울특별시 영등포구 영등포로 382-1,서울특별시 영등포구 신길동 96-15,37.513454,126.920486,5,2000,거치형,N,N,,N,02-2670-3873,서울특별시 영등포구청,2020-09-21,I,2026-05-15 18:45:05,2020-12-24 18:05:06
3180000,202031800000300012,대림역 9~12번 출입구,서울특별시 영등포구 도림로 145,서울특별시 영등포구 대림동 711,37.493912,126.897588,25,2014,거치형,N,N,,N,02-2670-3873,서울특별시 영등포구청,2020-09-21,I,2026-05-15 18:45:05,2020-12-24 18:05:05
3180000,202031800000300030,대림1동 주민센터 내,서울특별시 영등포구 디지털로 441,서울특별시 영등포구 대림동 899-2,37.495462,126.905948,30,2009,거치형,N,N,,N,02-2670-3873,서울특별시 영등포구청,2020-09-21,I,2026-05-15 18:45:05,2020-12-24 18:05:06
3180000,202031800000300103,영등포구청역 5번 출입구,서울특별시 영등포구 당산로 95,서울특별시 영등포구 당산동2가 164,37.523563,126.894907,5,2009,거치형,N,N,,N,02-2670-3873,서울특별시 영등포구청,2020-09-21,I,2026-05-15 18:45:05,2020-12-24 18:05:06
3180000,202031800000300075,문래동 주민센터 내,서울특별시 영등포구 문래로28길 15,서울특별시 영등포구 문래동3가 55-16,37.517436,126.899788,10,2008,거치형,N,N,,N,02-2670-3873,서울특별시 영등포구청,2020-09-21,I,2026-05-15 18:45:05,2020-12-24 18:05:06
3180000,202031800000300102,영등포구청역 7번 출입구,서울특별시 영등포구 당산로 109,서울특별시 영등포구 당산동3가 351,37.524588,126.896012,20,2012,거치형,N,Y,수동식,N,02-2670-3873,서울특별시 영등포구청,2020-09-21,I,2026-05-15 18:45:05,2020-12-24 18:05:06
3180000,202031800000300018,당산동 영등포 제2스포츠센터,서울특별시 영등포구 국회대로 615,서울특별시 영등포구 당산동 4가 96-1,37.526618,126.902862,10,2016,거치형,N,N,,N,02-2670-3873,서울특별시 영등포구청,2020-09-21,I,2026-05-15 18:45:05,2020-12-24 18:05:05
3180000,202031800000300045,신풍역 2번 출입구,서울특별시 영등포구 신풍로 30-1,서울특별시 영등포구 신길동 3667,37.499915,126.909319,15,2010,거치형,N,N,,N,02-2670-3873,서울특별시 영등포구청,2020-09-21,I,2026-05-15 18:45:05,2020-12-24 18:05:06
3180000,202031800000300074,에이스하이테크시티 내,서울특별시 영등포구 경인로 775,서울특별시 영등포구 문래동3가 55-20,37.514666,126.898473,80,2009,거치형,N,N,,N,02-2670-3873,서울특별시 영등포구청,2020-09-21,I,2026-05-15 18:45:05,2020-12-24 18:05:06
3180000,202031800000300027,구로디지털단지역 4~5번 출입구 사이,서울특별시 영등포구 도림천로21길 3,서울특별시 영등포구 대림동 995-1,37.486381,126.901747,44,2012,거치형,N,N,,N,02-2670-3873,서울특별시 영등포구청,2020-09-21,I,2026-05-15 18:45:05,2020-12-24 18:05:06
3180000,202031800000300069,관악고등학교 내,서울특별시 영등포구 영등포로6길 26,서울특별시 영등포구 양평동2가 23-2,37.521497,126.882934,105,2008,거치형,Y,Y,기계식,N,02-2670-3873,서울특별시 영등포구청,2020-09-21,I,2026-05-15 18:45:05,2020-12-24 18:05:06
3180000,202031800000300068,현대자동차 서부사업소 내,서울특별시 영등포구 선유로 132,서울특별시 영등포구 양평동3가 6-1,37.525132,126.891277,20,2009,거치형,N,N,,N,02-2670-3873,서울특별시 영등포구청,2020-09-21,I,2026-05-15 18:45:05,2020-12-24 18:05:06
3180000,202031800000300131,신길역~견인차량 보관소 사이,서울특별시 영등포구 경인로112길 28,서울특별시 영등포구 영등포동1가 3-5,37.517462,126.915928,10,2013,거치형,N,N,,N,02-2670-3873,서울특별시 영등포구청,2020-09-21,I,2026-05-15 18:45:05,2020-12-24 18:05:06
3180000,202031800000300052,신길동 청소년문화의집 내,서울특별시 영등포구 영등포로64길 15,서울특별시 영등포구 신길동 107-2,37.51365776,126.9170779,12,2004,거치형,N,N,,N,02-2670-3873,서울특별시 영등포구청,2020-09-21,I,2026-05-15 18:45:05,2020-12-24 18:05:06
3180000,202031800000300039,영신고등학교 내,서울특별시 영등포구 대방천로14길 18,서울특별시 영등포구 신길6동 4656-2,37.497735,126.909812,102,2008,거치형,N,Y,기계식,N,02-2670-3873,서울특별시 영등포구청,2020-09-21,I,2026-05-15 18:45:05,2020-12-24 18:05:06
3180000,202031800000300028,구로디지털단지역 4번 출입구,서울특별시 영등포구 도림천로21길 3,서울특별시 영등포구 대림동 995-1,37.486381,126.901747,15,2009,거치형,N,N,,N,02-2670-3873,서울특별시 영등포구청,2020-09-21,I,2026-05-15 18:45:05,2020-12-24 18:05:06
3180000,202031800000300061,선유도역 1번 출입구,서울특별시 영등포구 양평로 128,서울특별시 영등포구 양평동5가 64-1,37.538297,126.893614,8,2009,거치형,Y,N,,N,02-2670-3873,서울특별시 영등포구청,2020-09-21,I,2026-05-15 18:45:05,2020-12-24 18:05:06
3180000,202031800000300025,대림동 전국운수사업노조 앞,서울특별시 영등포구 대림로 183,서울특별시 영등포구 대림동 739-4,37.497047,126.898631,15,2008,거치형,N,N,,N,02-2670-3873,서울특별시 영등포구청,2020-09-21,I,2026-05-15 18:45:05,2020-12-24 18:05:06
3180000,202031800000300033,대방역 5번 출입구,서울특별시 영등포구 여의대방로61길 1,서울특별시 영등포구 신길동 1367-1,37.513798,126.925219,20,2012,거치형,N,Y,수동식,N,02-2670-3873,서울특별시 영등포구청,2020-09-21,I,2026-05-15 18:45:05,2020-12-24 18:05:06
3180000,202031800000300050,대영고등학교 내,서울특별시 영등포구 도림로86길 16,서울특별시 영등포구 신길동 336-2,37.503389,126.905646,35,2016,거치형,Y,N,,N,02-2670-3873,서울특별시 영등포구청,2020-09-21,I,2026-05-15 18:45:05,2020-12-24 18:05:06
3180000,202531800000300002,구로디지털단지역 5번출구 하부,"서울특별시 영등포구 시흥대로 589-8 (대림동, 신대림자이)",서울특별시 영등포구 대림동 1122 신대림자이,37.4855985,126.9017327,133,2025,거치형,Y,Y,수동식,N,02-2670-3873,서울특별시 영등포구,2025-11-07,I,2026-05-15 18:45:05,2025-11-07 16:33:19
3180000,202031800000300126,영등포시장역 4번 출입구,서울특별시 영등포구 영중로 71,서울특별시 영등포구 영등포동6가 18-1,37.5226464,126.904724,21,2000,거치형,N,N,,N,02-2670-3873,서울특별시 영등포구청,2020-09-21,I,2026-05-15 18:45:05,2020-12-24 18:05:06
3180000,202031800000300135,영등포역 롯데백화점주차장 출입구 (동부),서울특별시 영등포구 경인로846,서울특별시 영등포구 영등포동 618-496,37.515471,126.906682,40,2013,거치형,N,N,,N,02-2670-3873,서울특별시 영등포구청,2020-09-21,I,2026-05-15 18:45:05,2020-12-24 18:05:06
3180000,202031800000300022,영남중학교 내,서울특별시 영등포구 대림로31나길 17,서울특별시 영등포구 대림3동 735,37.497624,126.895892,102,2007,거치형,Y,Y,기계식,N,02-2670-3873,서울특별시 영등포구청,2020-09-21,I,2026-05-15 18:45:05,2020-12-24 18:05:05
3180000,202031800000300101,영등포구청역 6번 출입구,서울특별시 영등포구 당산로 95,서울특별시 영등포구 당산동2가 164,37.523563,126.894907,10,2007,거치형,N,N,,N,02-2670-3873,서울특별시 영등포구청,2020-09-21,I,2026-05-15 18:45:05,2020-12-24 18:05:06
3180000,202031800000300058,성산대교 하단 자원순환센터 내,서울특별시 영등포구 양화동 175-2,서울특별시 영등포구 양화동 175-2,37.548699,126.886717,40,2012,거치형,N,N,,N,02-2670-3873,서울특별시 영등포구청,2020-09-21,I,2026-05-15 18:45:05,2020-12-24 18:05:06
3180000,202031800000300029,구로디지털단지역 주차장 앞,서울특별시 영등포구 도림천로21길 3,서울특별시 영등포구 대림동 995-1,37.486381,126.901747,95,2009,거치형,Y,N,,N,02-2670-3873,서울특별시 영등포구청,2020-09-21,I,2026-05-15 18:45:05,2020-12-24 18:05:06
3180000,202031800000300134,영등포역 4번 출입구,서울특별시 영등포구 경인로846,서울특별시 영등포구 영등포동 618,37.513582,126.904554,162,2010,거치형,N,N,,N,02-2670-3873,서울특별시 영등포구청,2020-09-21,I,2026-05-15 18:45:05,2020-12-24 18:05:06
3180000,202031800000300098,영등포구청 별관 내,서울특별시 영등포구 선유동1로 80,서울특별시 영등포구 당산동3가 560,37.528402,126.894421,10,2014,거치형,N,N,,N,02-2670-3873,서울특별시 영등포구청,2020-09-21,I,2026-05-15 18:45:05,2020-12-24 18:05:06
3180000,202031800000300120,여의도역 6번 출입구,서울특별시 영등포구 의사당대로 108,서울특별시 영등포구 여의도동 37,37.519908,126.924539,35,1998,거치형,N,N,,N,02-2670-3873,서울특별시 영등포구청,2020-09-21,I,2026-05-15 18:45:05,2020-12-24 18:05:06
3180000,202031800000300121,여의도역 5번 출입구,서울특별시 영등포구 여의나루로 42,서울특별시 영등포구 여의도동 35-5,37.521356,126.9249711,22,2009,거치형,N,Y,,N,02-2670-3873,서울특별시 영등포구청,2020-09-21,I,2026-05-15 18:45:05,2025-11-07 15:58:59
3180000,202031800000300047,신길동 구민체육센터 내,서울특별시 영등포구 신풍로 1,서울특별시 영등포구 신길동 426-3,37.500488,126.906248,35,2002,거치형,Y,N,,N,02-2670-3873,서울특별시 영등포구청,2020-09-21,I,2026-05-15 18:45:05,2020-12-24 18:05:06
3180000,202031800000300023,대림정보문화도서관 내,서울특별시 영등포구 도신로 27,서울특별시 영등포구 대림3동 608-2,37.504251,126.8960774,7,2008,거치형,Y,N,,N,02-2670-3873,서울특별시 영등포구청,2020-09-21,I,2026-05-15 18:45:05,2020-12-24 18:05:05
3180000,202031800000300071,양평역 1번 출입구,서울특별시 영등포구 선유서로 115,서울특별시 영등포구 양평동3가 24,37.525896,126.885706,56,2000,거치형,Y,Y,수동식,N,02-2670-3873,서울특별시 영등포구청,2020-09-21,I,2026-05-15 18:45:05,2020-12-24 18:05:06
3180000,202031800000300011,대림우성@ 사거리 구 제일은행 앞,서울특별시 영등포구 대림로 157,서울특별시 영등포구 대림동 710-10,37.494803,126.899427,54,2001,거치형,N,N,,N,02-2670-3873,서울특별시 영등포구청,2020-09-21,I,2026-05-15 18:45:05,2020-12-24 18:05:05
3180000,202031800000300122,여의도역 4번 출입구,서울특별시 영등포구 의사당대로 97,서울특별시 영등포구 여의도동 26-4,37.522477,126.924573,15,2009,거치형,N,N,수동식,N,02-2670-3873,서울특별시 영등포구청,2020-09-21,I,2026-05-15 18:45:05,2025-11-07 15:58:45
3180000,202031800000300141,도신로15라길2 앞 보도,서울특별시 영등포구 도신로15라길2,서울특별시 영등포구 도림동232,37.506949,126.897823,5,2018,거치형,N,N,,N,02-2670-3873,서울특별시 영등포구청,2020-09-21,I,2026-05-15 18:45:05,2020-12-24 18:05:07
3180000,202031800000300092,당산역 4번 출입구,서울특별시 영등포구 당산로 246,서울특별시 영등포구 당산동6가 283,37.53522241,126.903394,49,2011,거치형,N,N,,N,02-2670-3873,서울특별시 영등포구청,2020-09-21,I,2026-05-15 18:45:05,2020-12-24 18:05:06
3180000,202031800000300137,시흥대로629앞,서울특별시 영등포구 시흥대로 629,서울특별시 영등포구 대림동 990-4,37.488514,126.905784,10,2017,거치형,N,N,,N,02-2670-3873,서울특별시 영등포구청,2020-09-21,I,2026-05-15 18:45:05,2020-12-24 18:05:06
3180000,202031800000300040,보라매역 6번 출입구,서울특별시 영등포구 여의대방로 147,서울특별시 영등포구 신길동 505,37.50021047,126.919916,5,2010,거치형,N,Y,수동식,N,02-2670-3873,서울특별시 영등포구청,2020-09-21,I,2026-05-15 18:45:05,2020-12-24 18:05:06
3180000,202031800000300043,신풍역 4번 출입구,서울특별시 영등포구 신풍로 23,서울특별시 영등포구 신길동 424-3,37.500331,126.908356,7,2000,거치형,N,N,,N,02-2670-3873,서울특별시 영등포구청,2020-09-21,I,2026-05-15 18:45:05,2020-12-24 18:05:06
3180000,202031800000300006,영등포소방서 내,서울특별시 영등포구 문래로 197,서울특별시 영등포구 영등포동4가 99,37.518399,126.904172,7,2015,거치형,N,N,,N,02-2670-3873,서울특별시 영등포구청,2020-09-21,I,2026-05-15 18:45:05,2020-12-24 18:05:05
3180000,202031800000300063,양평동 동보@ 내,서울특별시 영등포구 양평로23길 18,서울특별시 영등포구 양평동5가 9-1,37.537975,126.890909,24,2004,거치형,Y,N,,N,02-2670-3873,서울특별시 영등포구청,2020-09-21,I,2026-05-15 18:45:05,2020-12-24 18:05:06
3180000,202031800000300096,당산1동 주민센터 내,서울특별시 영등포구 양산로23길 11,서울특별시 영등포구 당산동3가 250,37.525007,126.8974049,12,2005,거치형,N,N,,N,02-2670-3873,서울특별시 영등포구청,2020-09-21,I,2026-05-15 18:45:05,2020-12-24 18:05:06
3180000,202031800000300090,당산역 9번 출입구,서울특별시 영등포구 당산로 214,서울특별시 영등포구 당산동5가 42,37.531872,126.903148,10,2011,거치형,N,N,,N,02-2670-3873,서울특별시 영등포구청,2020-09-21,I,2026-05-15 18:45:05,2020-12-24 18:05:06
3180000,202031800000300136,영등포구청 자전거 주차타워,서울특별시 영등포구 당산로 123,서울특별시 영등포구 당산동3가 385-1,37.526147,126.896175,120,2008,기타,Y,Y,수동식,Y,02-2670-3873,서울특별시 영등포구청,2020-09-21,I,2026-05-15 18:45:05,2020-12-24 18:05:06
3180000,202031800000300082,도림동 주민센터 내,서울특별시 영등포구 도영로7길 10,서울특별시 영등포구 도림동 222-7,37.509424,126.895976,15,2009,거치형,N,N,,N,02-2670-3873,서울특별시 영등포구청,2020-09-21,I,2026-05-15 18:45:05,2020-12-24 18:05:06
3180000,202031800000300037,신길7동 주민센터 내,서울특별시 영등포구 여의대방로43길 10,서울특별시 영등포구 신길동 897-3,37.506369,126.921494,10,2008,거치형,N,N,,N,02-2670-3873,서울특별시 영등포구청,2020-09-21,I,2026-05-15 18:45:05,2020-12-24 18:05:06
3180000,202031800000300077,문래정보문화도서관 내,서울특별시 영등포구 문래로20길 49,서울특별시 영등포구 문래동3가 98,37.51685657,126.891172,25,2010,거치형,Y,N,,N,02-2670-3873,서울특별시 영등포구청,2020-09-21,I,2026-05-15 18:45:05,2020-12-24 18:05:06
3180000,202031800000300111,윤중중학교 내,서울특별시 영등포구 여의동로3길 3,서울특별시 영등포구 여의도동 38-2,37.518993,126.923732,104,2009,거치형,Y,Y,기계식,N,02-2670-3873,서울특별시 영등포구청,2020-09-21,I,2026-05-15 18:45:05,2020-12-24 18:05:06
3180000,202031800000300053,신길동 육군관사길 대방동@,서울특별시 영등포구 신길동 1284,서울특별시 영등포구 신길동 1284,37.512027,126.9170779,7,2009,거치형,Y,N,,N,02-2670-3873,서울특별시 영등포구청,2020-09-21,I,2026-05-15 18:45:05,2020-12-24 18:05:06
3180000,202031800000300010,여의도역 3~4번 출입구 사이,서울특별시 영등포구 의사당대로 97,서울특별시 영등포구 여의도동 26-4,37.522477,126.924573,5,2015,거치형,N,Y,수동식,N,02-2670-3873,서울특별시 영등포구청,2020-09-21,I,2026-05-15 18:45:05,2020-12-24 18:05:05
3180000,202031800000300042,신풍역 5번 출입구,서울특별시 영등포구 신길로 108,서울특별시 영등포구 신길동 3573,37.501899,126.911147,48,2004,거치형,N,Y,수동식,N,02-2670-3873,서울특별시 영등포구청,2020-09-21,I,2026-05-15 18:45:05,2020-12-24 18:05:06
3180000,202031800000300104,영등포구청역 4번 출입구,서울특별시 영등포구 당산로 134,서울특별시 영등포구 당산동3가 216,37.526485,126.897059,19,2009,거치형,N,N,,N,02-2670-3873,서울특별시 영등포구청,2020-09-21,I,2026-05-15 18:45:05,2020-12-24 18:05:06
3180000,202031800000300097,영등포구민회관 내,서울특별시 영등포구 국회대로 596,서울특별시 영등포구 당산동3가 3,37.525969,126.900096,12,2004,거치형,N,N,,N,02-2670-3873,서울특별시 영등포구청,2020-09-21,I,2026-05-15 18:45:05,2020-12-24 18:05:06
3180000,202031800000300095,영등포경찰서 내,서울특별시 영등포구 국회대로 608,서울특별시 영등포구 당산동3가 2-11,37.526044,126.900809,10,2010,거치형,N,N,,N,02-2670-3873,서울특별시 영등포구청,2020-09-21,I,2026-05-15 18:45:05,2020-12-24 18:05:06
3180000,202031800000300016,신길동 보라매역 시원빌딩 앞,서울특별시 영등포구 신풍로 113,서울특별시 영등포구 신길동 508,37.500093,126.918844,10,2016,거치형,N,N,,N,02-2670-3873,서울특별시 영등포구청,2020-09-21,I,2026-05-15 18:45:05,2020-12-24 18:05:05
3180000,202031800000300105,영등포구청역 3번 출입구,서울특별시 영등포구 당산로 133,서울특별시 영등포구 당산동3가 386-1,37.526882,126.896554,11,2009,거치형,N,N,,N,02-2670-3873,서울특별시 영등포구청,2020-09-21,I,2026-05-15 18:45:05,2020-12-24 18:05:06
3180000,202031800000300125,여의나루역 4번 출입구,서울특별시 영등포구 여의나루로 126,서울특별시 영등포구 여의도동 30,37.525998,126.932563,14,1996,거치형,Y,Y,수동식,N,02-2670-3873,서울특별시 영등포구청,2020-09-21,I,2026-05-15 18:45:05,2020-12-24 18:05:06
3180000,202031800000300132,신길역 5호선 역사 내 광장,서울특별시 영등포구 경인로112길 20,서울특별시 영등포구 영등포동1가 35,37.517666,126.914663,65,2010,거치형,Y,N,,N,02-2670-3873,서울특별시 영등포구청,2020-09-21,I,2026-05-15 18:45:05,2020-12-24 18:05:06
3180000,202031800000300118,샛강역 2번 출입구,서울특별시 영등포구 의사당대로 147,서울특별시 영등포구 여의도동 45-21,37.518781,126.929428,10,2011,거치형,N,N,,N,02-2670-3873,서울특별시 영등포구청,2020-09-21,I,2026-05-15 18:45:05,2020-12-24 18:05:06
3180000,202031800000300086,당산 자전거대여소 앞,서울특별시 영등포구 당산로52길 6,서울특별시 영등포구 당산동6가 282-1,37.535115,126.903716,14,2009,거치형,N,N,,N,02-2670-3873,서울특별시 영등포구청,2020-09-21,I,2026-05-15 18:45:05,2020-12-24 18:05:06
3180000,202031800000300034,대방역 4번 출입구,서울특별시 영등포구 여의대방로61길 1,서울특별시 영등포구 신길동 1367-1,37.513798,126.925219,28,2012,거치형,Y,N,,N,02-2670-3873,서울특별시 영등포구청,2020-09-21,I,2026-05-15 18:45:05,2020-12-24 18:05:06
3180000,202031800000300004,"시흥대로 617, 신한은행 앞",서울특별시 영등포구 시흥대로 617,서울특별시 영등포구 대림동 993-74,37.487606,126.904828,7,2015,거치형,N,N,,N,02-2670-3873,서울특별시 영등포구청,2020-09-21,I,2026-05-15 18:45:05,2020-12-24 18:05:05
3180000,202031800000300087,당산역 12번 출입구,서울특별시 영등포구 양평로 47,서울특별시 영등포구 당산동5가 16-7,37.533826,126.900987,10,2009,거치형,Y,N,,N,02-2670-3873,서울특별시 영등포구청,2020-09-21,I,2026-05-15 18:45:05,2020-12-24 18:05:06
3180000,202031800000300085,당산서중학교 내,서울특별시 영등포구 당산로41길 12,서울특별시 영등포구 당산동5가 5,37.532263,126.898505,71,2012,거치형,Y,Y,기계식,N,02-2670-3873,서울특별시 영등포구청,2020-09-21,I,2026-05-15 18:45:05,2020-12-24 18:05:06
3180000,202031800000300128,영등포시장역 2번 출입구,서울특별시 영등포구 영중로 74,서울특별시 영등포구 영등포동7가 31-1,37.522836,126.905431,28,2007,거치형,Y,Y,수동식,N,02-2670-3873,서울특별시 영등포구청,2020-09-21,I,2026-05-15 18:45:05,2020-12-24 18:05:06
3180000,202031800000300093,당산역 1~2번 출입구 사이,서울특별시 영등포구 당산로 233,서울특별시 영등포구 당산동6가 304-2,37.53455982,126.901985,30,2009,거치형,N,N,,N,02-2670-3873,서울특별시 영등포구청,2020-09-21,I,2026-05-15 18:45:05,2020-12-24 18:05:06
3180000,202031800000300044,신풍역 3번 출입구,서울특별시 영등포구 신풍로 22,서울특별시 영등포구 신길동 425-23,37.499925,126.908437,43,2014,거치형,Y,N,,N,02-2670-3873,서울특별시 영등포구청,2020-09-21,I,2026-05-15 18:45:05,2020-12-24 18:05:06
3180000,202031800000300026,구로디지털단지역 5번 출입구,서울특별시 영등포구 대림동 995-5,서울특별시 영등포구 대림동 995-5,37.485571,126.901731,60,2025,거치형,N,N,수동식,N,02-2670-3873,서울특별시 영등포구청,2025-11-07,I,2026-05-15 18:45:05,2025-11-07 16:26:57
3180000,202031800000300138,신길5동 주민센터 내,서울특별시 영등포구 도림로 264,서울특별시 영등포구 신길동 422,37.501651,126.905167,5,2018,거치형,N,N,,N,02-2670-3873,서울특별시 영등포구청,2020-09-21,I,2026-05-15 18:45:05,2020-12-24 18:05:06
3180000,202031800000300109,윤중초등학교 내,서울특별시 영등포구 여의나루로2길 14,서울특별시 영등포구 여의도동 38,37.519747,126.922807,10,2010,거치형,N,N,,N,02-2670-3873,서울특별시 영등포구청,2020-09-21,I,2026-05-15 18:45:05,2020-12-24 18:05:06
3180000,202031800000300064,양평동 성원@ 후문 앞,서울특별시 영등포구 양평로17길 36,서울특별시 영등포구 양평동4가 12,37.53443476,126.893777,28,2008,거치형,N,N,,N,02-2670-3873,서울특별시 영등포구청,2020-09-21,I,2026-05-15 18:45:05,2020-12-24 18:05:06
3180000,202031800000300007,여의도역 2번 출입구,서울특별시 영등포구 여의나루로 27,서울특별시 영등포구 여의도동 27-2,37.521595,126.922775,17,2015,거치형,N,N,,N,02-2670-3873,서울특별시 영등포구청,2020-09-21,I,2026-05-15 18:45:05,2020-12-24 18:05:05
3180000,202031800000300032,영등포구시설관리공단 내,서울특별시 영등포구 여의대방로 211,서울특별시 영등포구 신길7동 869,37.505832,126.922179,10,2010,거치형,Y,N,,N,02-2670-3873,서울특별시 영등포구청,2020-09-21,I,2026-05-15 18:45:05,2020-12-24 18:05:06
3180000,202031800000300124,여의도고등학교 입구,서울특별시 영등포구 국제금융로7길 37,서울특별시 영등포구 여의도동 30-1,37.525275,126.933684,14,1996,거치형,Y,N,,N,02-2670-3873,서울특별시 영등포구청,2020-09-21,I,2026-05-15 18:45:05,2020-12-24 18:05:06
3180000,202031800000300110,여의도여자고등학교 내,서울특별시 영등포구 국제금융로7가길 13,서울특별시 영등포구 여의도동 40-2,37.522962,126.934989,10,2009,거치형,Y,Y,기계식,N,02-2670-3873,서울특별시 영등포구청,2020-09-21,I,2026-05-15 18:45:05,2020-12-24 18:05:06
3180000,202031800000300048,신길5동 주민센터 내,서울특별시 영등포구 도림로 264,서울특별시 영등포구 신길동 422,37.501598,126.905189,12,2005,거치형,N,N,,N,02-2670-3873,서울특별시 영등포구청,2020-09-21,I,2026-05-15 18:45:05,2020-12-24 18:05:06
3180000,202031800000300119,샛강역 1번 출입구,서울특별시 영등포구 여의대방로 359,서울특별시 영등포구 여의도동 46,37.518604,126.929428,10,2009,거치형,N,N,,N,02-2670-3873,서울특별시 영등포구청,2020-09-21,I,2026-05-15 18:45:05,2020-12-24 18:05:06
3180000,202031800000300072,문래중학교 앞,서울특별시 영등포구 선유서로13길 6,서울특별시 영등포구 문래동6가 44,37.520211,126.884443,10,2014,거치형,N,N,,N,02-2670-3873,서울특별시 영등포구청,2020-09-21,I,2026-05-15 18:45:05,2020-12-24 18:05:06
3180000,202031800000300080,도림동 배드민턴클럽 앞,서울특별시 영등포구 도영로 2-5,서울특별시 영등포구 대림동 607-1,37.506962,126.894726,10,2012,거치형,N,N,,N,02-2670-3873,서울특별시 영등포구청,2020-09-21,I,2026-05-15 18:45:05,2020-12-24 18:05:06
3180000,202031800000300049,대영중학교 내,서울특별시 영등포구 도림로80가길 14,서울특별시 영등포구 신길5동 342-49,37.503337,126.904977,25,2009,거치형,N,Y,기계식,N,02-2670-3873,서울특별시 영등포구청,2020-09-21,I,2026-05-15 18:45:05,2020-12-24 18:05:06
3180000,202031800000300117,샛강역 3번 출입구,서울특별시 영등포구 의사당대로 166,서울특별시 영등포구 여의도동 56,37.517679,126.930441,10,2009,거치형,N,Y,수동식,N,02-2670-3873,서울특별시 영등포구청,2020-09-21,I,2026-05-15 18:45:05,2020-12-24 18:05:06
3180000,202031800000300036,서울지방병무청 내,서울특별시 영등포구 여의대방로43길 13,서울특별시 영등포구 신길동 1200-1,37.505628,126.920002,37,2009,거치형,Y,N,,N,02-2670-3873,서울특별시 영등포구청,2020-09-21,I,2026-05-15 18:45:05,2020-12-24 18:05:06
3180000,202031800000300055,신길1동 새마을금고 건너편,서울특별시 영등포구 영등포로 381,서울특별시 영등포구 신길동 65-80,37.513938,126.920694,12,2005,거치형,N,N,,N,02-2670-3873,서울특별시 영등포구청,2020-09-21,I,2026-05-15 18:45:05,2020-12-24 18:05:06
3180000,202031800000300038,신길5동 주민센터 내,서울특별시 영등포구 도림로 264,서울특별시 영등포구 신길동 422,37.501598,126.905189,10,2013,거치형,N,N,,N,02-2670-3873,서울특별시 영등포구청,2020-09-21,I,2026-05-15 18:45:05,2020-12-24 18:05:06
3180000,202031800000300031,대림동 성당 내,서울특별시 영등포구 신길로1길 10,서울특별시 영등포구 대림1동 919-38,37.493665,126.907617,14,2008,거치형,Y,N,,N,02-2670-3873,서울특별시 영등포구청,2020-09-21,I,2026-05-15 18:45:05,2020-12-24 18:05:06
3180000,202031800000300066,선유중학교 내,서울특별시 영등포구 선유로 213,서울특별시 영등포구 양평동3가 82,37.532869,126.894221,66,2001,거치형,N,N,,N,02-2670-3873,서울특별시 영등포구청,2020-09-21,I,2026-05-15 18:45:05,2020-12-24 18:05:06
3180000,202031800000300139,구민회관,서울특별시 영등포구 국회대로 596,서울특별시 영등포구 당산동3가3,37.526671,126.900419,5,2018,거치형,N,N,,N,02-2670-3873,서울특별시 영등포구청,2020-09-21,I,2026-05-15 18:45:05,2020-12-24 18:05:06
3180000,202031800000300015,대림역 6번 출입구,서울특별시 영등포구 대림로29길 42,서울특별시 영등포구 대림동 807-13,37.49407468,126.895388,42,2000,거치형,N,N,,N,02-2670-3873,서울특별시 영등포구청,2020-09-21,I,2026-05-15 18:45:05,2020-12-24 18:05:05
3180000,202031800000300059,선유도역 8번 출입구,서울특별시 영등포구 양평로 127,서울특별시 영등포구 양평동5가 26-8,37.537753,126.893473,7,2009,거치형,Y,N,,N,02-2670-3873,서울특별시 영등포구청,2020-09-21,I,2026-05-15 18:45:05,2020-12-24 18:05:06
3180000,202031800000300083,영등포전화국 사거리 공원 앞,서울특별시 영등포구 영등포동8가 28,서울특별시 영등포구 영등포동8가 28,37.525867,126.905939,16,2007,거치형,Y,N,,N,02-2670-3873,서울특별시 영등포구청,2020-09-21,I,2026-05-15 18:45:05,2020-12-24 18:05:06
3180000,202031800000300067,선유중학교 입구,서울특별시 영등포구 선유로 213,서울특별시 영등포구 양평동3가 82,37.532869,126.894221,40,2001,거치형,Y,N,,N,02-2670-3873,서울특별시 영등포구청,2020-09-21,I,2026-05-15 18:45:05,2020-12-24 18:05:06
3180000,202031800000300024,다사랑어린이공원 내,서울특별시 영등포구 대림로23가길 5,서울특별시 영등포구 대림동 703-6,37.492793,126.899215,10,2012,거치형,N,N,,N,02-2670-3873,서울특별시 영등포구청,2020-09-21,I,2026-05-15 18:45:05,2020-12-24 18:05:05
3180000,202031800000300100,영등포구청역 환승주차장 입구,서울특별시 영등포구 양산로 111,서울특별시 영등포구 당산동3가 370-4,37.524747,126.895454,28,2004,거치형,Y,N,,N,02-2670-3873,서울특별시 영등포구청,2020-09-21,I,2026-05-15 18:45:05,2020-12-24 18:05:06
3180000,202031800000300115,국회의사당역 2번 출입구,서울특별시 영등포구 의사당대로 3,서울특별시 영등포구 여의도동 15-21,37.529087,126.918125,10,2009,거치형,N,N,,N,02-2670-3873,서울특별시 영등포구청,2020-09-21,I,2026-05-15 18:45:05,2020-12-24 18:05:06
3180000,202031800000300076,양화중학교 내,서울특별시 영등포구 당산로 56,서울특별시 영등포구 문래동3가 48,37.519773,126.896054,40,2006,거치형,Y,Y,기계식,N,02-2670-3873,서울특별시 영등포구청,2020-09-21,I,2026-05-15 18:45:05,2020-12-24 18:05:06
3180000,202031800000300062,한강미디어고등학교 내,서울특별시 영등포구 선유로55길 22,서울특별시 영등포구 양평동4가 315-1,37.539117,126.8972599,21,2008,거치형,Y,N,,N,02-2670-3873,서울특별시 영등포구청,2020-09-21,I,2026-05-15 18:45:05,2020-12-24 18:05:06
3180000,202031800000300003,"당산로 41길 11, 당산 SKV1 앞",서울특별시 영등포구 당산로41길 11,서울특별시 영등포구 당산동4가 80,37.530787,126.898319,14,2015,거치형,N,N,,N,02-2670-3873,서울특별시 영등포구청,2020-09-21,I,2026-05-15 18:45:05,2020-12-24 18:05:05
3180000,202031800000300108,국회경비대 내,서울특별시 영등포구 의사당대로 1,서울특별시 영등포구 여의도동 1,37.531081,126.9164039,10,2012,거치형,N,N,,N,02-2670-3873,서울특별시 영등포구청,2020-09-21,I,2026-05-15 18:45:05,2020-12-24 18:05:06
3180000,202031800000300127,영등포시장역 3번 출입구,서울특별시 영등포구 영중로 72,서울특별시 영등포구 영등포동5가 45-4,37.522487,126.905388,5,2010,거치형,N,N,,N,02-2670-3873,서울특별시 영등포구청,2020-09-21,I,2026-05-15 18:45:05,2020-12-24 18:05:06
3180000,202031800000300088,당산역 11번 출입구,서울특별시 영등포구 당산로 219,서울특별시 영등포구 당산동5가 28,37.533433,126.901227,15,2009,거치형,Y,N,,N,02-2670-3873,서울특별시 영등포구청,2020-09-21,I,2026-05-15 18:45:05,2020-12-24 18:05:06
3180000,202031800000300089,당산역 10번 출입구,서울특별시 영등포구 당산로 222,서울특별시 영등포구 당산동5가 11-33,37.533212,126.902278,30,2013,거치형,Y,Y,수동식,N,02-2670-3873,서울특별시 영등포구청,2020-09-21,I,2026-05-15 18:45:05,2020-12-24 18:05:06
3180000,202031800000300116,샛강역 4번 출입구,서울특별시 영등포구 여의동로 97,서울특별시 영등포구 여의도동 48,37.51747195,126.927296,5,2009,거치형,N,N,,N,02-2670-3873,서울특별시 영등포구청,2020-09-21,I,2026-05-15 18:45:05,2020-12-24 18:05:06
3180000,202031800000300140,씨티플라자 앞,서울특별시 영등포구 국제금융로2길17,서울특별시 영등포구 여의도동 25,37.524187,126.925901,5,2018,거치형,N,N,,N,02-2670-3873,서울특별시 영등포구청,2020-09-21,I,2026-05-15 18:45:05,2020-12-24 18:05:06
3180000,202031800000300079,문래역 1~2번 출입구 사이,서울특별시 영등포구 당산로 45,서울특별시 영등포구 문래동3가 68,37.518539,126.894524,61,2014,거치형,N,Y,,N,02-2670-3873,서울특별시 영등포구청,2020-09-21,I,2026-05-15 18:45:05,2025-11-07 15:59:28
3180000,202031800000300051,장훈고등학교 내,서울특별시 영등포구 영등포로64길 26,서울특별시 영등포구 신길동 176,37.513365,126.915115,158,2010,거치형,Y,Y,기계식,N,02-2670-3873,서울특별시 영등포구청,2020-09-21,I,2026-05-15 18:45:05,2020-12-24 18:05:06
3180000,202031800000300017,당산동 당산역10번출입구 뒤편,서울특별시 영등포구 당산로 229,서울특별시 영등포구 당산동 6가 323-1,37.534931,126.9027307,5,2016,거치형,N,N,,N,02-2670-3873,서울특별시 영등포구청,2020-09-21,I,2026-05-15 18:45:05,2020-12-24 18:05:05
3180000,202031800000300035,대방역 여의도 방면 출입구,서울특별시 영등포구 여의대방로61길 1-1,서울특별시 영등포구 신길동 1367-1,37.513798,126.925219,29,2013,거치형,N,N,,N,02-2670-3873,서울특별시 영등포구청,2020-09-21,I,2026-05-15 18:45:05,2020-12-24 18:05:06
3180000,202031800000300057,신길역 1호선 옆 공영주차장 내,서울특별시 영등포구 신길동 54-23,서울특별시 영등포구 신길동 54-23,37.517333,126.917798,45,2011,거치형,N,Y,수동식,N,02-2670-3873,서울특별시 영등포구청,2020-09-21,I,2026-05-15 18:45:05,2020-12-24 18:05:06
3180000,202031800000300106,당산동 인곡빌딩 앞,서울특별시 영등포구 양산로19길 8,서울특별시 영등포구 당산동3가 370,37.52486997,126.895132,24,2001,거치형,Y,N,,N,02-2670-3873,서울특별시 영등포구청,2020-09-21,I,2026-05-15 18:45:05,2020-12-24 18:05:06
3180000,202031800000300008,영등포여자고등학교,서울특별시 영등포구 영등포로62길 13,서울특별시 영등포구 신길동 184-3,37.515377,126.915272,10,2015,거치형,N,N,,N,02-2670-3873,서울특별시 영등포구청,2020-09-21,I,2026-05-15 18:45:05,2020-12-24 18:05:05
3180000,202031800000300081,도림동 도림고가 하단,서울특별시 영등포구 도림로 379,서울특별시 영등포구 도림동 187-80,37.510692,126.898366,34,2010,거치형,N,N,,N,02-2670-3873,서울특별시 영등포구청,2020-09-21,I,2026-05-15 18:45:05,2020-12-24 18:05:06
3180000,202031800000300130,영등포우체국 앞,서울특별시 영등포구 경인로 841,서울특별시 영등포구 영등포동4가 425-2,37.516488,126.906027,16,2002,거치형,N,N,,N,02-2670-3873,서울특별시 영등포구청,2020-09-21,I,2026-05-15 18:45:05,2020-12-24 18:05:06
3180000,202031800000300133,영등포역 롯데백화점 앞,서울특별시 영등포구 경인로846,서울특별시 영등포구 영등포동 618-496,37.515471,126.906682,43,2010,거치형,N,N,,N,02-2670-3873,서울특별시 영등포구청,2020-09-21,I,2026-05-15 18:45:05,2020-12-24 18:05:06
3180000,202031800000300123,여의도고등학교 내,서울특별시 영등포구 국제금융로7길 37,서울특별시 영등포구 여의도동 30-1,37.525275,126.933684,42,2004,거치형,N,Y,기계식,N,02-2670-3873,서울특별시 영등포구청,2020-09-21,I,2026-05-15 18:45:05,2020-12-24 18:05:06
3180000,202031800000300099,영등포구청역 공영주차장 입구,서울특별시 영등포구 양산로 111,서울특별시 영등포구 당산동3가 370-4,37.524747,126.895454,23,2004,거치형,Y,N,,N,02-2670-3873,서울특별시 영등포구청,2020-09-21,I,2026-05-15 18:45:05,2020-12-24 18:05:06
3180000,202031800000300014,대림역 8번 출입구,서울특별시 영등포구 도림로31길 4,서울특별시 영등포구 대림동 1052-40,37.492725,126.896017,58,2000,거치형,Y,N,,N,02-2670-3873,서울특별시 영등포구청,2020-09-21,I,2026-05-15 18:45:05,2020-12-24 18:05:05
3180000,202031800000300056,신길역 1호선 보행육교 옆,서울특별시 영등포구 영등포로57길 9,서울특별시 영등포구 신길동 22-5,37.517333,126.917798,30,2011,거치형,N,N,,N,02-2670-3873,서울특별시 영등포구청,2020-09-21,I,2026-05-15 18:45:05,2020-12-24 18:05:06
3180000,202031800000300094,영등포세무서 내,서울특별시 영등포구 선유동1로 38,서울특별시 영등포구 당산동3가 552-1,37.525252,126.892771,10,2011,거치형,Y,N,,N,02-2670-3873,서울특별시 영등포구청,2020-09-21,I,2026-05-15 18:45:05,2020-12-24 18:05:06
3180000,202031800000300070,양평역 2번 출입구,서울특별시 영등포구 선유서로 103,서울특별시 영등포구 양평동2가 33-2,37.524852,126.885881,40,2016,거치형,Y,N,,N,02-2670-3873,서울특별시 영등포구청,2020-09-21,I,2026-05-15 18:45:05,2020-12-24 18:05:06
3180000,202031800000300112,국회의사당역 5번 출입구,서울특별시 영등포구 의사당대로 8,서울특별시 영등포구 여의도동 17-3,37.527831,126.916882,10,2009,거치형,N,Y,수동식,N,02-2670-3873,서울특별시 영등포구청,2020-09-21,I,2026-05-15 18:45:05,2020-12-24 18:05:06
3180000,202031800000300013,대림역 10번 출입구,서울특별시 영등포구 대림동 711-4,서울특별시 영등포구 대림동 711-4,37.493445,126.897465,60,2007,기타,N,N,,N,02-2670-3873,서울특별시 영등포구청,2020-09-21,I,2026-05-15 18:45:05,2025-11-07 16:00:59
3180000,202031800000300041,보라매역 3번 출입구,서울특별시 영등포구 여의대방로 141,서울특별시 영등포구 신길동 501,37.499629,126.919973,12,2001,거치형,N,N,,N,02-2670-3873,서울특별시 영등포구청,2020-09-21,I,2026-05-15 18:45:05,2020-12-24 18:05:06
3180000,202031800000300019,신길역 1호선 옆 공영주차장 내,서울특별시 영등포구 국제금융로 124,서울특별시 영등포구 신길동 54-23,37.51769391,126.934614,40,2016,거치형,Y,N,,N,02-2670-3873,서울특별시 영등포구청,2020-09-21,I,2026-05-15 18:45:05,2020-12-24 18:05:05
3180000,202031800000300107,여의도 홍우빌딩 앞,서울특별시 영등포구 국제금융로 78,서울특별시 영등포구 여의도동 43-3,37.520833,126.931286,50,2014,거치형,N,N,,N,02-2670-3873,서울특별시 영등포구청,2020-09-21,I,2026-05-15 18:45:05,2020-12-24 18:05:06
3180000,202031800000300021,대림3동 주민센터 옆,서울특별시 영등포구 대림로 197,서울특별시 영등포구 대림동 740-4,37.498288,126.898022,34,2009,거치형,N,N,,N,02-2670-3873,서울특별시 영등포구청,2020-09-21,I,2026-05-15 18:45:05,2020-12-24 18:05:05
3180000,202031800000300060,선유도역 3번 출입구,서울특별시 영등포구 양평로22길 4,서울특별시 영등포구 양평동4가 129,37.538087,126.894348,16,2009,거치형,Y,Y,수동식,N,02-2670-3873,서울특별시 영등포구청,2020-09-21,I,2026-05-15 18:45:05,2020-12-24 18:05:06
3180000,202031800000300114,국회의사당역 3번 출입구,서울특별시 영등포구 의사당대로 13,서울특별시 영등포구 여의도동 15-22,37.528366,126.918853,5,2009,거치형,N,N,,N,02-2670-3873,서울특별시 영등포구청,2020-09-21,I,2026-05-15 18:45:05,2020-12-24 18:05:06
3180000,202031800000300091,당산역 5~6번 출입구 사이,서울특별시 영등포구 당산로 234,서울특별시 영등포구 당산동6가 301,37.534317,126.902661,60,2009,거치형,Y,N,,N,02-2670-3873,서울특별시 영등포구청,2020-09-21,I,2026-05-15 18:45:05,2020-12-24 18:05:06
3180000,202031800000300065,선유고등학교 내,서울특별시 영등포구 선유로 227,서울특별시 영등포구 양평동4가 10,37.533921,126.894872,123,2008,거치형,Y,Y,기계식,N,02-2670-3873,서울특별시 영등포구청,2020-09-21,I,2026-05-15 18:45:05,2020-12-24 18:05:06
3180000,202031800000300020,대림역 5번 출입구,서울특별시 영등포구 도림로31길 22,서울특별시 영등포구 대림동 807-9,37.494252,126.895162,20,2014,거치형,N,N,,N,02-2670-3873,서울특별시 영등포구청,2020-09-21,I,2026-05-15 18:45:05,2020-12-24 18:05:05
3180000,202531800000300001,남부도로사업소 남측,"서울특별시 영등포구 도림로 145, 서울시남부도로사업소 (대림동)",서울특별시 영등포구 대림동 711 서울시남부도로사업소,37.4933506,126.8971140,60,2025,거치형,Y,N,,N,02-2670-3873,서울특별시 영등포구,2025-10-17,I,2026-05-15 18:45:05,2025-11-07 16:23:26
3180000,202031800000300009,영등포구청역 1번 출입구 앞,서울특별시 영등포구 당산로 111,서울특별시 영등포구 당산동3가 354,37.524681,126.896016,5,2015,거치형,N,N,,N,02-2670-3873,서울특별시 영등포구청,2020-09-21,I,2026-05-15 18:45:05,2020-12-24 18:05:05
3180000,202031800000300046,신풍역 1번 출입구,서울특별시 영등포구 신풍로10길 2-12,서울특별시 영등포구 신길동 3709,37.499773,126.910933,22,2013,거치형,N,N,,N,02-2670-3873,서울특별시 영등포구청,2020-09-21,I,2026-05-15 18:45:05,2020-12-24 18:05:06
3180000,202031800000300001,영등포구청 별관 내,서울특별시 영등포구 선유동1로 80,서울특별시 영등포구 당산동3가 560,37.528402,126.894421,20,2016,거치형,Y,N,,N,02-2670-3873,서울특별시 영등포구청,2020-09-21,I,2026-05-15 18:45:05,2020-12-24 18:05:05
3190000,202431900000300001,신대방역자전거주차장,"서울특별시 동작구 대림로 2, 신대방역2호선 (신대방동)",서울특별시 동작구 신대방동 643-1 신대방역2호선,37.48757633,126.9131751,112,2012,단독형,Y,N,,N,02-820-1642,동작구청,2024-07-23,I,2026-05-15 18:45:05,2024-08-07 19:47:58
3200000,202632000000300050,신림체육센터,서울특별시 관악구 난곡로58길 13,서울특별시 관악구 신림동 산197-31,37.48007066,126.916032,10,2013,거치형,Y,N,,N,02-879-6865,서울특별시 관악구청,2026-05-01,,2026-05-22 22:27:50,2026-05-21 16:32:51
3200000,202632000000300053,낙성대공원,서울특별시 관악구 낙성대로 77,서울특별시 관악구 봉천동 228,37.47197208,126.959371,14,2009,거치형,N,N,,N,02-879-6863,서울특별시 관악구청,2026-05-01,,2026-05-22 22:27:50,2026-05-21 16:32:51
3200000,202632000000300054,봉림교,서울특별시 관악구 신림동 1433-157,서울특별시 관악구 신림동 1433-157,37.48418785,126.9263639,6,2014,거치형,N,N,,N,02-879-6865,서울특별시 관악구청,2026-05-01,,2026-05-22 22:27:50,2026-05-21 16:32:51
3200000,202632000000300010,봉천역 1번출구 뒤,서울특별시 관악구 남부순환로 1734,서울특별시 관악구 봉천동 927-21,37.48198569,126.9427729,6,2012,거치형,N,N,,N,02-879-6865,서울특별시 관악구청,2026-05-01,,2026-05-22 22:27:50,2026-05-21 16:32:51
3200000,202632000000300001,낙성대역 2번 출구 뒤,서울특별시 관악구 남부순환로 1934,서울특별시 관악구 봉천동 1658-2,37.47663731,126.9637355,20,2013,거치형,Y,N,,N,02-879-6865,서울특별시 관악구청,2026-05-01,,2026-05-22 22:27:50,2026-05-21 16:32:51
3200000,202632000000300002,낙성대역 1번출구 앞,서울특별시 관악구 남부순환로 1940,서울특별시 관악구 봉천동 1658-16,37.47647493,126.9642871,12,2015,거치형,N,N,,N,02-879-6865,서울특별시 관악구청,2026-05-01,,2026-05-22 22:27:50,2026-05-21 16:32:51
3200000,202632000000300003,낙성대역 1번출구 뒤,서울특별시 관악구 남부순환로 1940,서울특별시 관악구 봉천동 1658-16,37.47647493,126.9642871,10,2015,거치형,N,N,,N,02-879-6865,서울특별시 관악구청,2026-05-01,,2026-05-22 22:27:50,2026-05-21 16:32:51
3200000,202632000000300064,서원보도교앞,서울특별시 관악구 신림로59길 23,서울특별시 관악구 신림동 1587-22,37.48286087,126.9285864,15,2017,거치형,N,N,,N,02-879-6865,서울특별시 관악구청,2026-05-01,,2026-05-22 22:27:50,2026-05-21 16:32:51
3200000,202632000000300065,경원직업전문학교앞,서울특별시 관악구 봉천로 227,서울특별시 관악구 봉천동 972-5,37.49003154,126.9271176,25,2011,거치형,N,N,,N,02-879-6865,서울특별시 관악구청,2026-05-01,,2026-05-22 22:27:50,2026-05-21 16:32:51
3200000,202632000000300066,신림45동교앞,서울특별시 관악구 신림동 1463-76,서울특별시 관악구 신림동 1463-76,37.48548253,126.924848,10,2017,거치형,N,N,,N,02-879-6865,서울특별시 관악구청,2026-05-01,,2026-05-22 22:27:50,2026-05-21 16:32:51
3200000,202632000000300067,TM골프앞,서울특별시 관악구 남부순환로 1629,서울특별시 관악구 신림동 1422-15,37.48476186,126.9315551,5,2017,거치형,N,N,,N,02-879-6865,서울특별시 관악구청,2026-05-01,,2026-05-22 22:27:50,2026-05-21 16:32:51
3200000,202632000000300068,은천지역아동센터,서울특별시 관악구 관천로 119,서울특별시 관악구 신림동 458-1,37.48836714,126.9209991,10,2018,거치형,N,N,,N,02-879-6865,서울특별시 관악구청,2026-05-01,,2026-05-22 22:27:50,2026-05-21 16:32:51
3200000,202632000000300036,신림역 8번출구 뒤,서울특별시 관악구 남부순환로 1617,서울특별시 관악구 신림동 1422-38,37.48457064,126.9302808,5,2014,거치형,N,Y,기계식,N,02-879-6865,서울특별시 관악구청,2026-05-01,,2026-05-22 22:27:50,2026-05-21 16:32:51
3200000,202632000000300037,대학동 우리은행앞,서울특별시 관악구 신림로 101,서울특별시 관악구 신림동 240-4,37.47039773,126.9381434,8,2012,거치형,N,Y,기계식,N,02-879-6865,서울특별시 관악구청,2026-05-01,,2026-05-22 22:27:50,2026-05-21 16:32:51
3200000,202632000000300038,대학동 우리은행앞,서울특별시 관악구 신림로 101,서울특별시 관악구 신림동 240-4,37.47039773,126.9381434,30,2008,거치형,N,N,,N,02-879-6865,서울특별시 관악구청,2026-05-01,,2026-05-22 22:27:50,2026-05-21 16:32:51
3200000,202632000000300039,난곡입구,서울특별시 관악구 남부순환로 1485,서울특별시 관악구 신림동 527-13,37.4823521,126.9156501,10,2013,거치형,Y,N,,N,02-879-6865,서울특별시 관악구청,2026-05-01,,2026-05-22 22:27:50,2026-05-21 16:32:51
3200000,202632000000300040,보성운수차고지 맞은편,서울특별시 관악구 난곡로 98,서울특별시 관악구 신림동 1738-1,37.46407543,126.9194584,14,2015,거치형,N,N,,N,02-879-6865,서울특별시 관악구청,2026-05-01,,2026-05-22 22:27:50,2026-05-21 16:32:51
3200000,202632000000300069,한남교,서울특별시 관악구 신림로 88,서울특별시 관악구 신림동 131-27,37.470614,126.939750,10,2018,거치형,N,N,,N,02-879-6865,서울특별시 관악구청,2026-05-01,,2026-05-22 22:27:50,2026-05-21 16:32:51
3200000,202632000000300041,"서울미술고, 인헌중고",서울특별시 관악구 남부순환로 1945,서울특별시 관악구 봉천동 1658-16,37.47673219,126.9652769,6,2015,거치형,N,N,,N,02-879-6865,서울특별시 관악구청,2026-05-01,,2026-05-22 22:27:50,2026-05-21 16:32:51
3200000,202632000000300042,관악구민체육센타,서울특별시 관악구 낙성대로3길 37,서울특별시 관악구 낙성대로3길 37,37.473049,126.960083,14,2000,거치형,Y,N,,N,02-879-6865,서울특별시 관악구청,2026-05-01,,2026-05-22 22:27:50,2026-05-21 16:32:51
3200000,202632000000300043,관악구민체육센타,서울특별시 관악구 낙성대로3길 37,서울특별시 관악구 낙성대로3길 37,37.473049,126.960083,10,2013,거치형,Y,N,,N,02-879-6865,서울특별시 관악구청,2026-05-01,,2026-05-22 22:27:50,2026-05-21 16:32:51
3200000,202632000000300044,평생학습센터,서울특별시 관악구 남부순환로 1546,서울특별시 관악구 신림동 1577-4,37.48294916,126.9224258,7,2000,거치형,N,N,,N,02-879-6865,서울특별시 관악구청,2026-05-01,,2026-05-22 22:27:50,2026-05-21 16:32:51
3200000,202632000000300045,"관악문화관, 도서관",서울특별시 관악구 신림로3길 35,서울특별시 관악구 신림동 209-1,37.46759765,126.9448709,28,2003,거치형,Y,N,,N,02-879-6865,서울특별시 관악구청,2026-05-01,,2026-05-22 22:27:50,2026-05-21 16:32:51
3200000,202632000000300046,"관악문화관, 도서관",서울특별시 관악구 신림로3길 35,서울특별시 관악구 신림동 209-1,37.46759765,126.9448709,14,2004,거치형,Y,N,,N,02-879-6865,서울특별시 관악구청,2026-05-01,,2026-05-22 22:27:50,2026-05-21 16:32:51
3200000,202632000000300048,싱글벙글교육센터,서울특별시 관악구 남부순환로234길 73,서울특별시 관악구 봉천동 산56-3,37.47609625,126.9562881,14,2000,거치형,N,N,,N,02-879-6865,서울특별시 관악구청,2026-05-01,,2026-05-22 22:27:50,2026-05-21 16:32:51
3200000,202632000000300055,봉림교,서울특별시 관악구 신림동 1433-157,서울특별시 관악구 신림동 1433-157,37.48418785,126.9263639,14,2014,거치형,N,N,,N,02-879-6865,서울특별시 관악구청,2026-05-01,,2026-05-22 22:27:50,2026-05-21 16:32:51
3200000,202632000000300018,서울대입구역 1번출구 앞,서울특별시 관악구 남부순환로 1830,서울특별시 관악구 봉천동 857-1,37.48077652,126.9531729,20,2009,거치형,N,N,,N,02-879-6865,서울특별시 관악구청,2026-05-01,,2026-05-22 22:27:50,2026-05-21 16:32:51
3200000,202632000000300019,서울대입구역 1번출구 뒤,서울특별시 관악구 남부순환로 1830,서울특별시 관악구 봉천동 857-1,37.48077652,126.9531729,20,2015,거치형,N,N,,N,02-879-6865,서울특별시 관악구청,2026-05-01,,2026-05-22 22:27:50,2026-05-21 16:32:51
3200000,202632000000300056,봉림교,서울특별시 관악구 신림동 1433-157,서울특별시 관악구 신림동 1433-157,37.48418785,126.9263639,30,2017,거치형,N,N,,N,02-879-6865,서울특별시 관악구청,2026-05-01,,2026-05-22 22:27:50,2026-05-21 16:32:51
3200000,202632000000300059,롯데백화점앞,서울특별시 관악구 봉천로 209,서울특별시 관악구 봉천동 729-22,37.49049549,126.9249817,20,2010,거치형,N,N,,N,02-879-6865,서울특별시 관악구청,2026-05-01,,2026-05-22 22:27:50,2026-05-21 16:32:51
3200000,202632000000300060,세이브마트,서울특별시 관악구 난곡로 220,서울특별시 관악구 신림동 607-73,37.47428544,126.9180585,40,2011,거치형,N,Y,,N,02-879-6865,서울특별시 관악구청,2026-05-01,,2026-05-22 22:27:50,2026-05-21 16:32:51
3200000,202632000000300061,농협하나로마트,서울특별시 관악구 남부순환로 1369,서울특별시 관악구 신림동 1668,37.48012907,126.9028969,10,2013,거치형,N,Y,기계식,N,02-879-6865,서울특별시 관악구청,2026-05-01,,2026-05-22 22:27:50,2026-05-21 16:32:51
3200000,202632000000300063,서원보도교앞,서울특별시 관악구 신림로59길 23,서울특별시 관악구 신림동 1587-22,37.48286087,126.9285864,5,2009,거치형,N,N,,N,02-879-6865,서울특별시 관악구청,2026-05-01,,2026-05-22 22:27:50,2026-05-21 16:32:51
3200000,202632000000300021,서울대입구역 4번출구 앞,서울특별시 관악구 남부순환로 1808,서울특별시 관악구 봉천동 869-10,37.48108808,126.9509178,7,2006,거치형,N,Y,태양광식,N,02-879-6865,서울특별시 관악구청,2026-05-01,,2026-05-22 22:27:50,2026-05-21 16:32:51
3200000,202632000000300022,서울대입구역 4번출구 앞,서울특별시 관악구 남부순환로 1808,서울특별시 관악구 봉천동 869-10,37.48108808,126.9509178,14,2022,거치형,N,Y,기계식,N,02-879-6865,서울특별시 관악구청,2026-05-01,,2026-05-22 22:27:50,2026-05-21 16:32:51
3200000,202632000000300020,서울대입구역 1번출구 뒤,서울특별시 관악구 남부순환로 1830,서울특별시 관악구 봉천동 857-1,37.48077652,126.9531729,7,2014,거치형,N,N,,N,02-879-6865,서울특별시 관악구청,2026-05-01,,2026-05-22 22:27:50,2026-05-21 16:32:51
3200000,202632000000300023,서울대입구역 6번출구 앞,서울특별시 관악구 관악로 185,서울특별시 관악구 봉천동 861-11,37.48179193,126.9526562,10,2014,거치형,N,N,,N,02-879-6865,서울특별시 관악구청,2026-05-01,,2026-05-22 22:27:50,2026-05-21 16:32:51
3200000,202632000000300024,서울대입구역 8번출구앞,서울특별시 관악구 남부순환로 1827,서울특별시 관악구 봉천동 858-7,37.48134425,126.9534118,13,2012,거치형,N,Y,기계식,N,02-879-6865,서울특별시 관악구청,2026-05-01,,2026-05-22 22:27:50,2026-05-21 16:32:51
3200000,202632000000300025,신대방역 1번출구,서울특별시 관악구 난곡로 374,서울특별시 관악구 신림동 516,37.48737251,126.9133961,68,2012,거치형,N,N,,N,02-879-6865,서울특별시 관악구청,2026-05-01,,2026-05-22 22:27:50,2026-05-21 16:32:51
3200000,202632000000300026,신대방역 2번출구,서울특별시 관악구 난곡로 374,서울특별시 관악구 신림동 516,37.48737251,126.9133961,178,2012,단독형,N,Y,기계식,N,02-879-6865,서울특별시 관악구청,2026-05-01,,2026-05-22 22:27:50,2026-05-21 16:32:51
3200000,202632000000300027,신림역 1번출구 뒤,서울특별시 관악구 남부순환로 1618,서울특별시 관악구 신림동 1641-1,37.48407861,126.9304436,21,2001,거치형,N,N,,N,02-879-6865,서울특별시 관악구청,2026-05-01,,2026-05-22 22:27:50,2026-05-21 16:32:51
3200000,202632000000300028,신림역 1번출구 뒤,서울특별시 관악구 남부순환로 1618,서울특별시 관악구 신림동 1641-1,37.48407861,126.9304436,10,2012,거치형,N,N,,N,02-879-6865,서울특별시 관악구청,2026-05-01,,2026-05-22 22:27:50,2026-05-21 16:32:51
3200000,202632000000300032,신림역 4번출구 뒤,서울특별시 관악구 남부순환로 1606,서울특별시 관악구 신림동 1640-7,37.4839267,126.9290847,25,2025,거치형,N,Y,기계식,N,02-879-6863,서울특별시 관악구청,2026-05-01,,2026-05-22 22:27:50,2026-05-21 16:32:51
3200000,202632000000300033,신림역 5번출구 앞,서울특별시 관악구 남부순환로 1605,서울특별시 관악구 신림동 1433-44,37.48437666,126.9290858,11,2013,거치형,N,N,,N,02-879-6863,서울특별시 관악구청,2026-05-01,,2026-05-22 22:27:50,2026-05-21 16:32:51
3200000,202632000000300034,신림역 6번출구 앞,서울특별시 관악구 관악로 183,서울특별시 관악구 봉천동 861-4,37.4816742,126.952501,25,2025,거치형,N,N,,N,02-879-6865,서울특별시 관악구청,2026-05-01,,2026-05-22 22:27:50,2026-05-21 16:32:51
3200000,202632000000300035,신림역 7번출구 앞,서울특별시 관악구 신림로 340,서울특별시 관악구 신림동 1422-5,37.48476254,126.9300965,5,2014,거치형,N,N,,N,02-879-6865,서울특별시 관악구청,2026-05-01,,2026-05-22 22:27:50,2026-05-21 16:32:51
3200000,202632000000300017,사당역 6번출구,서울특별시 관악구 남현동 1130-1,서울특별시 관악구 남현동 1130-1,37.47645322,126.9806962,10,2016,거치형,N,Y,기계식,N,02-879-6865,서울특별시 관악구청,2026-05-01,,2026-05-22 22:27:50,2026-05-21 16:32:51
3200000,202632000000300029,신림역 2번출구 앞,서울특별시 관악구 관악로 174,서울특별시 관악구 봉천동 857-5,37.48067895,126.952974,10,2021,거치형,N,N,,N,02-879-6865,서울특별시 관악구청,2026-05-01,,2026-05-22 22:27:50,2026-05-21 16:32:51
3200000,202632000000300030,신림역 3번출구 앞,서울특별시 관악구 신림로 331,서울특별시 관악구 신림동 1640-12,37.48380137,126.9295354,10,2025,거치형,N,N,,N,02-879-6865,서울특별시 관악구청,2026-05-01,,2026-05-22 22:27:50,2026-05-21 16:32:51
3200000,202632000000300031,신림역 3번출구 뒤,서울특별시 관악구 신림로 331,서울특별시 관악구 신림동 1640-12,37.48380137,126.9295354,8,2014,거치형,N,N,,N,02-879-6865,서울특별시 관악구청,2026-05-01,,2026-05-22 22:27:50,2026-05-21 16:32:51
3200000,202632000000300070,보라매공원 육교,서울특별시 관악구 신사로 132,서울특별시 관악구 신사로 132,37.489013,126.916278,28,2005,거치형,N,N,,N,02-879-6865,서울특별시 관악구청,2026-05-01,,2026-05-22 22:27:50,2026-05-21 16:32:51
3200000,202632000000300071,우방아파트 앞,서울특별시 관악구 관천로27길 2,서울특별시 관악구 관천로27길 2,37.488991,126.918798,7,2017,거치형,N,N,,N,02-879-6865,서울특별시 관악구청,2026-05-01,,2026-05-22 22:27:50,2026-05-21 16:32:51
3200000,202632000000300004,낙성대역 3번출구뒤,서울특별시 관악구 남부순환로 1926,서울특별시 관악구 봉천동 1659-5,37.47681859,126.9631449,15,2015,거치형,N,N,,N,02-879-6865,서울특별시 관악구청,2026-05-01,,2026-05-22 22:27:50,2026-05-21 16:32:51
3200000,202632000000300005,낙성대역 7번출구 앞,서울특별시 관악구 남부순환로 1933,서울특별시 관악구 봉천동 1687-13,37.47712038,126.9641573,15,2015,거치형,N,N,,N,02-879-6865,서울특별시 관악구청,2026-05-01,,2026-05-22 22:27:50,2026-05-21 16:32:51
3200000,202632000000300006,낙성대역 7번 출구 뒤,서울특별시 관악구 남부순환로 1933,서울특별시 관악구 봉천동 1687-13,37.47712038,126.9641573,10,2013,거치형,N,N,,N,02-879-6865,서울특별시 관악구청,2026-05-01,,2026-05-22 22:27:50,2026-05-21 16:32:51
3200000,202632000000300007,낙성대역 7번 출구 뒤,서울특별시 관악구 남부순환로 1933,서울특별시 관악구 봉천동 1687-13,37.47712038,126.9641573,8,2015,거치형,Y,Y,기계식,N,02-879-6865,서울특별시 관악구청,2026-05-01,,2026-05-22 22:27:50,2026-05-21 16:32:51
3200000,202632000000300008,낙성대역 5번 출구 앞,서울특별시 관악구 남부순환로 1923,서울특별시 관악구 봉천동 1686-14,37.47754983,126.9630992,10,2009,거치형,N,N,,N,02-879-6865,서울특별시 관악구청,2026-05-01,,2026-05-22 22:27:50,2026-05-21 16:32:51
3200000,202632000000300009,낙성대역 6번 출구 뒤,서울특별시 관악구 남부순환로 1929,서울특별시 관악구 봉천동 1686-31,37.47733716,126.9635705,5,2015,거치형,N,N,,N,02-879-6865,서울특별시 관악구청,2026-05-01,,2026-05-22 22:27:50,2026-05-21 16:32:51
3200000,202632000000300014,봉천역 5번출구 앞,서울특별시 관악구 남부순환로 1729,서울특별시 관악구 봉천동 926-36,37.48258361,126.942236,20,2012,거치형,N,N,,N,02-879-6865,서울특별시 관악구청,2026-05-01,,2026-05-22 22:27:50,2026-05-21 16:32:51
3200000,202632000000300011,봉천역 3번출구 뒤,서울특별시 관악구 남부순환로 1716,서울특별시 관악구 봉천동 930-39,37.48253974,126.9406137,33,2012,거치형,N,N,,N,02-879-6865,서울특별시 관악구청,2026-05-01,,2026-05-22 22:27:50,2026-05-21 16:32:51
3200000,202632000000300012,봉천역 3번 출구 앞,서울특별시 관악구 남부순환로 1716,서울특별시 관악구 봉천동 930-39,37.48253974,126.9406137,6,2012,거치형,N,Y,기계식,N,02-879-6865,서울특별시 관악구청,2026-05-01,,2026-05-22 22:27:50,2026-05-21 16:32:51
3200000,202632000000300013,봉천역 4번 출구 뒤,서울특별시 관악구 남부순환로 1729,서울특별시 관악구 봉천동 926-36,37.48258361,126.942236,25,2012,거치형,N,N,,N,02-879-6865,서울특별시 관악구청,2026-05-01,,2026-05-22 22:27:50,2026-05-21 16:32:51
3200000,202632000000300057,봉림교,서울특별시 관악구 신림동 1433-157,서울특별시 관악구 신림동 1433-157,37.48418785,126.9263639,5,2017,거치형,N,N,,N,02-879-6865,서울특별시 관악구청,2026-05-01,,2026-05-22 22:27:50,2026-05-21 16:32:51
3200000,202632000000300058,하이마트 앞,서울특별시 관악구 봉천동 남부순환로 1780,서울특별시 관악구 봉천동 남부순환로 1780,37.481551,126.947862,16,2012,거치형,N,N,,N,02-879-6865,서울특별시 관악구청,2026-05-01,,2026-05-22 22:27:50,2026-05-21 16:32:51
3200000,202632000000300062,당곡사거리,서울특별시 관악구 보라매로 4,서울특별시 관악구 봉천동 971-1,37.48995972,126.9279787,5,2009,거치형,N,N,,N,02-879-6865,서울특별시 관악구청,2026-05-01,,2026-05-22 22:27:50,2026-05-21 16:32:51
3200000,202632000000300047,신림동주민센터 및 주변,서울특별시 관악구 신림동길 14,서울특별시 관악구 신림동 1439-3,37.487396,126.9271139,12,2015,거치형,N,N,,N,02-879-6865,서울특별시 관악구청,2026-05-01,,2026-05-22 22:27:50,2026-05-21 16:32:51
3200000,202632000000300015,봉천역 6번 출구 앞,서울특별시 관악구 남부순환로 1733,서울특별시 관악구 봉천동 926-33,37.482452,126.942722,18,2012,거치형,N,Y,기계식,N,02-879-6865,서울특별시 관악구청,2026-05-01,,2026-05-22 22:27:50,2026-05-21 16:32:51
3200000,202632000000300016,사당역5~6출구 사이,서울특별시 관악구 남부순환로 2082-25,서울특별시 관악구 남현동 1060-10,37.47605668,126.9810128,20,2016,거치형,N,Y,기계식,N,02-879-6865,서울특별시 관악구청,2026-05-01,,2026-05-22 22:27:50,2026-05-21 16:32:51
3200000,202632000000300051,대학동주민센터,서울특별시 관악구 신림로 111,서울특별시 관악구 신림동 1516,37.47059604,126.9369573,15,2013,거치형,N,N,,N,02-879-6865,서울특별시 관악구청,2026-05-01,,2026-05-22 22:27:50,2026-05-21 16:32:51
3200000,202632000000300052,관악산광장,서울특별시 관악구 신림로 23,서울특별시 관악구 신림동 210,37.46822695,126.9455287,21,1996,거치형,Y,Y,태양광식,N,02-879-6865,서울특별시 관악구청,2026-05-01,,2026-05-22 22:27:50,2026-05-21 16:32:51
3200000,202632000000300049,관악구청(사이길),서울특별시 관악구 관악로 145,서울특별시 관악구 봉천동 1570-1,37.478426,126.951247,50,2009,거치형,Y,Y,,N,02-879-6865,서울특별시 관악구청,2026-05-01,,2026-05-22 22:27:50,2026-05-21 16:32:51
3210000,202532100000300093,양재시민의숲역 2~3번출구 사이,서울특별시 서초구 강남대로,서울특별시 서초구 양재동 316-11,37.4700605,127.0392648,9,2011,단독형,N,N,,N,02-2155-7186,서울특별시 서초구청,2025-11-06,I,2026-05-15 18:45:05,2025-11-07 09:52:57
3210000,202532100000300177,고속버스터미널 8-1 뒤,서울특별시 서초구 신반포로,서울특별시 서초구 잠원동 110,37.5077266,127.0140062,10,,단독형,N,N,,N,02-2155-7186,서울특별시 서초구청,2025-11-06,I,2026-05-15 18:45:05,2025-11-07 09:52:57
3210000,202532100000300025,서초꿈나무보금자리,서울특별시 서초구 언남10길 48,서울특별시 서초구 양재동 291-7,37.4722,127.045549,5,2020,단독형,N,N,,N,02-2155-7186,서울특별시 서초구청,2025-11-06,I,2026-05-15 18:45:05,2025-11-07 09:52:56
3210000,202532100000300036,교대역 12번출구 앞,서울특별시 서초구 서초중앙로 116,,37.4920659,127.014252,10,,휀스형,N,Y,수동식,N,02-2155-7186,서울특별시 서초구청,2025-11-06,I,2026-05-15 18:45:05,2025-11-07 09:52:56
3210000,202532100000300162,삼호물산,서울특별시 서초구 논현로 87,서울특별시 서초구 양재동 275-6,37.4775411,127.0442017,17,2016,단독형,N,N,,N,02-2155-7186,서울특별시 서초구청,2025-11-06,I,2026-05-15 18:45:05,2025-11-07 09:52:57
3210000,202532100000300167,양재천 연인의 거리,서울특별시 서초구 양재천로 144,서울특별시 서초구 양재동 99-4,37.4777578,127.041475,10,2013,단독형,N,N,,N,02-2155-7186,서울특별시 서초구청,2025-11-06,I,2026-05-15 18:45:05,2025-11-07 09:52:57
3210000,202532100000300107,이수역 3번출구 앞 3,서울특별시 서초구 동작대로,서울특별시 서초구 방배동 2298,37.485398,126.9733885,11,,단독형,N,N,,N,02-2155-7186,서울특별시 서초구청,2025-11-06,I,2026-05-15 18:45:05,2025-11-07 09:52:57
3210000,202532100000300037,교대역 13번출구 뒤 1,서울특별시 서초구 서초중앙로 116,,37.4920659,127.014252,7,,거치형,Y,N,,N,02-2155-7186,서울특별시 서초구청,2025-11-06,I,2026-05-15 18:45:05,2025-11-07 09:52:56
3210000,202532100000300052,내방역 7번출구 앞,서울특별시 서초구 서초대로 103,,37.4899342,127.0041915,4,2017,단독형,N,Y,수동식,N,02-2155-7186,서울특별시 서초구청,2025-11-06,I,2026-05-15 18:45:05,2025-11-07 09:52:56
3210000,202532100000300074,사평역 1번출구,서울특별시 서초구 사평대로,서울특별시 서초구 반포동 20-53,37.5047782,127.0126551,20,,휀스형,N,N,,N,02-2155-7186,서울특별시 서초구청,2025-11-06,I,2026-05-15 18:45:05,2025-11-07 09:52:56
3210000,202532100000300166,양재시장육교 계단 동쪽,서울특별시 서초구 남부순환로 2624,서울특별시 서초구 양재동 1,37.4847867,127.0376801,20,,거치형,Y,N,,N,02-2155-7186,서울특별시 서초구청,2025-11-06,I,2026-05-15 18:45:05,2025-11-07 09:52:57
3210000,202532100000300053,논현역 6번출구 뒤,서울특별시 서초구 강남대로,서울특별시 서초구 잠원동 87-1,37.5175666,127.0101754,10,,휀스형,N,N,,N,02-2155-7186,서울특별시 서초구청,2025-11-06,I,2026-05-15 18:45:05,2025-11-07 09:52:56
3210000,202532100000300071,사당역 14번출구 옆 2,서울특별시 서초구 남부순환로 2103,,37.4767882,126.9825267,15,,단독형,N,N,,N,02-2155-7186,서울특별시 서초구청,2025-11-06,I,2026-05-15 18:45:05,2025-11-07 09:52:56
3210000,202532100000300111,잠원역 4번출구 뒤,서울특별시 서초구 잠원로4길 46,,37.51279984,127.0112204,10,2011,단독형,N,N,,N,02-2155-7186,서울특별시 서초구청,2025-11-06,I,2026-05-15 18:45:05,2025-11-07 09:52:57
3210000,202532100000300196,양재고등학교,서울특별시 서초구 남부순환로346길 9,,37.4827746,127.0324921,20,2011,거치형,Y,N,,N,02-2155-7186,서울특별시 서초구청,2025-11-06,I,2026-05-15 18:45:05,2025-11-07 09:52:57
3210000,202532100000300104,이수역 2번출구 뒤,서울특별시 서초구 동작대로,서울특별시 서초구 방배동 1675,37.48731,126.9824,10,,휀스형,N,N,,N,02-2155-7186,서울특별시 서초구청,2025-11-06,I,2026-05-15 18:45:05,2025-11-07 09:52:57
3210000,202532100000300100,양재역 2번출구 뒤,서울특별시 서초구 남부순환로 2585,서울특별시 서초구 서초동 1366-9,37.48393428,127.0345437,12,2012,단독형,N,N,,N,02-2155-7186,서울특별시 서초구청,2025-11-06,I,2026-05-15 18:45:05,2025-11-07 09:52:57
3210000,202532100000300173,잠원로69(킴스클럽 강남점 앞),서울특별시 서초구 잠원로,서울특별시 서초구 잠원로 51,37.510383,127.007013,10,2019,단독형,N,N,,N,02-2155-7186,서울특별시 서초구청,2025-11-06,I,2026-05-15 18:45:05,2025-11-07 09:52:57
3210000,202532100000300201,방배초등학교,서울특별시 서초구 방배중앙로13길 26,서울특별시 서초구 방배동  861-1,37.4871,126.9875,69,2011,단독형,N,N,,N,02-2155-7186,서울특별시 서초구청,2025-11-06,I,2026-05-15 18:45:05,2025-11-07 09:52:57
3210000,202532100000300172,잠원로 4길  횡단보도 앞,서울특별시 서초구 잠원로4길 46,서울특별시 서초구 잠원동 100-1,37.51279984,127.0112204,7,2011,단독형,N,N,,N,02-2155-7186,서울특별시 서초구청,2025-11-06,I,2026-05-15 18:45:05,2025-11-07 09:52:57
3210000,202532100000300132,서초문화예술회관,서울특별시 서초구 강남대로 201,,37.4818004,127.0357439,10,,거치형,Y,N,,N,02-2155-7186,서울특별시 서초구청,2025-11-06,I,2026-05-15 18:45:05,2025-11-07 09:52:57
3210000,202532100000300186,서래초등학교,서울특별시 서초구 방배로 260,,37.4963529,126.9898009,5,,단독형,N,N,,N,02-2155-7186,서울특별시 서초구청,2025-11-06,I,2026-05-15 18:45:05,2025-11-07 09:52:57
3210000,202532100000300030,강남역 7번출구 앞,서울특별시 서초구 강남대로,서울특별시 서초구 서초동 1374,37.4935637,127.0207666,12,2012,단독형,N,Y,수동식,N,02-2155-7186,서울특별시 서초구청,2025-11-06,I,2026-05-15 18:45:05,2025-11-07 09:52:56
3210000,202532100000300133,서초우체국,서울특별시 서초구 동산로 19,,37.4700682,127.0414828,25,2014,단독형,N,Y,기계식,N,02-2155-7186,서울특별시 서초구청,2025-11-06,I,2026-05-15 18:45:05,2025-11-07 09:52:57
3210000,202532100000300084,신반포역 2번출구,서울특별시 서초구 신반포로 105,서울특별시 서초구 반포동 128-1,37.5083761,127.0096912,10,,휀스형,N,N,,N,02-2155-7186,서울특별시 서초구청,2025-11-06,I,2026-05-15 18:45:05,2025-11-07 09:52:57
3210000,202532100000300033,교대역  13번출구 뒤 2,서울특별시 서초구 서초중앙로 116,,37.4920659,127.014252,10,2012,단독형,N,N,,N,02-2155-7186,서울특별시 서초구청,2025-11-06,I,2026-05-15 18:45:05,2025-11-07 09:52:56
3210000,202532100000300178,고속버스터미널 8-2(9호선) 뒤,서울특별시 서초구 신반포로,서울특별시 서초구 잠원동 110,37.5077266,127.0140062,24,2010,거치형,Y,N,,N,02-2155-7186,서울특별시 서초구청,2025-11-06,I,2026-05-15 18:45:05,2025-11-07 09:52:57
3210000,202532100000300060,반포역 6번출구 뒤 2,서울특별시 서초구 나루터로4길 61,,37.50959202,127.0134684,5,2012,단독형,N,N,,N,02-2155-7186,서울특별시 서초구청,2025-11-06,I,2026-05-15 18:45:05,2025-11-07 09:52:56
3210000,202532100000300168,염곡동 육교(방범초소),서울특별시 서초구 헌릉로 73,서울특별시 서초구 염곡동 260-3,37.46178205,127.049775,10,,거치형,Y,N,,N,02-2155-7186,서울특별시 서초구청,2025-11-06,I,2026-05-15 18:45:05,2025-11-07 09:52:57
3210000,202532100000300116,공군 8610부대,서울특별시 서초구 남부순환로,,37.483535,127.032695,20,,거치형,Y,Y,기계식,N,02-2155-7186,서울특별시 서초구청,2025-11-06,I,2026-05-15 18:45:05,2025-11-07 09:52:57
3210000,202532100000300090,신사역 5번출구 앞,서울특별시 서초구 강남대로,서울특별시 서초구 잠원동 87-1,37.5118849,127.0192402,10,2008,휀스형,N,N,,N,02-2155-7186,서울특별시 서초구청,2025-11-06,I,2026-05-15 18:45:05,2025-11-07 09:52:57
3210000,202532100000300047,내방역 2번출구 뒤,서울특별시 서초구 서초대로 103,,37.4899342,127.0041915,7,2013,단독형,N,N,,N,02-2155-7186,서울특별시 서초구청,2025-11-06,I,2026-05-15 18:45:05,2025-11-07 09:52:56
3210000,202532100000300006,반포역5번출구,"서울특별시 서초구 신반포로47길 124, 텍사스바 (잠원동)",서울특별시 서초구 잠원동 20-1 텍사스바,37.508302,127.01146,5,2025,단독형,N,N,,N,02-2155-7202,서울특별시 서초구청,2025-11-06,I,2026-05-15 18:45:05,2025-11-07 09:52:56
3210000,202532100000300101,양재역 5번출구 앞,서울특별시 서초구 남부순환로 2585,서울특별시 서초구 서초동 1366-9,37.48393428,127.0345437,31,2012,단독형,N,N,,N,02-2155-7186,서울특별시 서초구청,2025-11-06,I,2026-05-15 18:45:05,2025-11-07 09:52:57
3210000,202532100000300197,언남고등학교,서울특별시 서초구 동산로13길 35,,37.4725868,127.042718,50,2015,휀스형,N,Y,수동식,N,02-2155-7186,서울특별시 서초구청,2025-11-06,I,2026-05-15 18:45:05,2025-11-07 09:52:57
3210000,202532100000300077,서초역 4번출구 옆,서울특별시 서초구 서초대로,서울특별시 서초구 서초동 1541-5,37.4915154,127.0076958,14,2013,단독형,N,N,,N,02-2155-7186,서울특별시 서초구청,2025-11-06,I,2026-05-15 18:45:05,2025-11-07 09:52:57
3210000,202532100000300188,서문여자고등학교,서울특별시 서초구 동광로12길 84,서울특별시 서초구 방배동 1514,37.4885743,126.985083,10,2017,거치형,Y,Y,기계식,N,02-2155-7186,서울특별시 서초구청,2025-11-06,I,2026-05-15 18:45:05,2025-11-07 09:52:57
3210000,202532100000300083,신반포역 1번출구 앞,서울특별시 서초구 신반포로 105,서울특별시 서초구 반포동 128-1,37.5083761,127.0096912,20,,단독형,N,Y,수동식,N,02-2155-7186,서울특별시 서초구청,2025-11-06,I,2026-05-15 18:45:05,2025-11-07 09:52:57
3210000,202532100000300094,양재시민의숲역 2번출구,서울특별시 서초구 강남대로,서울특별시 서초구 양재동 316-11,37.4700605,127.0392648,29,2011,단독형,N,N,,N,02-2155-7186,서울특별시 서초구청,2025-11-06,I,2026-05-15 18:45:05,2025-11-07 09:52:57
3210000,202532100000300057,반포역 4번출구 뒤,서울특별시 서초구 신반포로,서울특별시 서초구 반포동 20-44,37.508021,127.011758,5,,휀스형,N,N,,N,02-2155-7186,서울특별시 서초구청,2025-11-06,I,2026-05-15 18:45:05,2025-11-07 09:52:56
3210000,202532100000300050,내방역 6번출구 앞,서울특별시 서초구 서초대로 103,,37.4899342,127.0041915,19,2013,단독형,N,N,,N,02-2155-7186,서울특별시 서초구청,2025-11-06,I,2026-05-15 18:45:05,2025-11-07 09:52:56
3210000,202532100000300150,잠원 스포츠파크,서울특별시 서초구 신반포로23길 66,,37.5109352,127.0052526,20,,거치형,Y,N,,N,02-2155-7186,서울특별시 서초구청,2025-11-06,I,2026-05-15 18:45:05,2025-11-07 09:52:57
3210000,202532100000300165,양재시장 육교 밑,서울특별시 서초구 남부순환로 2626,서울특별시 서초구 양재동 1-11,37.484766,127.038094,10,,단독형,N,N,,N,02-2155-7186,서울특별시 서초구청,2025-11-06,I,2026-05-15 18:45:05,2025-11-07 09:52:57
3210000,202532100000300193,서초중학교,서울특별시 서초구 반포대로13길 48,,37.4854122,127.0087082,15,2016,거치형,Y,Y,기계식,N,02-2155-7186,서울특별시 서초구청,2025-11-06,I,2026-05-15 18:45:05,2025-11-07 09:52:57
3210000,202532100000300125,방배3동 주민센터,서울특별시 서초구 방배로10길 10-20,,37.4802722,126.9990252,4,,단독형,N,N,,N,02-2155-7186,서울특별시 서초구청,2025-11-06,I,2026-05-15 18:45:05,2025-11-07 09:52:57
3210000,202532100000300026,이수역 1번출구 기업은행 앞,서울특별시 서초구 동작대로 134,서울특별시 서초구 방배동 1823,37.48864,126.9826659,7,2020,단독형,N,N,,N,02-2155-7186,서울특별시 서초구청,2025-11-06,I,2026-05-15 18:45:05,2025-11-07 09:52:56
3210000,202532100000300176,고속버스터미널 8-1,서울특별시 서초구 신반포로,서울특별시 서초구 잠원동 110,37.5077266,127.0140062,18,2012,단독형,N,Y,기계식,N,02-2155-7186,서울특별시 서초구청,2025-11-06,I,2026-05-15 18:45:05,2025-11-07 09:52:57
3210000,202532100000300055,반포역 2번출구,서울특별시 서초구 신반포로,서울특별시 서초구 잠원동 103,37.5081254,127.0114957,5,2018,단독형,N,N,,N,02-2155-7186,서울특별시 서초구청,2025-11-06,I,2026-05-15 18:45:05,2025-11-07 09:52:56
3210000,202532100000300159,발리토탈 휘트니스 반포점 앞,서울특별시 서초구 신반포로 83,서울특별시 서초구 반포동 12,37.503047,126.9935265,28,,단독형,N,N,,N,02-2155-7186,서울특별시 서초구청,2025-11-06,I,2026-05-15 18:45:05,2025-11-07 09:52:57
3210000,202532100000300099,양재역 1번출구 앞,서울특별시 서초구 남부순환로 2585,서울특별시 서초구 서초동 1366-9,37.48393428,127.0345437,17,2016,단독형,N,N,,N,02-2155-7186,서울특별시 서초구청,2025-11-06,I,2026-05-15 18:45:05,2025-11-07 09:52:57
3210000,202532100000300095,양재시민의숲역 3번출구 전방 50m,서울특별시 서초구 강남대로,서울특별시 서초구 양재동 316-11,37.4700605,127.0392648,9,2011,단독형,N,N,,N,02-2155-7186,서울특별시 서초구청,2025-11-06,I,2026-05-15 18:45:05,2025-11-07 09:52:57
3210000,202532100000300122,반포4동 주민센터,서울특별시 서초구 사평대로28길 70,,37.4974379,127.0003038,10,2012,단독형,N,Y,수동식,N,02-2155-7186,서울특별시 서초구청,2025-11-06,I,2026-05-15 18:45:05,2025-11-07 09:52:57
3210000,202532100000300020,반포쇼팅타운 7동 앞,"서울특별시 서초구 신반포로 213, 반포쇼핑타운 (잠원동)",서울특별시 서초구 잠원동 69-19 반포쇼핑타운,37.507029,127.007391,10,2022,단독형,,N,,N,02-2155-7186,서울특별시 서초구청,2025-11-06,I,2026-05-15 18:45:05,2025-11-07 09:52:56
3210000,202532100000300103,이수역 1번출구 앞 1,서울특별시 서초구 동작대로,서울특별시 서초구 방배동 1809,37.48893,126.9826,4,,단독형,N,N,,N,02-2155-7186,서울특별시 서초구청,2025-11-06,I,2026-05-15 18:45:05,2025-11-07 09:52:57
3210000,202532100000300181,반포고등학교,서울특별시 서초구 고무래로 71,,37.5022177,127.016153,20,2016,단독형,N,Y,기계식,N,02-2155-7186,서울특별시 서초구청,2025-11-06,I,2026-05-15 18:45:05,2025-11-07 09:52:57
3210000,202532100000300108,이수역 5번출구 옆,서울특별시 서초구 서초대로,서울특별시 서초구 방배동 2298,37.485398,126.9733885,15,,단독형,N,Y,기계식,N,02-2155-7186,서울특별시 서초구청,2025-11-06,I,2026-05-15 18:45:05,2025-11-07 09:52:57
3210000,202532100000300039,교대역 8번출구 앞,서울특별시 서초구 서초중앙로 116,,37.4920659,127.014252,12,,휀스형,N,N,,N,02-2155-7186,서울특별시 서초구청,2025-11-06,I,2026-05-15 18:45:05,2025-11-07 09:52:56
3210000,202532100000300170,우면동 758,서울특별시 서초구 양재대로2길,서울특별시 서초구 우면동 758,37.466213,126.9992001,5,2018,휀스형,N,N,,N,02-2155-7186,서울특별시 서초구청,2025-11-06,I,2026-05-15 18:45:05,2025-11-07 09:52:57
3210000,202532100000300158,래미안퍼스티지 고투몰 1번출구(서쪽)전방 70m,서울특별시 서초구 신반포로 100,,37.5030654,126.9956925,10,,거치형,N,N,,N,02-2155-7186,서울특별시 서초구청,2025-11-06,I,2026-05-15 18:45:05,2025-11-07 09:52:57
3210000,202532100000300148,서초구민체육센터,서울특별시 서초구 사평대로 55,,37.4988259,126.9904937,36,,휀스형,N,N,,N,02-2155-7186,서울특별시 서초구청,2025-11-06,I,2026-05-15 18:45:05,2025-11-07 09:52:57
3210000,202532100000300118,내곡동 주민센터,서울특별시 서초구 염곡말길 9,,37.461942,127.0511758,9,,거치형,Y,Y,수동식,N,02-2155-7186,서울특별시 서초구청,2025-11-06,I,2026-05-15 18:45:05,2025-11-07 09:52:57
3210000,202532100000300007,염곡사거리,서울특별시 서초구 강남대로2길 12 (양재동),서울특별시 서초구 양재동 352-3,37.466163,127.04323,10,2025,단독형,N,N,,N,02-2155-7202,서울특별시 서초구청,2025-11-06,I,2026-05-15 18:45:05,2025-11-07 09:52:56
3210000,202532100000300147,서초구립중앙노인종합복지관,서울특별시 서초구 서초대로54길 45,,37.4922544,127.0167575,5,,단독형,N,N,,N,02-2155-7186,서울특별시 서초구청,2025-11-06,I,2026-05-15 18:45:05,2025-11-07 09:52:57
3210000,202532100000300105,이수역 3번출구 앞 1,서울특별시 서초구 동작대로,서울특별시 서초구 방배동 3177,37.48649,126.9824,15,,휀스형,N,N,,N,02-2155-7186,서울특별시 서초구청,2025-11-06,I,2026-05-15 18:45:05,2025-11-07 09:52:57
3210000,202532100000300072,사당역 1번출구,서울특별시 서초구 남부순환로,서울특별시 서초구 방배동 504-1,37.476246,126.982428,5,,단독형,N,N,,N,02-2155-7186,서울특별시 서초구청,2025-11-06,I,2026-05-15 18:45:05,2025-11-07 09:52:56
3210000,202532100000300009,고속터미널15번출구,"서울특별시 서초구 잠원로 24, 반포자이플라자 (반포동)",서울특별시 서초구 반포동 20-45 반포자이플라자,37.507008,127.00945,10,2025,단독형,N,N,,N,02-2155-7202,서울특별시 서초구,2025-11-06,I,2026-05-15 18:45:05,2025-11-07 09:52:56
3210000,202532100000300146,반포종합운동장,서울특별시 서초구 신반포로16길 30,,37.5005913,126.9942641,40,,거치형,Y,N,,N,02-2155-7186,서울특별시 서초구청,2025-11-06,I,2026-05-15 18:45:05,2025-11-07 09:52:57
3210000,202532100000300064,방배역 3번출구 뒤,서울특별시 서초구 방배로,서울특별시 서초구 방배동 909-10,37.4815644,126.9884953,12,,단독형,N,N,,N,02-2155-7186,서울특별시 서초구청,2025-11-06,I,2026-05-15 18:45:05,2025-11-07 09:52:56
3210000,202532100000300179,고속버스터미널 고투몰 4번출구 앞,서울특별시 서초구 신반포로,서울특별시 서초구 잠원동 110,37.5077266,127.0140062,17,2016,단독형,N,N,,N,02-2155-7186,서울특별시 서초구청,2025-11-06,I,2026-05-15 18:45:05,2025-11-07 09:52:57
3210000,202532100000300143,농협 하나로클럽 양재점,서울특별시 서초구 청계산로 10,서울특별시 서초구 양재동 230,37.4629917,127.0434134,20,2009,휀스형,N,N,,N,02-2155-7186,서울특별시 서초구청,2025-11-06,I,2026-05-15 18:45:05,2025-11-07 09:52:57
3210000,202532100000300120,반포1동 주민센터,서울특별시 서초구 사평대로 273,,37.5050553,127.0133662,9,,거치형,Y,Y,수동식,N,02-2155-7186,서울특별시 서초구청,2025-11-06,I,2026-05-15 18:45:05,2025-11-07 09:52:57
3210000,202532100000300075,서초역 1번출구 뒤,서울특별시 서초구 서초대로,서울특별시 서초구 서초동 1541-5,37.4915154,127.0076958,12,,휀스형,N,N,,N,02-2155-7186,서울특별시 서초구청,2025-11-06,I,2026-05-15 18:45:05,2025-11-07 09:52:56
3210000,202532100000300040,구반포역 1번출구 뒤,서울특별시 서초구 신반포로,서울특별시 서초구 반포동 1142,37.501476,126.986542,20,,휀스형,N,Y,수동식,N,02-2155-7186,서울특별시 서초구청,2025-11-06,I,2026-05-15 18:45:05,2025-11-07 09:52:56
3210000,202532100000300073,사당역 3번출구 뒤,서울특별시 서초구 과천대로 2522,,37.46833,126.9871,5,,단독형,N,N,,N,02-2155-7186,서울특별시 서초구청,2025-11-06,I,2026-05-15 18:45:05,2025-11-07 09:52:56
3210000,202532100000300043,남부터미널  5번출구 뒤,서울특별시 서초구 서초중앙로 26,,37.4846405,127.0169762,15,2013,단독형,N,N,,N,02-2155-7186,서울특별시 서초구청,2025-11-06,I,2026-05-15 18:45:05,2025-11-07 09:52:56
3210000,202532100000300088,신반포역 4번출구 옆,서울특별시 서초구 신반포로 105,서울특별시 서초구 반포동 128-1,37.5083761,127.0096912,10,,휀스형,N,N,,N,02-2155-7186,서울특별시 서초구청,2025-11-06,I,2026-05-15 18:45:05,2025-11-07 09:52:57
3210000,202532100000300008,고속터미널8-1번출구,"서울특별시 서초구 신반포로 177, 반포쇼핑타운 (잠원동)",서울특별시 서초구 잠원동 75-19 반포쇼핑타운,37.506078,127.00419,5,2025,단독형,N,N,,N,02-2155-7202,서울특별시 서초구청,2025-11-06,I,2026-05-15 18:45:05,2025-11-07 09:52:56
3210000,202532100000300128,서초1동 주민센터,서울특별시 서초구 사임당로 89,,37.4901554,127.0194515,6,2012,단독형,N,Y,수동식,N,02-2155-7186,서울특별시 서초구청,2025-11-06,I,2026-05-15 18:45:05,2025-11-07 09:52:57
3210000,202532100000300123,반포본동 주민센터,서울특별시 서초구 신반포로 105,,37.5083761,127.0096912,5,,휀스형,N,Y,수동식,N,02-2155-7186,서울특별시 서초구청,2025-11-06,I,2026-05-15 18:45:05,2025-11-07 09:52:57
3210000,202532100000300114,청계산입구역 2번출구 옆1,서울특별시 서초구 청계산로,서울특별시 서초구 신원동 270-14,37.448705,127.054592,31,,단독형,N,N,,Y,02-2155-7186,서울특별시 서초구청,2025-11-06,I,2026-05-15 18:45:05,2025-11-07 09:52:57
3210000,202532100000300127,서울고등법원,서울특별시 서초구 서초중앙로 157,,37.4977189,127.0117494,20,,거치형,Y,Y,기계식,N,02-2155-7186,서울특별시 서초구청,2025-11-06,I,2026-05-15 18:45:05,2025-11-07 09:52:57
3210000,202532100000300029,강남역 8번출구 앞,서울특별시 서초구 강남대로,서울특별시 서초구 서초동 1374,37.497538,127.027106,8,2021,단독형,N,Y,수동식,N,02-2155-7186,서울특별시 서초구청,2025-11-06,I,2026-05-15 18:45:05,2025-11-07 09:52:56
3210000,202532100000300091,양재시민의숲역 1번출구,서울특별시 서초구 강남대로,서울특별시 서초구 양재동 238,37.4696236,127.0302378,10,2011,단독형,N,N,,N,02-2155-7186,서울특별시 서초구청,2025-11-06,I,2026-05-15 18:45:05,2025-11-07 09:52:57
3210000,202532100000300185,서래초등학교,서울특별시 서초구 방배로 260,,37.4963529,126.9898009,10,,단독형,N,N,,N,02-2155-7186,서울특별시 서초구청,2025-11-06,I,2026-05-15 18:45:05,2025-11-07 09:52:57
3210000,202532100000300182,반포중학교,서울특별시 서초구 신반포로 67,,37.5030706,126.9918514,27,2011,단독형,N,N,,N,02-2155-7186,서울특별시 서초구청,2025-11-06,I,2026-05-15 18:45:05,2025-11-07 09:52:57
3210000,202532100000300137,송동근린공원,서울특별시 서초구 송동길 57,,37.460944,127.016007,10,2019,단독형,N,N,,N,02-2155-7186,서울특별시 서초구청,2025-11-06,I,2026-05-15 18:45:05,2025-11-07 09:52:57
3210000,202532100000300140,양재시민의숲 공원 테니스장,서울특별시 서초구 강남대로 27,서울특별시 서초구 양재동 232,37.4661675,127.0402043,10,2019,단독형,N,N,,N,02-2155-7186,서울특별시 서초구청,2025-11-06,I,2026-05-15 18:45:05,2025-11-07 09:52:57
3210000,202532100000300192,서일중학교,서울특별시 서초구 서운로21길 2,,37.4990723,127.0221387,40,2015,거치형,Y,N,,N,02-2155-7186,서울특별시 서초구청,2025-11-06,I,2026-05-15 18:45:05,2025-11-07 09:52:57
3210000,202532100000300028,동산마을경로당,서울특별시 서초구 동산로12길 8,서울특별시 서초구 양재동 376-3,37.471374,127.04503,10,2020,단독형,N,N,,N,02-2155-7186,서울특별시 서초구청,2025-11-06,I,2026-05-15 18:45:05,2025-11-07 09:52:56
3210000,202532100000300115,청계산입구역 2번출구 옆2,서울특별시 서초구 청계산로,서울특별시 서초구 신원동 270-14,37.448705,127.054592,10,,거치형,Y,N,,N,02-2155-7186,서울특별시 서초구청,2025-11-06,I,2026-05-15 18:45:05,2025-11-07 09:52:57
3210000,202532100000300045,남부터미널 5번출구 앞,서울특별시 서초구 효령로 292,,37.4842201,127.0153987,10,2016,단독형,N,N,,N,02-2155-7186,서울특별시 서초구청,2025-11-06,I,2026-05-15 18:45:05,2025-11-07 09:52:56
3210000,202532100000300012,양재동 20-35앞 보도,,서울특별시 서초구 양재동 20-35,37.4784,127.0392,5,2023,단독형,N,N,,N,02-2155-7186,서울특별시 서초구청,2025-11-06,I,2026-05-15 18:45:05,2025-11-07 09:52:56
3210000,202532100000300022,방배초교 사거리,서울특별시 서초구 서초대로 35,서울특별시 서초구 방배동 867-28,37.486084,126.9861,5,2021,단독형,N,N,,N,02-2155-7186,서울특별시 서초구청,2025-11-06,I,2026-05-15 18:45:05,2025-11-07 09:52:56
3210000,202532100000300054,동작역 1번출구 앞,서울특별시 서초구 동작대로,서울특별시 서초구 반포동 1318,37.5013439,126.9808829,77,2008,거치형,Y,Y,수동식,N,02-2155-7186,서울특별시 서초구청,2025-11-06,I,2026-05-15 18:45:05,2025-11-07 09:52:56
3210000,202532100000300180,경원중학교,서울특별시 서초구 신반포로33길 39,,37.5107518,127.008953,47,,거치형,Y,N,,N,02-2155-7186,서울특별시 서초구청,2025-11-06,I,2026-05-15 18:45:05,2025-11-07 09:52:57
3210000,202532100000300098,양재역 11번출구,서울특별시 서초구 남부순환로 2585,서울특별시 서초구 서초동 1366-9,37.48393428,127.0345437,23,2011,단독형,N,N,,N,02-2155-7186,서울특별시 서초구청,2025-11-06,I,2026-05-15 18:45:05,2025-11-07 09:52:57
3210000,202532100000300051,내방역 7번출구 뒤 하나은행 앞,서울특별시 서초구 서초대로 103,,37.4899342,127.0041915,12,,휀스형,N,N,,N,02-2155-7186,서울특별시 서초구청,2025-11-06,I,2026-05-15 18:45:05,2025-11-07 09:52:56
3210000,202532100000300068,사당역 13번출구 뒤,서울특별시 서초구 방배천로 5-3,,37.4770191,126.9822389,5,,단독형,N,N,,N,02-2155-7186,서울특별시 서초구청,2025-11-06,I,2026-05-15 18:45:05,2025-11-07 09:52:56
3210000,202532100000300076,서초역 3번출구 옆,서울특별시 서초구 서초대로,서울특별시 서초구 서초동 1541-5,37.4915154,127.0076958,7,2013,단독형,N,N,,N,02-2155-7186,서울특별시 서초구청,2025-11-06,I,2026-05-15 18:45:05,2025-11-07 09:52:56
3210000,202532100000300131,서초구청,서울특별시 서초구 남부순환로 2584,,37.483536,127.032693,30,,거치형,Y,Y,수동식,N,02-2155-7186,서울특별시 서초구청,2025-11-06,I,2026-05-15 18:45:05,2025-11-07 09:52:57
3210000,202532100000300038,교대역 6~7번출구 앞,서울특별시 서초구 서초중앙로 116,,37.4920659,127.014252,7,,거치형,Y,N,,N,02-2155-7186,서울특별시 서초구청,2025-11-06,I,2026-05-15 18:45:05,2025-11-07 09:52:56
3210000,202532100000300010,서초자전거스테이션,서울특별시 서초구 양재천동자전거길 484 (양재동),서울특별시 서초구 양재동 126-1,37.473593,127.03827,10,2024,,,N,,N,02-2155-7202,서울특별시 서초구청,2025-11-06,I,2026-05-15 18:45:05,2025-11-07 09:52:56
3210000,202532100000300096,양재시민의숲역 4~5번출구,서울특별시 서초구 강남대로,서울특별시 서초구 양재동 237-1,37.4696429,127.0299492,20,2011,단독형,N,N,,N,02-2155-7186,서울특별시 서초구청,2025-11-06,I,2026-05-15 18:45:05,2025-11-07 09:52:57
3210000,202532100000300195,신반포중학교,서울특별시 서초구 신반포로19길 26,,37.5060855,126.995876,50,2013,단독형,N,N,,N,02-2155-7186,서울특별시 서초구청,2025-11-06,I,2026-05-15 18:45:05,2025-11-07 09:52:57
3210000,202532100000300129,서초2동 주민센터,서울특별시 서초구 서초대로70길 51,,37.4920212,127.0249363,10,,휀스형,N,Y,수동식,N,02-2155-7186,서울특별시 서초구청,2025-11-06,I,2026-05-15 18:45:05,2025-11-07 09:52:57
3210000,202532100000300154,SDC어학원 동광로8길 1 (방배동 823-1),서울특별시 서초구 동광로8길 1,,37.4907958,126.9857676,20,2016,단독형,N,N,,N,02-2155-7186,서울특별시 서초구청,2025-11-06,I,2026-05-15 18:45:05,2025-11-07 09:52:57
3210000,202532100000300041,구반포역 3번출구,서울특별시 서초구 신반포로,서울특별시 서초구 반포동 1314,37.501502,126.986974,6,2016,단독형,N,N,,N,02-2155-7186,서울특별시 서초구청,2025-11-06,I,2026-05-15 18:45:05,2025-11-07 09:52:56
3210000,202532100000300200,원촌중학교,서울특별시 서초구 사평대로45길 10,서울특별시 서초구 반포동 22,37.506062,127.0139388,35,2017,거치형,Y,Y,기계식,N,02-2155-7186,서울특별시 서초구청,2025-11-06,I,2026-05-15 18:45:05,2025-11-07 09:52:57
3210000,202532100000300015,서초동 가정법원,서울특별시 서초구 강남대로 193,,37.48163,127.0367,20,2023,단독형,N,N,,N,02-2155-7186,서울특별시 서초구청,2025-11-06,I,2026-05-15 18:45:05,2025-11-07 09:52:56
3210000,202532100000300153,at센터 맞은편,서울특별시 서초구 강남대로 48-3,,37.4692552,127.0399005,10,2013,단독형,N,N,,N,02-2155-7186,서울특별시 서초구청,2025-11-06,I,2026-05-15 18:45:05,2025-11-07 09:52:57
3210000,202532100000300042,남부터미널  4번출구 앞 2,서울특별시 서초구 서초중앙로 26,,37.4846405,127.0169762,5,,단독형,N,Y,수동식,N,02-2155-7186,서울특별시 서초구청,2025-11-06,I,2026-05-15 18:45:05,2025-11-07 09:52:56
3210000,202532100000300044,남부터미널 4번출구 앞 1,서울특별시 서초구 서초중앙로 26,,37.4846405,127.0169762,6,2012,단독형,N,N,,N,02-2155-7186,서울특별시 서초구청,2025-11-06,I,2026-05-15 18:45:05,2025-11-07 09:52:56
3210000,202532100000300097,양재시민의숲역 5번출구,서울특별시 서초구 강남대로,서울특별시 서초구 양재동 232-2,37.4693331,127.0301872,6,2011,단독형,N,N,,N,02-2155-7186,서울특별시 서초구청,2025-11-06,I,2026-05-15 18:45:05,2025-11-07 09:52:57
3210000,202532100000300160,방배중앙로 138 (세븐일레븐 앞),서울특별시 서초구 방배중앙로 138,서울특별시 서초구 818-1,37.4912966,126.9871053,5,2016,단독형,N,N,,N,02-2155-7186,서울특별시 서초구청,2025-11-06,I,2026-05-15 18:45:05,2025-11-07 09:52:57
3210000,202532100000300157,래미안퍼스티지 고투몰 1번출구(남쪽) 옆,서울특별시 서초구 신반포로 100,,37.5030654,126.9956925,10,,거치형,N,N,,N,02-2155-7186,서울특별시 서초구청,2025-11-06,I,2026-05-15 18:45:05,2025-11-07 09:52:57
3210000,202532100000300175,로고스교회,서울특별시 서초구 방배천로 126,,37.4869652,126.9850803,14,2012,단독형,N,N,,N,02-2155-7186,서울특별시 서초구청,2025-11-06,I,2026-05-15 18:45:05,2025-11-07 09:52:57
3210000,202532100000300149,심산기념관,서울특별시 서초구 사평대로 55,,37.4988259,126.9904937,60,,휀스형,N,N,,N,02-2155-7186,서울특별시 서초구청,2025-11-06,I,2026-05-15 18:45:05,2025-11-07 09:52:57
3210000,202532100000300155,동작대로 164(경문고교 교차로),서울특별시 서초구 동작대로 164,서울특별시 서초구 방배동 2249,37.491268,126.983085,7,2018,단독형,N,N,,N,02-2155-7186,서울특별시 서초구청,2025-11-06,I,2026-05-15 18:45:05,2025-11-07 09:52:57
3210000,202532100000300139,양재시민의 숲(버스정류장 앞),서울특별시 서초구 강남대로 27,서울특별시 서초구 양재동 232,37.4661675,127.0402043,20,,거치형,Y,N,,N,02-2155-7186,서울특별시 서초구청,2025-11-06,I,2026-05-15 18:45:05,2025-11-07 09:52:57
3210000,202532100000300046,내방역 1번출구 뒤,서울특별시 서초구 서초대로 103,,37.4899342,127.0041915,8,2013,단독형,N,N,,N,02-2155-7186,서울특별시 서초구청,2025-11-06,I,2026-05-15 18:45:05,2025-11-07 09:52:56
3210000,202532100000300106,이수역 3번출구 앞 2,서울특별시 서초구 동작대로,서울특별시 서초구 방배동 2298,37.48545,126.9824,10,,휀스형,N,N,,N,02-2155-7186,서울특별시 서초구청,2025-11-06,I,2026-05-15 18:45:05,2025-11-07 09:52:57
3210000,202532100000300087,신반포역 4번출구 뒤,서울특별시 서초구 신반포로 105,서울특별시 서초구 반포동 128-1,37.5083761,127.0096912,10,,휀스형,N,N,,N,02-2155-7186,서울특별시 서초구청,2025-11-06,I,2026-05-15 18:45:05,2025-11-07 09:52:57
3210000,202532100000300067,사당역 12번출구 앞,서울특별시 서초구 동작대로,서울특별시 서초구 방배동 495-3,37.48053,126.982,14,,단독형,N,N,,N,02-2155-7186,서울특별시 서초구청,2025-11-06,I,2026-05-15 18:45:05,2025-11-07 09:52:56
3210000,202532100000300184,서래초등학교,서울특별시 서초구 방배로 260,,37.4963529,126.9898009,10,2014,거치형,Y,N,,N,02-2155-7186,서울특별시 서초구청,2025-11-06,I,2026-05-15 18:45:05,2025-11-07 09:52:57
3210000,202532100000300027,반포종합운동장 테니스장,서울특별시 서초구 신반포로16길 30,서울특별시 서초구 반포동 15-2,37.501034,126.995552,10,2020,단독형,N,N,,N,02-2155-7186,서울특별시 서초구청,2025-11-06,I,2026-05-15 18:45:05,2025-11-07 09:52:56
3210000,202532100000300161,본마을 버스정류장 삼거리,서울특별시 서초구 본마을길,,37.454094,127.053191,15,2019,단독형,N,N,,N,02-2155-7186,서울특별시 서초구청,2025-11-06,I,2026-05-15 18:45:05,2025-11-07 09:52:57
3210000,202532100000300138,신동근린공원 쪽,서울특별시 서초구 나루터로 38,,37.5149626,127.0139557,7,2016,거치형,Y,N,,N,02-2155-7186,서울특별시 서초구청,2025-11-06,I,2026-05-15 18:45:05,2025-11-07 09:52:57
3210000,202532100000300031,고속버스터미널 5번출구 앞,서울특별시 서초구 사평대로,서울특별시 서초구 반포동 117-8,37.5004775,126.9903189,40,2018,거치형,Y,N,,N,02-2155-7186,서울특별시 서초구청,2025-11-06,I,2026-05-15 18:45:05,2025-11-07 09:52:56
3210000,202532100000300141,신원동 청룡텃밭,서울특별시 서초구 청계산로15길,,37.448614,127.058977,5,,단독형,N,N,,N,02-2155-7186,서울특별시 서초구청,2025-11-06,I,2026-05-15 18:45:05,2025-11-07 09:52:57
3210000,202532100000300048,내방역 3번출구 앞,서울특별시 서초구 서초대로 103,,37.4899342,127.0041915,10,2012,단독형,N,N,,N,02-2155-7186,서울특별시 서초구청,2025-11-06,I,2026-05-15 18:45:05,2025-11-07 09:52:56
3210000,202532100000300066,방배역 4번출구 앞,서울특별시 서초구 방배로,서울특별시 서초구 방배동 908-12,37.4818055,126.9977917,22,,단독형,N,N,,N,02-2155-7186,서울특별시 서초구청,2025-11-06,I,2026-05-15 18:45:05,2025-11-07 09:52:56
3210000,202532100000300079,신논현역 1번출구 뒤,서울특별시 서초구 강남대로,서울특별시 서초구 서초동 1373,37.501395,127.0192763,5,,휀스형,N,N,,N,02-2155-7186,서울특별시 서초구청,2025-11-06,I,2026-05-15 18:45:05,2025-11-07 09:52:57
3210000,202532100000300110,잠원역 2번출구,서울특별시 서초구 잠원로4길 46,,37.51279984,127.0112204,5,2012,단독형,N,N,,N,02-2155-7186,서울특별시 서초구청,2025-11-06,I,2026-05-15 18:45:05,2025-11-07 09:52:57
3210000,202532100000300119,내곡파출소,서울특별시 서초구 헌릉로 226,서울특별시 서초구 내곡동 184-1,37.45485861,127.0647207,7,2017,거치형,Y,N,,N,02-2155-7186,서울특별시 서초구청,2025-11-06,I,2026-05-15 18:45:05,2025-11-07 09:52:57
3210000,202532100000300049,내방역 4번출구,서울특별시 서초구 서초대로,서울특별시 서초구 방배동 936-14,37.4873734,126.9845686,7,2015,단독형,N,N,,N,02-2155-7186,서울특별시 서초구청,2025-11-06,I,2026-05-15 18:45:05,2025-11-07 09:52:56
3210000,202532100000300032,고속버스터미널 6번출구 앞,서울특별시 서초구 반포대로,서울특별시 서초구 반포동 18-19,37.502439,127.002603,20,,거치형,Y,N,,N,02-2155-7186,서울특별시 서초구청,2025-11-06,I,2026-05-15 18:45:05,2025-11-07 09:52:56
3210000,202532100000300183,반포초등학교,서울특별시 서초구 신반포로 55-4,,37.5027578,126.9910992,90,2011,거치형,Y,N,,N,02-2155-7186,서울특별시 서초구청,2025-11-06,I,2026-05-15 18:45:05,2025-11-07 09:52:57
3210000,202532100000300013,양재동 도로교통공단 건너,,서울특별시 서초구 양재동 352-16,37.4663,127.0432,6,2023,단독형,N,N,,N,02-2155-7186,서울특별시 서초구청,2025-11-06,I,2026-05-15 18:45:05,2025-11-07 09:52:56
3210000,202532100000300034,교대역  14번출구 뒤,서울특별시 서초구 서초중앙로 116,,37.4920659,127.014252,7,,거치형,Y,N,,N,02-2155-7186,서울특별시 서초구청,2025-11-06,I,2026-05-15 18:45:05,2025-11-07 09:52:56
3210000,202532100000300121,반포2동 주민센터,서울특별시 서초구 신반포로15길 16,,37.5045472,126.9944578,5,2013,단독형,N,Y,수동식,N,02-2155-7186,서울특별시 서초구청,2025-11-06,I,2026-05-15 18:45:05,2025-11-07 09:52:57
3210000,202532100000300145,반포종합사회복지관앞,서울특별시 서초구 신반포로33길 22,,37.5098659,127.0109841,12,,휀스형,N,N,,N,02-2155-7186,서울특별시 서초구청,2025-11-06,I,2026-05-15 18:45:05,2025-11-07 09:52:57
3210000,202532100000300156,동작대로 72,서울특별시 서초구 동작대로 72,서울특별시 서초구 방배동 483-29,37.4829607,126.9823548,5,2018,단독형,N,N,,N,02-2155-7186,서울특별시 서초구청,2025-11-06,I,2026-05-15 18:45:05,2025-11-07 09:52:57
3210000,202532100000300126,방배4동 주민센터,서울특별시 서초구 방배로 173,,37.4889257,126.9922476,10,,거치형,Y,Y,수동식,N,02-2155-7186,서울특별시 서초구청,2025-11-06,I,2026-05-15 18:45:05,2025-11-07 09:52:57
3210000,202532100000300189,서울고등학교,서울특별시 서초구 효령로 197,,37.4842697,127.005399,39,2011,단독형,N,N,,N,02-2155-7186,서울특별시 서초구청,2025-11-06,I,2026-05-15 18:45:05,2025-11-07 09:52:57
3210000,202532100000300070,사당역 14번출구 옆 1,서울특별시 서초구 남부순환로 2103,,37.4767882,126.9825267,14,,휀스형,N,N,,N,02-2155-7186,서울특별시 서초구청,2025-11-06,I,2026-05-15 18:45:05,2025-11-07 09:52:56
3210000,202532100000300016,우면동 네이쳐힐cu 앞,서울특별시 서초구 태봉로 70,서울특별시 서초구 우면동 721-1 우면프라자 1층,37.46468,127.0254,10,2023,단독형,N,N,,N,02-2155-7186,서울특별시 서초구청,2025-11-06,I,2026-05-15 18:45:05,2025-11-07 09:52:56
3210000,202532100000300187,서래초등학교 맞은편 (삼호아파트 육교),서울특별시 서초구 방배로43길 5,,37.49575275,126.9881398,10,2017,휀스형,N,N,,N,02-2155-7186,서울특별시 서초구청,2025-11-06,I,2026-05-15 18:45:05,2025-11-07 09:52:57
3210000,202532100000300136,잠원동 주민센터,서울특별시 서초구 나루터로 38,,37.5149626,127.0139557,5,2016,단독형,N,N,,N,02-2155-7186,서울특별시 서초구청,2025-11-06,I,2026-05-15 18:45:05,2025-11-07 09:52:57
3210000,202532100000300035,교대역 11번출구 앞,서울특별시 서초구 서초중앙로 116,,37.4920659,127.014252,5,2017,단독형,N,N,,N,02-2155-7186,서울특별시 서초구청,2025-11-06,I,2026-05-15 18:45:05,2025-11-07 09:52:56
3210000,202532100000300089,신사역 4번출구 앞,서울특별시 서초구 강남대로,서울특별시 서초구 잠원동 87-1,37.5118849,127.0192402,10,2008,휀스형,N,N,,N,02-2155-7186,서울특별시 서초구청,2025-11-06,I,2026-05-15 18:45:05,2025-11-07 09:52:57
3210000,202532100000300059,반포역 6번출구 뒤 1,서울특별시 서초구 나루터로4길 61,,37.50959202,127.0134684,20,,거치형,Y,N,,N,02-2155-7186,서울특별시 서초구청,2025-11-06,I,2026-05-15 18:45:05,2025-11-07 09:52:56
3210000,202532100000300069,사당역 14번출구 앞,서울특별시 서초구 남부순환로 2103,,37.4767882,126.9825267,20,,거치형,Y,N,,N,02-2155-7186,서울특별시 서초구청,2025-11-06,I,2026-05-15 18:45:05,2025-11-07 09:52:56
3210000,202532100000300191,서울우솔초등학교,서울특별시 서초구 양재대로2길 74,서울특별시 서초구 우면동 774,37.45652907,127.0189383,60,2018,휀스형,Y,Y,수동식,N,02-2155-7186,서울특별시 서초구청,2025-11-06,I,2026-05-15 18:45:05,2025-11-07 09:52:57
3210000,202532100000300102,양재역 8번출구 앞,서울특별시 서초구 강남대로 202,서울특별시 서초구 양재동 14-4,37.4822885,127.036855,5,2017,단독형,N,N,,N,02-2155-7186,서울특별시 서초구청,2025-11-06,I,2026-05-15 18:45:05,2025-11-07 09:52:57
3210000,202532100000300081,신논현역 6번출구 뒤,서울특별시 서초구 강남대로,서울특별시 서초구 서초동 1373,37.501395,127.0192763,10,,휀스형,N,N,,N,02-2155-7186,서울특별시 서초구청,2025-11-06,I,2026-05-15 18:45:05,2025-11-07 09:52:57
3210000,202532100000300113,청계산입구역 1번출구 좌측,서울특별시 서초구 청계산로,서울특별시 서초구 신원동 270-14,37.448705,127.054592,24,,단독형,N,N,,N,02-2155-7186,서울특별시 서초구청,2025-11-06,I,2026-05-15 18:45:05,2025-11-07 09:52:57
3210000,202532100000300019,양재역11번출구,"서울특별시 서초구 남부순환로 지하2585, 양재역 서초동 (서초동)",서울특별시 서초구 서초동 1366-9 양재역,37.48436,127.033946,7,2022,단독형,N,Y,,N,02-2155-7186,서울특별시 서초구청,2025-11-06,I,2026-05-15 18:45:05,2025-11-07 09:52:56
3210000,202532100000300199,언남중학교,서울특별시 서초구 동산로 55,,37.4724059,127.0444116,20,,단독형,N,N,,N,02-2155-7186,서울특별시 서초구청,2025-11-06,I,2026-05-15 18:45:05,2025-11-07 09:52:57
3210000,202532100000300135,양재2동 주민센터,서울특별시 서초구 강남대로12길 44,,37.4705792,127.0412109,6,2015,거치형,Y,Y,수동식,N,02-2155-7186,서울특별시 서초구청,2025-11-06,I,2026-05-15 18:45:05,2025-11-07 09:52:57
3210000,202532100000300163,신원동 328(내곡 도서관 맞은편),서울특별시 서초구 청계산로,서울특별시 서초구 신원동 328,37.452087,127.055641,16,2018,단독형,N,N,,N,02-2155-7186,서울특별시 서초구청,2025-11-06,I,2026-05-15 18:45:05,2025-11-07 09:52:57
3210000,202532100000300194,세화고등학교,서울특별시 서초구 신반포로 56-7,,37.5018721,126.9922636,160,2010,거치형,Y,N,,N,02-2155-7186,서울특별시 서초구청,2025-11-06,I,2026-05-15 18:45:05,2025-11-07 09:52:57
3210000,202532100000300164,양재동 241 (가인빌딩 앞),서울특별시 서초구 마방로 2,,37.473539,127.0391425,17,2019,단독형,N,N,,N,02-2155-7186,서울특별시 서초구청,2025-11-06,I,2026-05-15 18:45:05,2025-11-07 09:52:57
3210000,202532100000300124,방배1동 주민센터,서울특별시 서초구 효령로29길 43,,37.4832812,126.9945303,10,,거치형,Y,N,,N,02-2155-7186,서울특별시 서초구청,2025-11-06,I,2026-05-15 18:45:05,2025-11-07 09:52:57
3210000,202532100000300058,반포역 5번출구 앞,서울특별시 서초구 신반포로,서울특별시 서초구 잠원동 68-10,37.508289,127.011221,10,,단독형,N,N,,N,02-2155-7186,서울특별시 서초구청,2025-11-06,I,2026-05-15 18:45:05,2025-11-07 09:52:56
3210000,202532100000300142,경남쇼핑센터다중이용시설 앞,서울특별시 서초구 신반포로 143,서울특별시 서초구 반포동 1-8,37.5049615,126.999323,70,,거치형,N,N,,N,02-2155-7186,서울특별시 서초구청,2025-11-06,I,2026-05-15 18:45:05,2025-11-07 09:52:57
3210000,202532100000300023,우면파출소 건너편,서울특별시 서초구 양재대로2길,서울특별시 서초구 우면동,37.4558,127.016622,11,2021,단독형,N,N,,N,02-2155-7186,서울특별시 서초구청,2025-11-06,I,2026-05-15 18:45:05,2025-11-07 09:52:56
3210000,202532100000300024,서초포레스타 공공자전거 옆,서울특별시 서초구 청계산로11길,서울특별시 서초구 신원동,37.4489,127.0577,5,2021,단독형,N,N,,N,02-2155-7186,서울특별시 서초구청,2025-11-06,I,2026-05-15 18:45:05,2025-11-07 09:52:56
3210000,202532100000300151,하이브랜드 앞,서울특별시 서초구 매헌로 16,,37.46246789,127.0369482,15,2013,단독형,N,N,,N,02-2155-7186,서울특별시 서초구청,2025-11-06,I,2026-05-15 18:45:05,2025-11-07 09:52:57
3210000,202532100000300086,신반포역 3번출구앞,서울특별시 서초구 신반포로 105,서울특별시 서초구 반포동 128-1,37.5083761,127.0096912,10,,거치형,Y,N,,N,02-2155-7186,서울특별시 서초구청,2025-11-06,I,2026-05-15 18:45:05,2025-11-07 09:52:57
3210000,202532100000300152,한우리정보문화센터,서울특별시 서초구 남부순환로340길 15,,37.4820217,127.0250418,10,,거치형,Y,N,,N,02-2155-7186,서울특별시 서초구청,2025-11-06,I,2026-05-15 18:45:05,2025-11-07 09:52:57
3210000,202532100000300109,이수역 6번출구 뒤,서울특별시 서초구 동작대로,서울특별시 서초구 방배동 2298,37.485398,126.9733885,22,,단독형,N,N,,N,02-2155-7186,서울특별시 서초구청,2025-11-06,I,2026-05-15 18:45:05,2025-11-07 09:52:57
3210000,202532100000300021,반포종합운동장,서울특별시 서초구 신반포로16길 30(반포동),서울특별시 서초구 반포동 15-2,37.5060855,126.995876,15,2022,단독형,N,N,,N,02-2155-7186,서울특별시 서초구청,2025-11-06,I,2026-05-15 18:45:05,2025-11-07 09:52:56
3210000,202532100000300056,반포역 3번출구 앞,서울특별시 서초구 신반포로,서울특별시 서초구 반포동 20-44,37.507567,127.010166,15,,휀스형,N,N,,N,02-2155-7186,서울특별시 서초구청,2025-11-06,I,2026-05-15 18:45:05,2025-11-07 09:52:56
3210000,202532100000300174,방배동 905-34 남서울농협 방배역지점 앞 육교 밑,서울특별시 서초구 방배로,서울특별시 서초구 905-34,37.4846537,126.9957206,10,2009,휀스형,N,N,,N,02-2155-7186,서울특별시 서초구청,2025-11-06,I,2026-05-15 18:45:05,2025-11-07 09:52:57
3210000,202532100000300169,영동1교 북측,서울특별시 서초구  강남대로,서울특별시 서초구 양재동 126-6,37.4745492,127.0375386,6,2012,단독형,N,N,,N,02-2155-7186,서울특별시 서초구청,2025-11-06,I,2026-05-15 18:45:05,2025-11-07 09:52:57
3210000,202532100000300078,서초역 5번출구,서울특별시 서초구 서초대로,서울특별시 서초구 서초동 1541-5,37.4915154,127.0076958,5,,휀스형,N,N,,N,02-2155-7186,서울특별시 서초구청,2025-11-06,I,2026-05-15 18:45:05,2025-11-07 09:52:57
3210000,202532100000300130,서초경찰서,서울특별시 서초구 반포대로 179,,37.4952559,127.0054603,9,2012,단독형,N,N,,N,02-2155-7186,서울특별시 서초구청,2025-11-06,I,2026-05-15 18:45:05,2025-11-07 09:52:57
3210000,202532100000300112,청계산입구역 1번출구 뒤,서울특별시 서초구 청계산로,서울특별시 서초구 신원동 270-14,37.448705,127.054592,20,,단독형,N,Y,기계식,N,02-2155-7186,서울특별시 서초구청,2025-11-06,I,2026-05-15 18:45:05,2025-11-07 09:52:57
3210000,202532100000300085,신반포역 3번출구뒤,서울특별시 서초구 신반포로 105,서울특별시 서초구 반포동 128-1,37.5083761,127.0096912,10,,거치형,Y,N,,N,02-2155-7186,서울특별시 서초구청,2025-11-06,I,2026-05-15 18:45:05,2025-11-07 09:52:57
3210000,202532100000300144,반포도서관,서울특별시 서초구 고무래로 34,,37.5024352,127.0124167,20,,단독형,N,N,,N,02-2155-7186,서울특별시 서초구청,2025-11-06,I,2026-05-15 18:45:05,2025-11-07 09:52:57
3210000,202532100000300065,방배역 3번출구 앞,서울특별시 서초구 방배로,서울특별시 서초구 방배동 909-10,37.4815644,126.9884953,14,,단독형,N,N,,N,02-2155-7186,서울특별시 서초구청,2025-11-06,I,2026-05-15 18:45:05,2025-11-07 09:52:56
3210000,202532100000300198,언남문화체육센터,서울특별시 서초구 동산로13길 35,,37.4724059,127.0444116,80,,휀스형,N,N,,N,02-2155-7186,서울특별시 서초구청,2025-11-06,I,2026-05-15 18:45:05,2025-11-07 09:52:57
3210000,202532100000300063,방배역 2번출구,서울특별시 서초구 방배로,서울특별시 서초구 방배동 981-20,37.4811717,126.9887346,5,,단독형,N,N,,N,02-2155-7186,서울특별시 서초구청,2025-11-06,I,2026-05-15 18:45:05,2025-11-07 09:52:56
3210000,202532100000300080,신논현역 2번출구 뒤,서울특별시 서초구 강남대로,서울특별시 서초구 서초동 1373,37.501395,127.0192763,5,,휀스형,N,N,,N,02-2155-7186,서울특별시 서초구청,2025-11-06,I,2026-05-15 18:45:05,2025-11-07 09:52:57
3210000,202532100000300061,방배역 1번출구 뒤,서울특별시 서초구 방배로,서울특별시 서초구 방배동 984-5,37.4812978,126.9892508,2,,단독형,N,N,,N,02-2155-7186,서울특별시 서초구청,2025-11-06,I,2026-05-15 18:45:05,2025-11-07 09:52:56
3210000,202532100000300018,사당역11번출구,"서울특별시 동작구 남부순환로 지하2089, 사당역(2호선) (사당동)",서울특별시 동작구 사당동 1129 사당역(2호선),37.476595,126.98167,7,2022,단독형,N,N,,N,02-2155-7186,서울특별시 서초구청,2025-11-06,I,2026-05-15 18:45:05,2025-11-07 09:52:56
3210000,202532100000300062,방배역 1번출구 앞,서울특별시 서초구 방배로,서울특별시 서초구 방배동 984-5,37.4812978,126.9892508,5,,단독형,N,N,,N,02-2155-7186,서울특별시 서초구청,2025-11-06,I,2026-05-15 18:45:05,2025-11-07 09:52:56
3210000,202532100000300117,군부대(육군제2089부대),서울특별시 서초구 헌릉로,서울특별시 서초구 내곡동,37.555555,127.555555,51,,휀스형,N,N,,N,02-2155-7186,서울특별시 서초구청,2025-11-06,I,2026-05-15 18:45:05,2025-11-07 09:52:57
3210000,202532100000300171,일동제약 사거리,서울특별시 서초구 강남대로27길 7-21,서울특별시 서초구 양재동 67-7,37.4782622,127.0380204,10,2016,휀스형,N,N,,N,02-2155-7186,서울특별시 서초구청,2025-11-06,I,2026-05-15 18:45:05,2025-11-07 09:52:57
3210000,202532100000300017,총신대역 입구역 1번출구,서울특별시 서초구 동작대로,,37.4885,126.9825,10,2023,단독형,N,N,,N,02-2155-7186,서울특별시 서초구청,2025-11-06,I,2026-05-15 18:45:05,2025-11-07 09:52:56
3210000,202532100000300014,양재시민의숲 역 1번 출구,,서울특별시 서초구 양재동 양재시민의숲역,37.4703,127.0386,5,2023,단독형,N,N,,N,02-2155-7186,서울특별시 서초구청,2025-11-06,I,2026-05-15 18:45:05,2025-11-07 09:52:56
3210000,202532100000300011,양재동 67-7앞 보도,,서울특별시 서초구 양재동 67-7,37.4781,127.0384,4,2023,단독형,N,N,,N,02-2155-7186,서울특별시 서초구청,2025-11-06,I,2026-05-15 18:45:05,2025-11-07 09:52:56
3210000,202532100000300190,서울교육대학교,서울특별시 서초구 서초중앙로 96,,37.4899657,127.0158653,64,2008,거치형,Y,N,,N,02-2155-7186,서울특별시 서초구청,2025-11-06,I,2026-05-15 18:45:05,2025-11-07 09:52:57
3210000,202532100000300134,서초파출소,서울특별시 서초구 효령로 297,,37.4852638,127.0167261,4,,단독형,N,N,,N,02-2155-7186,서울특별시 서초구청,2025-11-06,I,2026-05-15 18:45:05,2025-11-07 09:52:57
3210000,202532100000300092,양재시민의숲역 1번출구,서울특별시 서초구 강남대로,서울특별시 서초구 양재동 238,37.4696236,127.0302378,19,2016,단독형,N,Y,기계식,N,02-2155-7186,서울특별시 서초구청,2025-11-06,I,2026-05-15 18:45:05,2025-11-07 09:52:57
3210000,202532100000300082,신반포역 1번출구 뒤,서울특별시 서초구 신반포로 105,서울특별시 서초구 반포동 128-1,37.5083761,127.0096912,10,,휀스형,N,N,,N,02-2155-7186,서울특별시 서초구청,2025-11-06,I,2026-05-15 18:45:05,2025-11-07 09:52:57
3220000,202332200000300003,수서역 제1 자전거보관소,서울특별시 강남구 광평로47길 17,서울특별시 강남구 수서동 735,37.48738,127.1009,30,,,N,Y,기계식,N,02-3423-6412,서울특별시 강남구청,2026-05-19,U,2026-05-20 03:03:03,2026-05-19 09:38:55
3230000,202432300000300272,석촌역(7번출구 뒤),서울특별시 송파구 백제고분로359,,37.50502,127.1060,15,2019,기타,,N,,N,02-2147-3147,서울특별시 송파구청,2024-07-19,I,2026-05-15 18:45:05,2024-07-30 14:13:40
3230000,202432300000300366,오금고등학교(내),서울특별시 송파구 중대로 247,,37.49278,127.1224,100,2007,휀스형,,Y,,N,02-2147-3147,서울특별시 송파구청,2024-07-19,I,2026-05-15 18:45:05,2024-07-30 14:13:41
3230000,202432300000300007,세륜초등학교 후문 앞,서울특별시 송파구 양재대로 1223-2,,37.51926,127.1332,20,2022,휀스형,,N,,N,02-2147-3147,서울특별시 송파구청,2024-07-19,I,2026-05-15 18:45:05,2024-07-30 14:13:39
3230000,202432300000300343,HELIX 병원앞,서울특별시 송파구 삼전로 54,,37.50512,127.0981,10,1999,휀스형,,N,,N,02-2147-3147,서울특별시 송파구청,2024-07-19,I,2026-05-15 18:45:05,2024-07-30 14:13:41
3230000,202432300000300391,오금역 7번출구 주변,서울특별시 송파구 오금로311,,37.49871,127.1297,10,2007,거치형,,N,,N,02-2147-3147,서울특별시 송파구청,2024-07-19,I,2026-05-15 18:45:05,2024-07-30 14:13:41
3230000,202432300000300221,송파미성아파트 5동옆,서울특별시 송파구 오금로32길10,,37.50522,127.1204,7,2020,기타,,N,,N,02-2147-3147,서울특별시 송파구청,2024-07-19,I,2026-05-15 18:45:05,2024-07-30 14:13:40
3230000,202432300000300371,아주중학교 앞,서울특별시 송파구 올림픽로4길 69,,37.51618,127.1043,75,2012,거치형,,Y,,N,02-2147-3147,서울특별시 송파구청,2024-07-19,I,2026-05-15 18:45:05,2024-07-30 14:13:41
3230000,202432300000300549,오금역 6번출구 후면,서울특별시 송파구 중대로221,,37.50431,127.1174,39,2010,기타,,N,,N,02-2147-3147,서울특별시 송파구청,2024-07-19,I,2026-05-15 18:45:05,2024-07-30 14:13:42
3230000,202432300000300210,마천로103,서울특별시 송파구 마천로103,,37.49458,127.1512,10,2020,거치형,,N,,N,02-2147-3147,서울특별시 송파구청,2024-07-19,I,2026-05-15 18:45:05,2024-07-30 14:13:40
3230000,202432300000300294,잠실역2번출구,서울특별시 송파구 잠실로 156,,37.50403,127.0908,20,2019,거치형,,N,,N,02-2147-3147,서울특별시 송파구청,2024-07-19,I,2026-05-15 18:45:05,2024-07-30 14:13:41
3230000,202432300000300316,위례동주민센터 맞은편 근린공원,서울특별시 송파구 위례광장로199,,37.50388,127.1037,30,2018,거치형,,Y,,N,02-2147-3147,서울특별시 송파구청,2024-07-19,I,2026-05-15 18:45:05,2024-07-30 14:13:41
3230000,202432300000300456,송파미성아파트 1동옆,서울특별시 송파구 오금로32길10,,37.49568,127.1357,30,2007,기타,,N,,N,02-2147-3147,서울특별시 송파구청,2024-07-19,I,2026-05-15 18:45:05,2024-07-30 14:13:41
3230000,202432300000300220,가락고등학교 (좌측),서울특별시 송파구 송이로 45,,37.49286,127.1265,34,2020,휀스형,,N,,N,02-2147-3147,서울특별시 송파구청,2024-07-19,I,2026-05-15 18:45:05,2024-07-30 14:13:40
3230000,202432300000300555,잠실중학교,서울특별시 송파구 올림픽로35길130,,37.50937,127.1102,110,2009,휀스형,,Y,,N,02-2147-3147,서울특별시 송파구청,2024-07-19,I,2026-05-15 18:45:05,2024-07-30 14:13:42
3230000,202432300000300501,잠실나루역 4번출구 북쪽 교각,서울특별시 송파구 오금로20,,37.49671,127.1257,90,2013,거치형,,Y,,N,02-2147-3147,서울특별시 송파구청,2024-07-19,I,2026-05-15 18:45:05,2024-07-30 14:13:42
3230000,202432300000300488,잠실역 9번출구,서울특별시 송파구 올림픽로319,,37.50891,127.0998,20,2014,거치형,,N,,N,02-2147-3147,서울특별시 송파구청,2024-07-19,I,2026-05-15 18:45:05,2024-07-30 14:13:42
3230000,202432300000300164,삼전역1번출구(뒤),서울특별시 송파구 백제고분로187,,37.50468,127.0875,5,2020,거치형,,N,,N,02-2147-3147,서울특별시 송파구청,2024-07-19,I,2026-05-15 18:45:05,2024-08-06 16:54:15
3230000,202432300000300057,오금현대백조아파트,서울특별시 송파구 양재대로72길15,,37.50902,127.1295,67,2009,거치형,,N,,N,02-2147-3147,서울특별시 송파구청,2024-07-19,I,2026-05-15 18:45:05,2024-07-30 14:13:39
3230000,202432300000300553,메리트연립(내),서울특별시 송파구 성내천로32길5,,37.52619,127.1267,25,2009,거치형,,N,,N,02-2147-3147,서울특별시 송파구청,2024-07-19,I,2026-05-15 18:45:05,2024-07-30 14:13:42
3230000,202432300000300359,송파인성장애인 복지관,서울특별시 송파구 마천로61길26,,37.49345,127.1245,6,1999,거치형,,N,,N,02-2147-3147,서울특별시 송파구청,2024-07-19,I,2026-05-15 18:45:05,2024-07-30 14:13:41
3230000,202432300000300255,위례성대로102(스타벅스앞),서울특별시 송파구 위례성대로102,,37.51516,127.1124,5,2020,거치형,,N,,N,02-2147-3147,서울특별시 송파구청,2024-07-19,I,2026-05-15 18:45:05,2024-07-30 14:13:40
3230000,202432300000300310,개나리공원 경로당앞,서울특별시 송파구 잠실동 44-6,,37.50650,127.0796,17,2018,거치형,,Y,,N,02-2147-3147,서울특별시 송파구청,2024-07-19,I,2026-05-15 18:45:05,2024-07-30 14:13:41
3230000,202432300000300104,풍납신동아아파트,서울특별시 송파구 풍성로6길15,,37.53343,127.1145,22,2009,거치형,,Y,,N,02-2147-3147,서울특별시 송파구청,2024-07-19,I,2026-05-15 18:45:05,2024-07-30 14:13:40
3230000,202432300000300543,롯데마트 앞,서울특별시 송파구 올림픽로240,,37.51224,127.1123,95,2010,기타,,N,,N,02-2147-3147,서울특별시 송파구청,2024-07-19,I,2026-05-15 18:45:05,2024-07-30 14:13:42
3230000,202432300000300492,장지공영버스차고지,서울특별시 송파구 충민로6길61-23,,37.49712,127.1197,75,2014,거치형,,Y,,N,02-2147-3147,서울특별시 송파구청,2024-07-19,I,2026-05-15 18:45:05,2024-07-30 14:13:42
3230000,202432300000300469,송파도서관,서울특별시 송파구 동남로263,,37.49863,127.1345,60,2007,휀스형,,N,,N,02-2147-3147,서울특별시 송파구청,2024-07-19,I,2026-05-15 18:45:05,2024-07-30 14:13:42
3230000,202432300000300258,한성백제역2번출구 옆,서울특별시 송파구 위례성대로51,,37.51516,127.1137,10,2020,거치형,,Y,,N,02-2147-3147,서울특별시 송파구청,2024-07-19,I,2026-05-15 18:45:05,2024-07-30 14:13:40
3230000,202432300000300200,문정시영아파트(3동앞),서울특별시 송파구 송이로31길56,,37.49167,127.1358,20,2020,기타,,N,,N,02-2147-3147,서울특별시 송파구청,2024-07-19,I,2026-05-15 18:45:05,2024-07-30 14:13:40
3230000,202432300000300178,거여1단지(104동앞),서울특별시 송파구 양산로8길8,,37.49162,127.1446,60,2020,거치형,,N,,N,02-2147-3147,서울특별시 송파구청,2024-07-19,I,2026-05-15 18:45:05,2024-07-30 14:13:40
3230000,202432300000300036,송파책박물관 앞,서울특별시 송파구 송파대로37길 77,,37.49930,127.1041,56,2021,휀스형,,N,,N,02-2147-3147,서울특별시 송파구청,2024-07-19,I,2026-05-15 18:45:05,2024-07-30 14:13:39
3230000,202432300000300089,우성1차아파트,서울특별시 송파구 송파대로32길8,,37.49650,127.1173,166,2007,기타,,N,,N,02-2147-3147,서울특별시 송파구청,2024-07-19,I,2026-05-15 18:45:05,2024-07-30 14:13:39
3230000,202432300000300367,보성중고등학교 후문,서울특별시 송파구 양재대로 1278,,37.48777,127.1223,305,2007,기타,,N,,N,02-2147-3147,서울특별시 송파구청,2024-07-19,I,2026-05-15 18:45:05,2024-07-30 14:13:41
3230000,202432300000300095,풍납중학교(내),서울특별시 송파구 올림픽로43길20,,37.52517,127.1158,220,2007,거치형,,Y,,N,02-2147-3147,서울특별시 송파구청,2024-07-19,I,2026-05-15 18:45:05,2024-07-30 14:13:39
3230000,202432300000300068,가든5 사거리(가든방향),서울특별시 송파구 충민로66,,37.47836,127.1237,4,2020,단독형,,N,,N,02-2147-3147,서울특별시 송파구청,2024-07-19,I,2026-05-15 18:45:05,2024-07-30 14:13:39
3230000,202432300000300589,오금역 2번출구,서울특별시 송파구 오금로363,,37.50293,127.1377,15,2009,거치형,,Y,,N,02-2147-3147,서울특별시 송파구청,2024-07-19,I,2026-05-15 18:45:05,2024-07-30 14:13:42
3230000,202432300000300117,신천중학교(내),서울특별시 송파구 벡제고분로11,,37.51614,127.0785,147,2007,거치형,,N,,N,02-2147-3147,서울특별시 송파구청,2024-07-19,I,2026-05-15 18:45:05,2024-07-30 14:13:40
3230000,202432300000300491,마천역2번 출구,서울특별시 송파구 마천로57길19,,37.49571,127.1298,25,2014,단독형,,Y,,N,02-2147-3147,서울특별시 송파구청,2024-07-19,I,2026-05-15 18:45:05,2024-07-30 14:13:42
3230000,202432300000300328,오금역 5번출구,서울특별시 송파구 중대로221,,37.49483,127.1147,10,1999,거치형,,Y,,N,02-2147-3147,서울특별시 송파구청,2024-07-19,I,2026-05-15 18:45:05,2024-07-30 14:13:41
3230000,202432300000300147,잠실우성아파트(28동앞),서울특별시 송파구 올림픽로4길42,,37.50438,127.074,35,2020,기타,,N,,N,02-2147-3147,서울특별시 송파구청,2024-07-19,I,2026-05-15 18:45:05,2024-07-30 14:13:40
3230000,202432300000300018,성내1교 하부,서울특별시 송파구 양재대로 1222,,37.51675,127.1320,21,2021,휀스형,,N,,N,02-2147-3147,서울특별시 송파구청,2024-07-19,I,2026-05-15 18:45:05,2024-07-30 14:13:39
3230000,202432300000300407,잠실역 5번출구(뒤),서울특별시 송파구 송파대로567,,37.49827,127.1242,10,2007,휀스형,,Y,,N,02-2147-3147,서울특별시 송파구청,2024-07-19,I,2026-05-15 18:45:05,2024-07-30 14:13:41
3230000,202432300000300129,송파레미니스204동앞,서울특별시 송파구 위례성대로,,37.50790,127.1365,10,2020,거치형,,N,,N,02-2147-3147,서울특별시 송파구청,2024-07-19,I,2026-05-15 18:45:05,2024-07-30 14:13:40
3230000,202432300000300042,올림픽기자촌아파트(201동앞),서울특별시 송파구 양재대로 1218,,37.51504,127.1321,10,2020,거치형,,N,,N,02-2147-3147,서울특별시 송파구청,2024-07-19,I,2026-05-15 18:45:05,2024-07-30 14:13:39
3230000,202432300000300254,위례성대로122(앞),서울특별시 송파구 위례성대로122,,37.51444,127.1128,10,2020,거치형,,N,,N,02-2147-3147,서울특별시 송파구청,2024-07-19,I,2026-05-15 18:45:05,2024-07-30 14:13:40
3230000,202432300000300029,롯데리아 옆,서울특별시 송파구 동남로 313,,37.50334,127.1380,7,2022,기타,,N,,N,02-2147-3147,서울특별시 송파구청,2024-07-19,I,2026-05-15 18:45:05,2024-07-30 14:13:39
3230000,202432300000300181,거여1단지(106동),서울특별시 송파구 양산로8길8,,37.49162,127.1446,60,2020,거치형,,N,,N,02-2147-3147,서울특별시 송파구청,2024-07-19,I,2026-05-15 18:45:05,2024-07-30 14:13:40
3230000,202432300000300485,"잠실나루역 1,2번출구사이",서울특별시 송파구 오금로20,,37.49711,127.1267,295,2015,거치형,,Y,,N,02-2147-3147,서울특별시 송파구청,2024-07-19,I,2026-05-15 18:45:05,2024-07-30 14:13:42
3230000,202432300000300052,배명고등학교(내),서울특별시 송파구 삼학사로11,,37.49828,127.0958,311,2007,휀스형,,Y,,N,02-2147-3147,서울특별시 송파구청,2024-07-19,I,2026-05-15 18:45:05,2024-07-30 14:13:39
3230000,202432300000300145,잠실우성아파트(27동앞),서울특별시 송파구 올림픽로4길42,,37.50469,127.0744,28,2020,기타,,N,,N,02-2147-3147,서울특별시 송파구청,2024-07-19,I,2026-05-15 18:45:05,2024-07-30 14:13:40
3230000,202432300000300583,종합운동장역 6번출구(뒤),서울특별시 송파구 올림픽로 19-2,,37.51769,127.1129,10,2009,거치형,,Y,,N,02-2147-3147,서울특별시 송파구청,2024-07-19,I,2026-05-15 18:45:05,2024-07-30 14:13:42
3230000,202432300000300032,석촌역 2번출구 앞,서울특별시 송파구 백제고분로 379,,37.50579,127.1077,5,2021,거치형,,N,,N,02-2147-3147,서울특별시 송파구청,2024-07-19,I,2026-05-15 18:45:05,2024-07-30 14:13:39
3230000,202432300000300209,거마로33앞,서울특별시 송파구 거마로33,,37.49775,127.1338,2,2020,단독형,,N,,N,02-2147-3147,서울특별시 송파구청,2024-07-19,I,2026-05-15 18:45:05,2024-07-30 14:13:40
3230000,202432300000300155,잠실역6번출구(뒤),서울특별시 송파구 올림픽로120,,37.51404,127.0991,50,2020,휀스형,,N,,N,02-2147-3147,서울특별시 송파구청,2024-07-19,I,2026-05-15 18:45:05,2024-07-30 14:13:40
3230000,202432300000300093,풍납현대아파트105동,서울특별시 송파구 올림픽로 525,,37.52930,127.1189,10,2020,거치형,,N,,N,02-2147-3147,서울특별시 송파구청,2024-07-19,I,2026-05-15 18:45:05,2024-07-30 14:13:39
3230000,202432300000300572,거여어린이집,서울특별시 송파구 오금로 475,,37.49151,127.1444,10,2009,휀스형,,N,,N,02-2147-3147,서울특별시 송파구청,2024-07-19,I,2026-05-15 18:45:05,2024-07-30 14:13:42
3230000,202432300000300001,올림픽로 145 앞,서울특별시 송파구 올림픽로 145,,37.51182,127.0869,5,2023,단독형,,N,,N,02-2147-3147,서울특별시 송파구청,2024-07-19,I,2026-05-15 18:45:05,2024-07-30 14:13:39
3230000,202432300000300436,풍납1동 경로당,서울특별시 송파구 풍성로67,,37.50543,127.1123,10,2007,휀스형,,N,,N,02-2147-3147,서울특별시 송파구청,2024-07-19,I,2026-05-15 18:45:05,2024-07-30 14:13:41
3230000,202432300000300154,석촌호수로249(LPG충전소 건너편),서울특별시 송파구 석촌호수로249,,37.50864,127.1036,10,2020,휀스형,,N,,N,02-2147-3147,서울특별시 송파구청,2024-07-19,I,2026-05-15 18:45:05,2024-07-30 14:13:40
3230000,202232300000300004,기계식주차장(올림픽공원역 3번),"서울특별시 송파구 양재대로 지하1233, 올림픽공원역 (방이동)",서울특별시 송파구 방이동 89-28 올림픽공원역,37.515446,127.129997,202,2018,기타,N,N,,N,02-2656-2774,서울교통공사(9호선운영부문),2022-12-21,I,2026-05-15 18:45:05,2022-12-21 13:40:47
3230000,202432300000300035,한성백제역 2번출구 앞,서울특별시 송파구 위례성대로,,37.51709,127.1165,14,2021,휀스형,,N,,N,02-2147-3147,서울특별시 송파구청,2024-07-19,I,2026-05-15 18:45:05,2024-07-30 14:13:39
3230000,202432300000300489,잠실역 2번출구(환승구입구),서울특별시 송파구 잠실로 156,,37.51121,127.1058,50,2014,거치형,,N,,N,02-2147-3147,서울특별시 송파구청,2024-07-19,I,2026-05-15 18:45:05,2024-07-30 14:13:42
3230000,202432300000300171,몽촌토성역 4번출구(뒤),서울특별시 송파구 올림픽로399,,37.51761,127.1127,15,2020,휀스형,,Y,,N,02-2147-3147,서울특별시 송파구청,2024-07-19,I,2026-05-15 18:45:05,2024-07-30 14:13:40
3230000,202432300000300303,올림픽공원2번출구 (뒤),서울특별시 송파구 양재대로1222,,37.48625,127.1069,20,2016,거치형,,N,,N,02-2147-3147,서울특별시 송파구청,2024-07-19,I,2026-05-15 18:45:05,2024-07-30 14:13:41
3230000,202432300000300012,성내천쉼터,서울특별시 송파구,,37.50124,127.1477,14,2021,휀스형,,N,,N,02-2147-3147,서울특별시 송파구청,2024-07-19,I,2026-05-15 18:45:05,2024-07-30 14:13:39
3230000,202432300000300215,백제고분로36길36,서울특별시 송파구 백제고분로36길36,,37.50094,127.1053,7,2020,거치형,,N,,N,02-2147-3147,서울특별시 송파구청,2024-07-19,I,2026-05-15 18:45:05,2024-07-30 14:13:40
3230000,202432300000300381,배명고등학교(외),서울특별시 송파구 삼학사로 11,,37.50471,127.1021,116,2007,휀스형,,N,,N,02-2147-3147,서울특별시 송파구청,2024-07-19,I,2026-05-15 18:45:05,2024-07-30 14:13:41
3230000,202432300000300041,송파성지아파트,서울특별시 송파구 송이로12길11,,37.49935,127.1150,96,2010,휀스형,,N,,N,02-2147-3147,서울특별시 송파구청,2024-07-19,I,2026-05-15 18:45:05,2024-07-30 14:13:39
3230000,202432300000300377,풍성중학교(외),서울특별시 송파구 올림픽로43길 20,,37.51621,127.1089,172,2007,기타,,Y,,N,02-2147-3147,서울특별시 송파구청,2024-07-19,I,2026-05-15 18:45:05,2024-07-30 14:13:41
3230000,202432300000300416,천호역9번출구(옆),서울특별시 송파구 올림픽로633,,37.51235,127.1123,37,2007,기타,,Y,,N,02-2147-3147,서울특별시 송파구청,2024-07-19,I,2026-05-15 18:45:05,2024-07-30 14:13:41
3230000,202432300000300317,위례동주민센터앞(버스정류장),서울특별시 송파구 위례광장로210,,37.50399,127.1038,15,2018,거치형,,N,,N,02-2147-3147,서울특별시 송파구청,2024-07-19,I,2026-05-15 18:45:05,2024-07-30 14:13:41
3230000,202432300000300475,잠실3동 주민센터(어린이집),서울특별시 송파구 석촌호수로155,,37.50491,127.1067,35,2007,거치형,,Y,,N,02-2147-3147,서울특별시 송파구청,2024-07-19,I,2026-05-15 18:45:05,2024-07-30 14:13:42
3230000,202432300000300338,현대차 잠실,서울특별시 송파구 올림픽로92,,37.51656,127.1044,10,1999,거치형,,N,,N,02-2147-3147,서울특별시 송파구청,2024-07-19,I,2026-05-15 18:45:05,2024-07-30 14:13:41
3230000,202432300000300346,삼성래미안,서울특별시 송파구 문정로83,,37.48899,127.1221,43,1999,거치형,,N,,N,02-2147-3147,서울특별시 송파구청,2024-07-19,I,2026-05-15 18:45:05,2024-07-30 14:13:41
3230000,202432300000300295,삼전동우체국앞,서울특별시 송파구 백제고분로256,,37.50188,127.1043,22,2019,단독형,,N,,N,02-2147-3147,서울특별시 송파구청,2024-07-19,I,2026-05-15 18:45:05,2024-07-30 14:13:41
3230000,202432300000300497,풍납초등학교 교내,서울특별시 송파구 풍성로 43,,37.50751,127.1178,30,2013,거치형,,N,,N,02-2147-3147,서울특별시 송파구청,2024-07-19,I,2026-05-15 18:45:05,2024-07-30 14:13:42
3230000,202432300000300261,보성중고등학교 정문(좌측),서울특별시 송파구 양재대로1278,,37.51533,127.1282,91,2020,휀스형,,N,,N,02-2147-3147,서울특별시 송파구청,2024-07-19,I,2026-05-15 18:45:05,2024-07-30 14:13:40
3230000,202432300000300504,잠실새내내역 8번출구,서울특별시 송파구 올림픽로145,,37.51145,127.1059,45,2013,거치형,,N,,N,02-2147-3147,서울특별시 송파구청,2024-07-19,I,2026-05-15 18:45:05,2024-07-30 14:13:42
3230000,202432300000300237,산림조합중앙회,서울특별시 송파구 석촌호수로166,,37.51124,127.1059,10,2020,거치형,,Y,,N,02-2147-3147,서울특별시 송파구청,2024-07-19,I,2026-05-15 18:45:05,2024-07-30 14:13:40
3230000,202432300000300014,성내6교 하부 계단 옆,서울특별시 송파구,,37.50408,127.1369,14,2021,휀스형,,N,,N,02-2147-3147,서울특별시 송파구청,2024-07-19,I,2026-05-15 18:45:05,2024-07-30 14:13:39
3230000,202432300000300446,문정현대1차아파트,서울특별시 송파구 동남로160,,37.48235,127.1323,127,2007,거치형,,N,,N,02-2147-3147,서울특별시 송파구청,2024-07-19,I,2026-05-15 18:45:05,2024-07-30 14:13:41
3230000,202432300000300070,한국육영학교입구,서울특별시 송파구 충민로6길15,,37.48114,127.1327,30,2009,기타,,N,,N,02-2147-3147,서울특별시 송파구청,2024-07-19,I,2026-05-15 18:45:05,2024-07-30 14:13:39
3230000,202432300000300337,맥도널드,서울특별시 송파구 올림픽로 108,,37.51706,127.1058,15,1999,거치형,,N,,N,02-2147-3147,서울특별시 송파구청,2024-07-19,I,2026-05-15 18:45:05,2024-07-30 14:13:41
3230000,202432300000300326,잠일고등학교,서울특별시 송파구 백제고분로21,,37.50609,127.0875,70,1999,거치형,,Y,,N,02-2147-3147,서울특별시 송파구청,2024-07-19,I,2026-05-15 18:45:05,2024-07-30 14:13:41
3230000,202432300000300319,마천우방아파트 도로변,서울특별시 송파구 성내천로211,,37.50988,127.1059,30,1999,거치형,,N,,N,02-2147-3147,서울특별시 송파구청,2024-07-19,I,2026-05-15 18:45:05,2024-07-30 14:13:41
3230000,202432300000300286,석촌고분역3번출구(올리브영앞),서울특별시 송파구 백제고분로276,,37.50435,127.1067,9,2019,단독형,,N,,N,02-2147-3147,서울특별시 송파구청,2024-07-19,I,2026-05-15 18:45:05,2024-07-30 14:13:41
3230000,202432300000300289,장지역(횡단보도앞),서울특별시 송파구 충민로2길8,,37.47899,127.1267,6,2019,단독형,,N,,N,02-2147-3147,서울특별시 송파구청,2024-07-19,I,2026-05-15 18:45:05,2024-07-30 14:13:41
3230000,202432300000300137,잠실우성아파트(9동옆),서울특별시 송파구 올림픽로4길42,,37.50790,127.0728,10,2020,거치형,,N,,N,02-2147-3147,서울특별시 송파구청,2024-07-19,I,2026-05-15 18:45:05,2024-07-30 14:13:40
3230000,202432300000300297,삼전동 주민센터 게시판앞,서울특별시 송파구 백제고분로236,,37.50650,127.0796,6,2007,단독형,,N,,N,02-2147-3147,서울특별시 송파구청,2024-07-19,I,2026-05-15 18:45:05,2024-07-30 14:13:41
3230000,202432300000300278,석촌역 3번출구(뒤),서울특별시 송파구 송파대로422,,37.50313,127.1087,8,2019,단독형,,N,,N,02-2147-3147,서울특별시 송파구청,2024-07-19,I,2026-05-15 18:45:05,2024-07-30 14:13:40
3230000,202432300000300339,장미상가 A동(카센터),서울특별시 송파구 올림픽로35길 104,,37.51737,127.1143,14,1999,거치형,,N,,N,02-2147-3147,서울특별시 송파구청,2024-07-19,I,2026-05-15 18:45:05,2024-07-30 14:13:41
3230000,202432300000300285,방이역1번출구(앞),서울특별시 송파구 마천로5길4,,37.50871,127.1267,5,2019,단독형,,Y,,N,02-2147-3147,서울특별시 송파구청,2024-07-19,I,2026-05-15 18:45:05,2024-07-30 14:13:41
3230000,202432300000300344,강남수병원,서울특별시 송파구 삼전로 52,,37.50495,127.0978,15,1999,기타,,N,,N,02-2147-3147,서울특별시 송파구청,2024-07-19,I,2026-05-15 18:45:05,2024-07-30 14:13:41
3230000,202432300000300571,풍납동 신한은행 앞,서울특별시 송파구 토성로 58,,37.49523,127.1448,10,2009,휀스형,,N,,N,02-2147-3147,서울특별시 송파구청,2024-07-19,I,2026-05-15 18:45:05,2024-07-30 14:13:42
3230000,202432300000300028,티스테이션 옆,서울특별시 송파구 동남로 312,,37.50301,127.1383,14,2022,휀스형,,N,,N,02-2147-3147,서울특별시 송파구청,2024-07-19,I,2026-05-15 18:45:05,2024-07-30 14:13:39
3230000,202432300000300464,신동아아파트(102동앞),서울특별시 송파구 성내천로21길12,,37.49832,127.1247,10,2007,기타,,N,,N,02-2147-3147,서울특별시 송파구청,2024-07-19,I,2026-05-15 18:45:05,2024-07-30 14:13:42
3230000,202432300000300034,송파나루역 2번출구 앞,서울특별시 송파구 오금로 153,,37.51071,127.1122,7,2021,거치형,,N,,N,02-2147-3147,서울특별시 송파구청,2024-07-19,I,2026-05-15 18:45:05,2024-07-30 14:13:39
3230000,202432300000300056,하나은행 송파지점,서울특별시 송파구 오금로307,,37.50341,127.1264,10,2009,거치형,,N,,N,02-2147-3147,서울특별시 송파구청,2024-07-19,I,2026-05-15 18:45:05,2024-07-30 14:13:39
3230000,202432300000300216,원불교 잠실교당앞,서울특별시 송파구 백제고분로36길34,,37.50094,127.1053,20,2020,거치형,,N,,N,02-2147-3147,서울특별시 송파구청,2024-07-19,I,2026-05-15 18:45:05,2024-07-30 14:13:40
3230000,202432300000300396,몽촌토성역 3번출구(앞),서울특별시 송파구 백제고분로51길30,,37.50585,127.1094,30,2007,휀스형,,Y,,N,02-2147-3147,서울특별시 송파구청,2024-07-19,I,2026-05-15 18:45:05,2024-07-30 14:13:41
3230000,202432300000300266,송파나루역3번출구(앞),서울특별시 송파구 백제고분로446,,37.51463,127.1076,5,2020,거치형,,N,,N,02-2147-3147,서울특별시 송파구청,2024-07-19,I,2026-05-15 18:45:05,2024-07-30 14:13:40
3230000,202432300000300033,석촌역 4번출구 앞,서울특별시 송파구 송파대로 422,,37.50504,127.1077,7,2021,휀스형,,N,,N,02-2147-3147,서울특별시 송파구청,2024-07-19,I,2026-05-15 18:45:05,2024-07-30 14:13:39
3230000,202432300000300474,잠실4동 주민센터 주차장,서울특별시 송파구 올림픽로35길12,,37.51712,127.1047,10,2007,거치형,,Y,,N,02-2147-3147,서울특별시 송파구청,2024-07-19,I,2026-05-15 18:45:05,2024-07-30 14:13:42
3230000,202432300000300162,올림픽로76,서울특별시 송파구 올림픽로76,,37.51160,127.0791,10,2020,거치형,,N,,N,02-2147-3147,서울특별시 송파구청,2024-07-19,I,2026-05-15 18:45:05,2024-07-30 14:13:40
3230000,202432300000300507,경찰병원역 4번출구(뒤),서울특별시 송파구 중대로105,,37.49932,127.1042,40,2013,거치형,,N,,N,02-2147-3147,서울특별시 송파구청,2024-07-19,I,2026-05-15 18:45:05,2024-07-30 14:13:42
3230000,202432300000300205,문정시영아파트(9동앞),서울특별시 송파구 송이로31길56,,37.49167,127.1358,10,2020,기타,,N,,N,02-2147-3147,서울특별시 송파구청,2024-07-19,I,2026-05-15 18:45:05,2024-07-30 14:13:40
3230000,202432300000300557,강동구청역 4번출구(앞),서울특별시 송파구 올림픽로553,,37.52067,127.1128,25,2009,거치형,,N,,N,02-2147-3147,서울특별시 송파구청,2024-07-19,I,2026-05-15 18:45:05,2024-07-30 14:13:42
3230000,202432300000300140,잠실우성아파트(12동앞),서울특별시 송파구 올림픽로4길42,,37.50691,127.0727,14,2020,기타,,N,,N,02-2147-3147,서울특별시 송파구청,2024-07-19,I,2026-05-15 18:45:05,2024-07-30 14:13:40
3230000,202432300000300594,대우레이크월드 맞은편(횡성한우앞보도),서울특별시 송파구 오금로113,,37.50715,127.1423,10,2009,거치형,,N,,N,02-2147-3147,서울특별시 송파구청,2024-07-19,I,2026-05-15 18:45:05,2024-07-30 14:13:42
3230000,202432300000300522,향기빌딩(마천로106),서울특별시 송파구 마천로 106,,37.48478,127.1356,5,2010,거치형,,Y,,N,02-2147-3147,서울특별시 송파구청,2024-07-19,I,2026-05-15 18:45:05,2024-07-30 14:13:42
3230000,202432300000300506,송파글마루도서관,서울특별시 송파구 충민로120,,37.47788,127.1248,50,2013,거치형,,Y,,N,02-2147-3147,서울특별시 송파구청,2024-07-19,I,2026-05-15 18:45:05,2024-07-30 14:13:42
3230000,202432300000300384,개롱역 4번출구,서울특별시 송파구 중대로222,,37.49999,127.1001,39,2007,휀스형,,N,,N,02-2147-3147,서울특별시 송파구청,2024-07-19,I,2026-05-15 18:45:05,2024-07-30 14:13:41
3230000,202432300000300525,잠일초등학교(내),서울특별시 송파구 올림픽로95,,37.51892,127.1124,52,2010,거치형,,N,,N,02-2147-3147,서울특별시 송파구청,2024-07-19,I,2026-05-15 18:45:05,2024-07-30 14:13:42
3230000,202432300000300460,문정현대아파트(101동앞),서울특별시 송파구 송이로34길 26,,37.51011,127.1245,30,2007,기타,,Y,,N,02-2147-3147,서울특별시 송파구청,2024-07-19,I,2026-05-15 18:45:05,2024-07-30 14:13:42
3230000,202432300000300552,파크리오 아파트 B상가내,서울특별시 송파구 올림픽로35길10,,37.50805,127.1138,35,2009,기타,,N,,N,02-2147-3147,서울특별시 송파구청,2024-07-19,I,2026-05-15 18:45:05,2024-07-30 14:13:42
3230000,202432300000300433,롯데마트 1 앞,서울특별시 송파구 중대로 80,,37.49612,127.1040,28,2007,기타,,N,,N,02-2147-3147,서울특별시 송파구청,2024-07-19,I,2026-05-15 18:45:05,2024-07-30 14:13:41
3230000,202432300000300257,한미약품 건너편,서울특별시 송파구 위례성대로51,,37.51516,127.1137,24,2020,휀스형,,N,,N,02-2147-3147,서울특별시 송파구청,2024-07-19,I,2026-05-15 18:45:05,2024-07-30 14:13:40
3230000,202432300000300040,가락고등학교(내),서울특별시 송파구 송이로 42,,37.50136,127.1171,10,2007,거치형,,N,,N,02-2147-3147,서울특별시 송파구청,2024-07-19,I,2026-05-15 18:45:05,2024-07-30 14:13:39
3230000,202432300000300174,신동아아파트(101동),서울특별시 송파구 성내천로21길11,,37.50125,127.1437,40,2020,기타,,N,,N,02-2147-3147,서울특별시 송파구청,2024-07-19,I,2026-05-15 18:45:05,2024-07-30 14:13:40
3230000,202432300000300353,문정근린공원,서울특별시 송파구 송이로30길7,,37.50359,127.1234,10,1999,거치형,,N,,N,02-2147-3147,서울특별시 송파구청,2024-07-19,I,2026-05-15 18:45:05,2024-07-30 14:13:41
3230000,202432300000300207,문정시영아파트(7동앞),서울특별시 송파구 송이로31길56,,37.49167,127.1358,10,2020,휀스형,,N,,N,02-2147-3147,서울특별시 송파구청,2024-07-19,I,2026-05-15 18:45:05,2024-07-30 14:13:40
3230000,202432300000300408,종합운동장역 5번출구,서울특별시 송파구 올림픽로19-2,,37.52099,127.1195,35,2007,기타,,Y,,N,02-2147-3147,서울특별시 송파구청,2024-07-19,I,2026-05-15 18:45:05,2024-07-30 14:13:41
3230000,202432300000300472,방이1동주민센터,서울특별시 송파구 위례성대로16길22,,37.47898,127.1426,7,2007,거치형,,Y,,N,02-2147-3147,서울특별시 송파구청,2024-07-19,I,2026-05-15 18:45:05,2024-07-30 14:13:42
3230000,202432300000300260,올림픽선수기자촌아파트326동앞,서울특별시 송파구 강동대로286,,37.52822,127.1269,30,2020,거치형,,N,,N,02-2147-3147,서울특별시 송파구청,2024-07-19,I,2026-05-15 18:45:05,2024-07-30 14:13:40
3230000,202432300000300364,송파중학교(외),서울특별시 송파구 동남로 203,,37.49223,127.1235,51,2007,휀스형,,Y,,N,02-2147-3147,서울특별시 송파구청,2024-07-19,I,2026-05-15 18:45:05,2024-07-30 14:13:41
3230000,202432300000300528,"잠실나루역2,3번교각밑",서울특별시 송파구 오금로20,,37.49671,127.1257,65,2010,거치형,,N,,N,02-2147-3147,서울특별시 송파구청,2024-07-19,I,2026-05-15 18:45:05,2024-07-30 14:13:42
3230000,202432300000300586,로데오거리입구 주변,서울특별시 송파구 동남로92,,37.52085,127.1168,30,2009,거치형,,N,,N,02-2147-3147,서울특별시 송파구청,2024-07-19,I,2026-05-15 18:45:05,2024-07-30 14:13:42
3230000,202432300000300185,거여4단지(402동앞),서울특별시 송파구 양산로4길8,,37.48912,127.1438,5,2020,휀스형,,N,,N,02-2147-3147,서울특별시 송파구청,2024-07-19,I,2026-05-15 18:45:05,2024-07-30 14:13:40
3230000,202432300000300065,가락상아1차아파트,서울특별시 송파구 오금로405,,37.49818,127.1356,8,2010,휀스형,,N,,N,02-2147-3147,서울특별시 송파구청,2024-07-19,I,2026-05-15 18:45:05,2024-07-30 14:13:39
3230000,202432300000300513,삼광교통 차고지,서울특별시 송파구 충민로6길 67,,37.47792,127.1258,20,2013,거치형,,Y,,N,02-2147-3147,서울특별시 송파구청,2024-07-19,I,2026-05-15 18:45:05,2024-07-30 14:13:42
3230000,202432300000300588,오금역 2번출구 후면,서울특별시 송파구 오금로363,,37.50293,127.1377,15,2009,거치형,,N,,N,02-2147-3147,서울특별시 송파구청,2024-07-19,I,2026-05-15 18:45:05,2024-07-30 14:13:42
3230000,202432300000300233,오금로414(명문빌딩),서울특별시 송파구 오금로414,,37.49628,127.1235,17,1999,휀스형,,N,,N,02-2147-3147,서울특별시 송파구청,2024-07-19,I,2026-05-15 18:45:05,2024-07-30 14:13:40
3230000,202432300000300332,롯데마트 시계탑앞,서울특별시 송파구 올림픽로 240,,37.51229,127.0870,20,1999,거치형,,N,,N,02-2147-3147,서울특별시 송파구청,2024-07-19,I,2026-05-15 18:45:05,2024-07-30 14:13:41
3230000,202432300000300512,잠실본동주민센터,서울특별시 송파구 백제고분로15길9,,37.50298,127.1097,24,2013,기타,,Y,,N,02-2147-3147,서울특별시 송파구청,2024-07-19,I,2026-05-15 18:45:05,2024-07-30 14:13:42
3230000,202432300000300090,가락금호아파트정문앞,서울특별시 송파구 송파대로32길15,,37.49555,127.1171,20,2009,거치형,,N,,N,02-2147-3147,서울특별시 송파구청,2024-07-19,I,2026-05-15 18:45:05,2024-07-30 14:13:39
3230000,202432300000300045,한성백제박물관입구,서울특별시 송파구 위례성대로 71,,37.51586,127.1206,35,2020,거치형,,N,,N,02-2147-3147,서울특별시 송파구청,2024-07-19,I,2026-05-15 18:45:05,2024-07-30 14:13:39
3230000,202432300000300138,잠실우성아파트(11동앞),서울특별시 송파구 올림픽로4길42,,37.50747,127.0718,28,2020,기타,,N,,N,02-2147-3147,서울특별시 송파구청,2024-07-19,I,2026-05-15 18:45:05,2024-07-30 14:13:40
3230000,202432300000300071,한우물공원(가든5 LIFE앞),서울특별시 송파구 충민로 66,,37.47901,127.1255,4,1999,거치형,,N,,N,02-2147-3147,서울특별시 송파구청,2024-07-19,I,2026-05-15 18:45:05,2024-07-30 14:13:39
3230000,202432300000300105,현대리버빌1차아파트,서울특별시 송파구 토성로37,,37.53074,127.1153,20,2007,휀스형,,N,,N,02-2147-3147,서울특별시 송파구청,2024-07-19,I,2026-05-15 18:45:05,2024-07-30 14:13:40
3230000,202432300000300076,올림픽훼미리아파트,서울특별시 송파구 중대로24,,37.48902,127.1154,35,2010,거치형,,N,,N,02-2147-3147,서울특별시 송파구청,2024-07-19,I,2026-05-15 18:45:05,2024-07-30 14:13:39
3230000,202432300000300532,오금역 1번출구 후면,서울특별시 송파구 오금로323,,37.49631,127.1276,15,2010,거치형,,N,,N,02-2147-3147,서울특별시 송파구청,2024-07-19,I,2026-05-15 18:45:05,2024-07-30 14:13:42
3230000,202432300000300168,문정시영아파트(5동앞),서울특별시 송파구 송이로31길56,,37.49167,127.1357,17,2020,기타,,N,,N,02-2147-3147,서울특별시 송파구청,2024-07-19,I,2026-05-15 18:45:05,2024-07-30 14:13:40
3230000,202432300000300008,"송파역 3,4번출구 앞",서울특별시 송파구 송파대로 345,,37.49936,127.1120,123,2022,단독형,,N,,N,02-2147-3147,서울특별시 송파구청,2024-07-19,I,2026-05-15 18:45:05,2024-07-30 14:13:39
3230000,202432300000300461,문정건영아파트(105동옆),서울특별시 송파구 새말로8길 12,,37.49781,127.1323,31,2007,기타,,N,,N,02-2147-3147,서울특별시 송파구청,2024-07-19,I,2026-05-15 18:45:05,2024-07-30 14:13:42
3230000,202432300000300248,천호 풍납전통시장입구,서울특별시 송파구 올림픽로474,,37.51498,127.1091,17,2020,단독형,,N,,N,02-2147-3147,서울특별시 송파구청,2024-07-19,I,2026-05-15 18:45:05,2024-07-30 14:13:40
3230000,202432300000300184,거여4단지아파트(401동앞),서울특별시 송파구 양산로4길8,,37.48912,127.1438,10,2020,휀스형,,N,,N,02-2147-3147,서울특별시 송파구청,2024-07-19,I,2026-05-15 18:45:05,2024-07-30 14:13:40
3230000,202432300000300540,잠실역 8번출구(뒤),서울특별시 송파구 올림픽로 269,,37.51765,127.1165,65,2010,기타,,N,,N,02-2147-3147,서울특별시 송파구청,2024-07-19,I,2026-05-15 18:45:05,2024-07-30 14:13:42
3230000,202432300000300131,잠실우성아파트(1동뒤),서울특별시 송파구 올림픽로4길42,,37.50851,127.0732,21,2020,기타,,N,,N,02-2147-3147,서울특별시 송파구청,2024-07-19,I,2026-05-15 18:45:05,2024-07-30 14:13:40
3230000,202432300000300149,잠실우성아파트(25동26동사이),서울특별시 송파구 올림픽로4길42,,37.50487,127.0733,28,2020,기타,,N,,N,02-2147-3147,서울특별시 송파구청,2024-07-19,I,2026-05-15 18:45:05,2024-07-30 14:13:40
3230000,202432300000300072,한우물공원(가든5 LIFE건너),서울특별시 송파구 송파대로 111,,37.47933,127.1251,15,1999,거치형,,N,,N,02-2147-3147,서울특별시 송파구청,2024-07-19,I,2026-05-15 18:45:05,2024-07-30 14:13:39
3230000,202432300000300502,잠실나루역 4번출구,서울특별시 송파구 오금로20,,37.49671,127.1257,100,2013,기타,,N,,N,02-2147-3147,서울특별시 송파구청,2024-07-19,I,2026-05-15 18:45:05,2024-07-30 14:13:42
3230000,202432300000300530,거여역1번출구(뒤),서울특별시 송파구 오금로495,,37.49576,127.1265,44,2010,휀스형,,Y,,N,02-2147-3147,서울특별시 송파구청,2024-07-19,I,2026-05-15 18:45:05,2024-07-30 14:13:42
3230000,202432300000300270,석촌역 4번출구(뒤),서울특별시 송파구 양재대로925,,37.49496,127.1193,30,2020,거치형,,N,,N,02-2147-3147,서울특별시 송파구청,2024-07-19,I,2026-05-15 18:45:05,2024-07-30 14:13:40
3230000,202432300000300424,서울아산병원(공영주차장 입구),서울특별시 송파구 올림픽로43길 88,,37.51610,127.1203,111,2007,휀스형,,Y,,N,02-2147-3147,서울특별시 송파구청,2024-07-19,I,2026-05-15 18:45:05,2024-07-30 14:13:41
3230000,202432300000300600,보성중고등학교 정문(우측),서울특별시 송파구 양재대로1278,,37.51912,127.1306,175,2008,기타,,Y,,N,02-2147-3147,서울특별시 송파구청,2024-07-19,I,2026-05-15 18:45:05,2024-07-30 14:13:42
3230000,202432300000300587,서울동부고용복지센터,서울특별시 송파구 중대로135,,37.50425,127.1357,30,2009,거치형,,N,,N,02-2147-3147,서울특별시 송파구청,2024-07-19,I,2026-05-15 18:45:05,2024-07-30 14:13:42
3230000,202432300000300021,성내천변 데크,서울특별시 송파구,,37.52333,127.1062,35,2021,휀스형,,N,,N,02-2147-3147,서울특별시 송파구청,2024-07-19,I,2026-05-15 18:45:05,2024-07-30 14:13:39
3230000,202432300000300017,성내천(오륜초등학교)방면 화장실 옆,서울특별시 송파구,,37.51215,127.1356,7,2021,기타,,N,,N,02-2147-3147,서울특별시 송파구청,2024-07-19,I,2026-05-15 18:45:05,2024-07-30 14:13:39
3230000,202432300000300107,송파구보건소,서울특별시 송파구 올림픽로 326,,37.51468,127.1067,37,2020,거치형,,N,,N,02-2147-3147,서울특별시 송파구청,2024-07-19,I,2026-05-15 18:45:05,2024-07-30 14:13:40
3230000,202432300000300409,잠실새내역 3번출구,서울특별시 송파구 올림픽로132,,37.51760,127.1022,15,2007,거치형,,Y,,N,02-2147-3147,서울특별시 송파구청,2024-07-19,I,2026-05-15 18:45:05,2024-07-30 14:13:41
3230000,202432300000300048,창덕여고운동장,서울특별시 송파구 양재대로1240,,37.51531,127.1402,390,2020,거치형,,Y,,N,02-2147-3147,서울특별시 송파구청,2024-07-19,I,2026-05-15 18:45:05,2024-07-30 14:13:39
3230000,202432300000300116,송파나루역1번출구,서울특별시 송파구 백제고분로436,,37.51007,127.1118,10,2020,거치형,,Y,,N,02-2147-3147,서울특별시 송파구청,2024-07-19,I,2026-05-15 18:45:05,2024-07-30 14:13:40
3230000,202432300000300222,"송파미성아파트 (1,2동사이)",서울특별시 송파구 오금로32길10,,37.50522,127.1204,20,2020,기타,,N,,N,02-2147-3147,서울특별시 송파구청,2024-07-19,I,2026-05-15 18:45:05,2024-07-30 14:13:40
3230000,202432300000300206,문정시영아파트(10동앞),서울특별시 송파구 송이로31길56,,37.49167,127.1358,7,2020,기타,,N,,N,02-2147-3147,서울특별시 송파구청,2024-07-19,I,2026-05-15 18:45:05,2024-07-30 14:13:40
3230000,202432300000300307,송파공업고등학교(내),서울특별시 송파구 양산로 21,,37.48614,127.1227,78,2017,휀스형,,Y,,N,02-2147-3147,서울특별시 송파구청,2024-07-19,I,2026-05-15 18:45:05,2024-07-30 14:13:41
3230000,202432300000300143,잠실우성아파트(18동옆),서울특별시 송파구 올림픽로4길42,,37.50575,127.0722,14,2020,기타,,N,,N,02-2147-3147,서울특별시 송파구청,2024-07-19,I,2026-05-15 18:45:05,2024-07-30 14:13:40
3230000,202432300000300025,삼전역 1번출구 옆,서울특별시 송파구 백제고분로 187,,37.50460,127.0879,5,2022,거치형,,N,,N,02-2147-3147,서울특별시 송파구청,2024-07-19,I,2026-05-15 18:45:05,2024-07-30 14:13:39
3230000,202432300000300182,거여4단지(405동앞),서울특별시 송파구 양산로4길8,,37.48912,127.1438,5,2020,휀스형,,N,,N,02-2147-3147,서울특별시 송파구청,2024-07-19,I,2026-05-15 18:45:05,2024-07-30 14:13:40
3230000,202432300000300465,마천아남아파트,서울특별시 송파구 마천로35길18,,37.49898,127.1253,40,2007,기타,,N,,N,02-2147-3147,서울특별시 송파구청,2024-07-19,I,2026-05-15 18:45:05,2024-07-30 14:13:42
3230000,202432300000300372,잠실고등학교,서울특별시 송파구 올림픽로33길 71,,37.51678,127.0984,160,2007,거치형,,Y,,N,02-2147-3147,서울특별시 송파구청,2024-07-19,I,2026-05-15 18:45:05,2024-07-30 14:13:41
3230000,202432300000300050,올림픽선수촌아파트(231동),서울특별시 송파구 양재대로1218,,37.51422,127.1335,40,2020,거치형,,N,,N,02-2147-3147,서울특별시 송파구청,2024-07-19,I,2026-05-15 18:45:05,2024-07-30 14:13:39
3230000,202432300000300361,거여역8번출구,서울특별시 송파구 오금로 492-1,,37.49019,127.1219,10,2017,휀스형,,Y,,N,02-2147-3147,서울특별시 송파구청,2024-07-19,I,2026-05-15 18:45:05,2024-07-30 14:13:41
3230000,202432300000300061,아멘교회,서울특별시 송파구 중대로25길 11,,37.50335,127.1274,10,2017,휀스형,,N,,N,02-2147-3147,서울특별시 송파구청,2024-07-19,I,2026-05-15 18:45:05,2024-07-30 14:13:39
3230000,202432300000300023,복정역 3번출구 앞,서울특별시 송파구 송파대로 3,,37.47096,127.1262,20,2022,거치형,,N,,N,02-2147-3147,서울특별시 송파구청,2024-07-19,I,2026-05-15 18:45:05,2024-07-30 14:13:39
3230000,202432300000300119,유천연립,서울특별시 송파구 풍성로254길16,,37.53595,127.1191,20,2007,휀스형,,N,,N,02-2147-3147,서울특별시 송파구청,2024-07-19,I,2026-05-15 18:45:05,2024-07-30 14:13:40
3230000,202432300000300173,신동아아파트(102동뒤),서울특별시 송파구 성내천로21길11,,37.50125,127.1437,10,2020,기타,,N,,N,02-2147-3147,서울특별시 송파구청,2024-07-19,I,2026-05-15 18:45:05,2024-07-30 14:13:40
3230000,202432300000300581,"잠실새내역 6번출구(옆,뒤)",서울특별시 송파구 올림픽로99,,37.52067,127.1128,15,2009,거치형,,N,,N,02-2147-3147,서울특별시 송파구청,2024-07-19,I,2026-05-15 18:45:05,2024-07-30 14:13:42
3230000,202432300000300051,올림픽파크텔뒤,서울특별시 송파구 올림픽로448,,37.52249,127.1168,40,1999,거치형,,N,,N,02-2147-3147,서울특별시 송파구청,2024-07-19,I,2026-05-15 18:45:05,2024-07-30 14:13:39
3230000,202432300000300534,"잠실나루역 1번,4번출구교가밑",서울특별시 송파구 오금로20,,37.49671,127.1257,170,2010,거치형,,N,,N,02-2147-3147,서울특별시 송파구청,2024-07-19,I,2026-05-15 18:45:05,2024-07-30 14:13:42
3230000,202432300000300567,잠실역 9번출구 공원,서울특별시 송파구 올림픽로295,,37.52246,127.1032,50,2009,거치형,,N,,N,02-2147-3147,서울특별시 송파구청,2024-07-19,I,2026-05-15 18:45:05,2024-07-30 14:13:42
3230000,202432300000300231,구. 문정가락자전거 대여소 앞,서울특별시 송파구 중대로2길6,,37.49317,127.1158,20,2020,휀스형,,Y,,N,02-2147-3147,서울특별시 송파구청,2024-07-19,I,2026-05-15 18:45:05,2024-07-30 14:13:40
3230000,202432300000300179,거여1단지(101동앞),서울특별시 송파구 양산로8길8,,37.49162,127.1446,110,2020,거치형,,Y,,N,02-2147-3147,서울특별시 송파구청,2024-07-19,I,2026-05-15 18:45:05,2024-07-30 14:13:40
3230000,202432300000300038,개롱역4번출구,서울특별시 송파구 중대로222,,37.49499,127.0153,20,2020,휀스형,,Y,,N,02-2147-3147,서울특별시 송파구청,2024-07-19,I,2026-05-15 18:45:05,2024-07-30 14:13:39
3230000,202432300000300576,거원초등학교,서울특별시 송파구 양산로2길26,,37.50545,127.1274,36,2009,휀스형,,Y,,N,02-2147-3147,서울특별시 송파구청,2024-07-19,I,2026-05-15 18:45:05,2024-07-30 14:13:42
3230000,202432300000300499,오금로247(건양빌딩),서울특별시 송파구 오금로 247,,37.50451,127.1283,10,2013,거치형,,N,,N,02-2147-3147,서울특별시 송파구청,2024-07-19,I,2026-05-15 18:45:05,2024-07-30 14:13:42
3230000,202432300000300183,거여4단지(404동앞),서울특별시 송파구 양산로4길8,,37.48912,127.1438,15,2020,휀스형,,N,,N,02-2147-3147,서울특별시 송파구청,2024-07-19,I,2026-05-15 18:45:05,2024-07-30 14:13:40
3230000,202432300000300536,대동빌딩 앞,서울특별시 송파구 중대로 109,,37.49921,127.1063,15,2010,거치형,,N,,N,02-2147-3147,서울특별시 송파구청,2024-07-19,I,2026-05-15 18:45:05,2024-07-30 14:13:42
3230000,202432300000300053,우주빌라,서울특별시 송파구 삼학사로13길43,,37.50401,127.0922,7,2007,휀스형,,N,,N,02-2147-3147,서울특별시 송파구청,2024-07-19,I,2026-05-15 18:45:05,2024-07-30 14:13:39
3230000,202432300000300186,거여4단지(403동앞),서울특별시 송파구 양산로4길8,,37.48912,127.1438,25,2020,휀스형,,N,,N,02-2147-3147,서울특별시 송파구청,2024-07-19,I,2026-05-15 18:45:05,2024-07-30 14:13:40
3230000,202432300000300515,방이근린공원(앞),서울특별시 송파구 백제고분로 489,,37.50651,127.1095,5,2012,거치형,,N,,N,02-2147-3147,서울특별시 송파구청,2024-07-19,I,2026-05-15 18:45:05,2024-07-30 14:13:42
3230000,202432300000300281,대우유토피아(송파구청맞은편 투썸플레이스앞),서울특별시 송파구 오금로81,,37.51424,127.1057,10,2019,단독형,,N,,N,02-2147-3147,서울특별시 송파구청,2024-07-19,I,2026-05-15 18:45:05,2024-07-30 14:13:41
3230000,202432300000300413,석촌역 2번출구(뒤),서울특별시 송파구 백제고분로 377-2,,37.50503,127.0863,25,2007,휀스형,,Y,,N,02-2147-3147,서울특별시 송파구청,2024-07-19,I,2026-05-15 18:45:05,2024-07-30 14:13:41
3230000,202432300000300558,강동구청역 4번출구(뒤),서울특별시 송파구 올림픽로553,,37.52067,127.1128,42,2009,거치형,,N,,N,02-2147-3147,서울특별시 송파구청,2024-07-19,I,2026-05-15 18:45:05,2024-07-30 14:13:42
3230000,202432300000300109,"잠실역10번,11번출구사이 2단거치대",서울특별시 송파구 올림픽로 300,,37.51449,127.1046,118,2014,기타,,N,,N,02-2147-3147,서울특별시 송파구청,2024-07-19,I,2026-05-15 18:45:05,2024-07-30 14:13:40
3230000,202432300000300541,잠실역 3번출구(앞),서울특별시 송파구 올림픽로240,,37.51224,127.1123,75,2010,거치형,,Y,,N,02-2147-3147,서울특별시 송파구청,2024-07-19,I,2026-05-15 18:45:05,2024-07-30 14:13:42
3230000,202432300000300601,잠전초등학교(내),서울특별시 송파구 올림픽로12길51,,37.49783,127.1232,95,2008,기타,,Y,,N,02-2147-3147,서울특별시 송파구청,2024-07-19,I,2026-05-15 18:45:05,2024-07-30 14:13:42
3230000,202432300000300191,복정역 1번출구(앞),서울특별시 송파구 장지동 602-18,,37.47423,127.1330,10,2020,휀스형,,Y,,N,02-2147-3147,서울특별시 송파구청,2024-07-19,I,2026-05-15 18:45:05,2024-07-30 14:13:40
3230000,202432300000300011,무명교량 하부 운동기구 옆,서울특별시 송파구,,37.47667,127.1233,7,2021,휀스형,,N,,N,02-2147-3147,서울특별시 송파구청,2024-07-19,I,2026-05-15 18:45:05,2024-07-30 14:13:39
3230000,202432300000300311,장지역4번출구 하비오 근린공원앞,서울특별시 송파구 송파대로111,,37.50987,127.0850,15,2018,거치형,,Y,,N,02-2147-3147,서울특별시 송파구청,2024-07-19,I,2026-05-15 18:45:05,2024-07-30 14:13:41
3230000,202432300000300320,송파 보건지소,서울특별시 송파구 양산로5,,37.48012,127.1212,10,1999,거치형,,N,,N,02-2147-3147,서울특별시 송파구청,2024-07-19,I,2026-05-15 18:45:05,2024-07-30 14:13:41
3230000,202432300000300275,잠실새내역(6번출구뒤),서울특별시 송파구 올림픽로99,,37.51402,127.0781,15,2019,단독형,,Y,,N,02-2147-3147,서울특별시 송파구청,2024-07-19,I,2026-05-15 18:45:05,2024-07-30 14:13:40
3230000,202432300000300242,배명고등학교(좌측),서울특별시 송파구 삼전로11,,37.50444,127.0926,114,2007,휀스형,,N,,N,02-2147-3147,서울특별시 송파구청,2024-07-19,I,2026-05-15 18:45:05,2024-07-30 14:13:40
3230000,202432300000300292,석촌역6번출구(뒤),서울특별시 송파구 백제고분로364,,37.50432,127.1065,20,2019,휀스형,,N,,N,02-2147-3147,서울특별시 송파구청,2024-07-19,I,2026-05-15 18:45:05,2024-07-30 14:13:41
3230000,202432300000300243,석촌고분역4번출구,서울특별시 송파구 백제고분로272,,37.50513,127.1029,8,2020,거치형,,Y,,N,02-2147-3147,서울특별시 송파구청,2024-07-19,I,2026-05-15 18:45:05,2024-07-30 14:13:40
3230000,202432300000300282,잠실새내역8번출구앞,서울특별시 송파구 올림픽로145,,37.51198,127.0870,10,2019,거치형,,N,,N,02-2147-3147,서울특별시 송파구청,2024-07-19,I,2026-05-15 18:45:05,2024-07-30 14:13:41
3230000,202432300000300427,서문교회앞,서울특별시 송파구 강동대로 320,,37.48457,127.1376,24,2007,휀스형,,N,,N,02-2147-3147,서울특별시 송파구청,2024-07-19,I,2026-05-15 18:45:05,2024-07-30 14:13:41
3230000,202432300000300315,잠실파인만,서울특별시 송파구 석촌호수로150,,37.50509,127.1047,7,2018,단독형,,N,,N,02-2147-3147,서울특별시 송파구청,2024-07-19,I,2026-05-15 18:45:05,2024-07-30 14:13:41
3230000,202432300000300290,장지역 국립농수산물 품질관리원앞,서울특별시 송파구 충민로2길12,,37.47855,127.1268,15,2019,단독형,,N,,N,02-2147-3147,서울특별시 송파구청,2024-07-19,I,2026-05-15 18:45:05,2024-07-30 14:13:41
3230000,202432300000300060,오금삼성아파트,서울특별시 송파구 문정로197,,37.49603,127.1393,58,2007,휀스형,,N,,N,02-2147-3147,서울특별시 송파구청,2024-07-19,I,2026-05-15 18:45:05,2024-07-30 14:13:39
3230000,202432300000300556,강동구청역 5번출구(앞),서울특별시 송파구 올림픽로553,,37.52067,127.1128,39,2009,기타,,N,,N,02-2147-3147,서울특별시 송파구청,2024-07-19,I,2026-05-15 18:45:05,2024-07-30 14:13:42
3230000,202432300000300397,몽촌토성역 2번출구,서울특별시 송파구 위례성대로2,,37.47852,127.1447,45,2007,휀스형,,Y,,N,02-2147-3147,서울특별시 송파구청,2024-07-19,I,2026-05-15 18:45:05,2024-07-30 14:13:41
3230000,202432300000300560,잠신초등학교 측면부(내),서울특별시 송파구 잠실로32,,37.50965,127.0867,40,2009,거치형,,Y,,N,02-2147-3147,서울특별시 송파구청,2024-07-19,I,2026-05-15 18:45:05,2024-07-30 14:13:42
3230000,202432300000300550,경찰병원역 2번출구(뒤),서울특별시 송파구 송이로123,,37.49123,127.1453,15,2010,거치형,,N,,N,02-2147-3147,서울특별시 송파구청,2024-07-19,I,2026-05-15 18:45:05,2024-07-30 14:13:42
3230000,202432300000300478,송파구민회관(송파구의회),서울특별시 송파구 백제고분로242,,37.50212,127.1087,20,2007,기타,,N,,N,02-2147-3147,서울특별시 송파구청,2024-07-19,I,2026-05-15 18:45:05,2024-07-30 14:13:42
3230000,202432300000300097,풍납현대아파트 관리소,서울특별시 송파구 올림픽로 525,,37.52930,127.1189,30,2007,휀스형,,N,,N,02-2147-3147,서울특별시 송파구청,2024-07-19,I,2026-05-15 18:45:05,2024-07-30 14:13:39
3230000,202432300000300447,금호어울림아파트 맞은편(성내천로39길4),서울특별시 송파구 성내천로39길4,,37.49765,127.1288,20,2007,휀스형,,N,,N,02-2147-3147,서울특별시 송파구청,2024-07-19,I,2026-05-15 18:45:05,2024-07-30 14:13:41
3230000,202432300000300118,잠실주공5단지아파트(관리사무소),서울특별시 송파구 송파대로 567,,37.51660,127.0943,30,2020,거치형,,N,,N,02-2147-3147,서울특별시 송파구청,2024-07-19,I,2026-05-15 18:45:05,2024-07-30 14:13:40
3230000,202432300000300279,개롱역(1번출구),서울특별시 송파구 오금로323,,37.50121,127.1298,5,2019,단독형,,Y,,N,02-2147-3147,서울특별시 송파구청,2024-07-19,I,2026-05-15 18:45:05,2024-07-30 14:13:41
3230000,202432300000300085,가락시장역6번출입구,서울특별시 송파구 가락동100,,37.49213,127.1194,16,1999,거치형,,N,,N,02-2147-3147,서울특별시 송파구청,2024-07-19,I,2026-05-15 18:45:05,2024-07-30 14:13:39
3230000,202432300000300538,진화운수 차고지내,서울특별시 송파구 충민로6길5,,37.47772,127.1278,34,2010,거치형,,Y,,N,02-2147-3147,서울특별시 송파구청,2024-07-19,I,2026-05-15 18:45:05,2024-07-30 14:13:42
3230000,202432300000300293,종합운동장역 9번출구,서울특별시 송파구 올림픽로44,,37.51322,127.0986,31,2019,단독형,,Y,,N,02-2147-3147,서울특별시 송파구청,2024-07-19,I,2026-05-15 18:45:05,2024-07-30 14:13:41
3230000,202432300000300403,몽촌토성역 5번출구,서울특별시 송파구 올림픽로399,,37.52036,127.1212,37,2007,휀스형,,N,,N,02-2147-3147,서울특별시 송파구청,2024-07-19,I,2026-05-15 18:45:05,2024-07-30 14:13:41
3230000,202432300000300114,한양1차아파트,서울특별시 송파구 가락로187,,37.50590,127.1142,147,2007,기타,,N,,N,02-2147-3147,서울특별시 송파구청,2024-07-19,I,2026-05-15 18:45:05,2024-07-30 14:13:40
3230000,202432300000300323,보인고등학교 정문,서울특별시 송파구 오금로49길18,,37.49288,127.1364,372,1999,휀스형,,Y,,N,02-2147-3147,서울특별시 송파구청,2024-07-19,I,2026-05-15 18:45:05,2024-07-30 14:13:41
3230000,202432300000300393,올림픽공원역 4번출구(앞),서울특별시 송파구 올림픽로 424,,37.51745,127.1164,30,2007,휀스형,,Y,,N,02-2147-3147,서울특별시 송파구청,2024-07-19,I,2026-05-15 18:45:05,2024-07-30 14:13:41
3230000,202432300000300564,문정현대아파트,서울특별시 송파구 송파대로20길 16,,37.52218,127.1033,30,2009,거치형,,N,,N,02-2147-3147,서울특별시 송파구청,2024-07-19,I,2026-05-15 18:45:05,2024-07-30 14:13:42
3230000,202432300000300486,종합운동장역 9번출구,서울특별시 송파구 올림픽로44,,37.51234,127.1058,35,2015,거치형,,N,,N,02-2147-3147,서울특별시 송파구청,2024-07-19,I,2026-05-15 18:45:05,2024-07-30 14:13:42
3230000,202432300000300537,송파 우체국 앞,서울특별시 송파구 오금로323,,37.49631,127.1276,10,2010,거치형,,N,,N,02-2147-3147,서울특별시 송파구청,2024-07-19,I,2026-05-15 18:45:05,2024-07-30 14:13:42
3230000,202432300000300508,잠실나루역 3번출구,서울특별시 송파구 오금로20,,37.49671,127.1257,10,2013,거치형,,N,,N,02-2147-3147,서울특별시 송파구청,2024-07-19,I,2026-05-15 18:45:05,2024-07-30 14:13:42
3230000,202432300000300006,거여역 7번출구,서울특별시 송파구 오금로498,,37.49304,127.1439,20,2023,휀스형,,N,,N,02-2147-3147,서울특별시 송파구청,2024-07-19,I,2026-05-15 18:45:05,2024-07-30 14:13:39
3230000,202432300000300218,가락중학교(좌측),서울특별시 송파구 송이로 45,,37.49286,127.1265,10,2020,휀스형,,Y,,N,02-2147-3147,서울특별시 송파구청,2024-07-19,I,2026-05-15 18:45:05,2024-07-30 14:13:40
3230000,202432300000300529,잠실나루역 교각하부(남측 구청쪽),서울특별시 송파구 오금로20,,37.49671,127.1257,65,2010,거치형,,N,,N,02-2147-3147,서울특별시 송파구청,2024-07-19,I,2026-05-15 18:45:05,2024-07-30 14:13:42
3230000,202432300000300418,장지역2번출구(뒤),서울특별시 송파구 충민로2길8앞,,37.47899,127.1268,30,2007,휀스형,,Y,,N,02-2147-3147,서울특별시 송파구청,2024-07-19,I,2026-05-15 18:45:05,2024-07-30 14:13:41
3230000,202432300000300341,아시아공원 지하보도 13번출구,서울특별시 송파구 올림픽로99,,37.51193,127.0781,10,1999,거치형,,N,,N,02-2147-3147,서울특별시 송파구청,2024-07-19,I,2026-05-15 18:45:05,2024-07-30 14:13:41
3230000,202432300000300565,거여현대3차아파트,서울특별시 송파구 거마로 41,,37.48895,127.1255,80,2009,거치형,,N,,N,02-2147-3147,서울특별시 송파구청,2024-07-19,I,2026-05-15 18:45:05,2024-07-30 14:13:42
3230000,202432300000300542,잠실역 4번출구(앞),서울특별시 송파구 올림픽로240,,37.51224,127.1123,104,2010,거치형,,N,,N,02-2147-3147,서울특별시 송파구청,2024-07-19,I,2026-05-15 18:45:05,2024-07-30 14:13:42
3230000,202432300000300047,보성중고등학교,서울특별시 송파구 양재대로1278,,37.51952,127.1342,353,2007,휀스형,,Y,,N,02-2147-3147,서울특별시 송파구청,2024-07-19,I,2026-05-15 18:45:05,2024-07-30 14:13:39
3230000,202432300000300369,방산고등학교,서울특별시 송파구 오금로27길 18,,37.49218,127.1238,80,2007,기타,,Y,,N,02-2147-3147,서울특별시 송파구청,2024-07-19,I,2026-05-15 18:45:05,2024-07-30 14:13:41
3230000,202432300000300193,삼학사로34앞,서울특별시 송파구 삼학사로34,,37.57840,126.9817,10,2020,휀스형,,N,,N,02-2147-3147,서울특별시 송파구청,2024-07-19,I,2026-05-15 18:45:05,2024-07-30 14:13:40
3230000,202432300000300130,잠실우성아파트(8동앞),서울특별시 송파구 올림픽로4길42,,37.50761,127.0736,28,2020,기타,,N,,N,02-2147-3147,서울특별시 송파구청,2024-07-19,I,2026-05-15 18:45:05,2024-07-30 14:13:40
3230000,202432300000300096,현대리버빌2차아파트,서울특별시 송파구 풍성로24길42,,37.53201,127.1165,50,2007,기타,,N,,N,02-2147-3147,서울특별시 송파구청,2024-07-19,I,2026-05-15 18:45:05,2024-07-30 14:13:39
3230000,202432300000300153,석촌호수로133,서울특별시 송파구 석촌호수로133앞,,37.50757,127.0917,10,2020,거치형,,N,,N,02-2147-3147,서울특별시 송파구청,2024-07-19,I,2026-05-15 18:45:05,2024-07-30 14:13:40
3230000,202432300000300495,거여근린공원 입구,서울특별시 송파구 거여동 11,,37.49612,127.1287,10,2014,거치형,,N,,N,02-2147-3147,서울특별시 송파구청,2024-07-19,I,2026-05-15 18:45:05,2024-07-30 14:13:42
3230000,202432300000300517,천호역10번출구앞,서울특별시 송파구 천호대로996,,37.54567,127.1235,39,2012,휀스형,,Y,,N,02-2147-3147,서울특별시 송파구청,2024-07-19,I,2026-05-15 18:45:05,2024-07-30 14:13:42
3230000,202432300000300394,올림픽공원역 2번출구(앞),서울특별시 송파구 양재대로1222,,37.48415,127.0323,25,2007,거치형,,Y,,N,02-2147-3147,서울특별시 송파구청,2024-07-19,I,2026-05-15 18:45:05,2024-07-30 14:13:41
3230000,202432300000300463,보화2차 아파트,서울특별시 송파구 오금로68길 33,,37.49312,127.1235,20,2007,기타,,N,,N,02-2147-3147,서울특별시 송파구청,2024-07-19,I,2026-05-15 18:45:05,2024-07-30 14:13:42
3230000,202432300000300505,잠실새내역 7번출구 후면,서울특별시 송파구 올림픽로145,,37.51145,127.1059,22,2023,단독형,,N,,N,02-2147-3147,서울특별시 송파구청,2024-07-19,I,2026-05-15 18:45:05,2024-07-30 14:13:42
3230000,202432300000300335,위례성대로92(태종빌딩),서울특별시 송파구 위례성대로 92,,37.50530,127.1029,10,1999,휀스형,,N,,N,02-2147-3147,서울특별시 송파구청,2024-07-19,I,2026-05-15 18:45:05,2024-07-30 14:13:41
3230000,202432300000300069,아우디전시관사거리,서울특별시 송파구 충민로2길8,,37.47937,127.1265,8,2020,단독형,,N,,N,02-2147-3147,서울특별시 송파구청,2024-07-19,I,2026-05-15 18:45:05,2024-07-30 14:13:39
3230000,202432300000300132,잠실우성아파트(1동~2동사이),서울특별시 송파구 올림픽로4길42,,37.50850,127.0732,35,2020,기타,,N,,N,02-2147-3147,서울특별시 송파구청,2024-07-19,I,2026-05-15 18:45:05,2024-07-30 14:13:40
3230000,202432300000300265,백제고분로460,서울특별시 송파구 백제고분로460,,37.51484,127.1053,5,2020,거치형,,N,,N,02-2147-3147,서울특별시 송파구청,2024-07-19,I,2026-05-15 18:45:05,2024-07-30 14:13:40
3230000,202432300000300049,올림픽공원역3번출구,서울특별시 송파구 양재대로1222,,37.51645,127.1303,35,2020,거치형,,N,,N,02-2147-3147,서울특별시 송파구청,2024-07-19,I,2026-05-15 18:45:05,2024-07-30 14:13:39
3230000,202432300000300026,석촌고분역 2번출구 앞,서울특별시 송파구 백제고분로 275,,37.50281,127.0971,7,2022,기타,,N,,N,02-2147-3147,서울특별시 송파구청,2024-07-19,I,2026-05-15 18:45:05,2024-07-30 14:13:39
3230000,202432300000300494,성내7교 주변,서울특별시 송파구 성내천로28,,37.48712,127.1312,7,2014,휀스형,,N,,N,02-2147-3147,서울특별시 송파구청,2024-07-19,I,2026-05-15 18:45:05,2024-07-30 14:13:42
3230000,202432300000300197,건영아파트(관리사무소앞),서울특별시 송파구 새말로8길12,,37.48168,127.1264,11,2020,기타,,N,,N,02-2147-3147,서울특별시 송파구청,2024-07-19,I,2026-05-15 18:45:05,2024-07-30 14:13:40
3230000,202432300000300347,성내제6교 왼쪽,서울특별시 송파구 성내천로45,,37.50123,127.1325,15,1999,거치형,,N,,N,02-2147-3147,서울특별시 송파구청,2024-07-19,I,2026-05-15 18:45:05,2024-07-30 14:13:41
3230000,202432300000300336,레이크 팰리스 상가 앞,서울특별시 송파구 석촌호수로 133,,37.50530,127.1029,10,1999,거치형,,N,,N,02-2147-3147,서울특별시 송파구청,2024-07-19,I,2026-05-15 18:45:05,2024-07-30 14:13:41
3230000,202432300000300196,건영아파트(104동앞),서울특별시 송파구 새말로8길12,,37.48168,127.1264,28,2020,기타,,N,,N,02-2147-3147,서울특별시 송파구청,2024-07-19,I,2026-05-15 18:45:05,2024-07-30 14:13:40
3230000,202432300000300160,맥도널드앞,서울특별시 송파구 도곡로434,,37.50429,127.0768,7,2020,거치형,,N,,N,02-2147-3147,서울특별시 송파구청,2024-07-19,I,2026-05-15 18:45:05,2024-07-30 14:13:40
3230000,202432300000300595,오금로251(에덴교회),서울특별시 송파구 오금로 251,,37.49112,127.1233,15,2009,거치형,,N,,N,02-2147-3147,서울특별시 송파구청,2024-07-19,I,2026-05-15 18:45:05,2024-07-30 14:13:42
3230000,202432300000300545,마천우방아파트(103동뒤),서울특별시 송파구 성내천로211,,37.52931,127.1362,20,2010,휀스형,,N,,N,02-2147-3147,서울특별시 송파구청,2024-07-19,I,2026-05-15 18:45:05,2024-07-30 14:13:42
3230000,202432300000300445,잠실근린공원(외),서울특별시 송파구 백제고분로15길7,,37.50123,127.1087,6,2007,휀스형,,N,,N,02-2147-3147,서울특별시 송파구청,2024-07-19,I,2026-05-15 18:45:05,2024-07-30 14:13:41
3230000,202432300000300135,잠실우성아파트(5동옆),서울특별시 송파구 올림픽로4길42,,37.50795,127.0724,35,2020,기타,,N,,N,02-2147-3147,서울특별시 송파구청,2024-07-19,I,2026-05-15 18:45:05,2024-07-30 14:13:40
3230000,202432300000300544,잠실역 3번출구(잠실자전거수리센터앞),서울특별시 송파구 올림픽로240,,37.51224,127.1123,139,2010,거치형,,Y,,N,02-2147-3147,서울특별시 송파구청,2024-07-19,I,2026-05-15 18:45:05,2024-07-30 14:13:42
3230000,202432300000300423,거여역2번출구,서울특별시 송파구 오금로497,,37.49557,127.1343,10,2007,기타,,Y,,N,02-2147-3147,서울특별시 송파구청,2024-07-19,I,2026-05-15 18:45:05,2024-07-30 14:13:41
3230000,202432300000300227,중대로191앞,서울특별시 송파구 중대로191,,37.49232,127.1204,5,2020,거치형,,N,,N,02-2147-3147,서울특별시 송파구청,2024-07-19,I,2026-05-15 18:45:05,2024-07-30 14:13:40
3230000,202432300000300370,정신여고,서울특별시 송파구 올림픽로4길 16,,37.51540,127.1037,40,2007,거치형,,Y,,N,02-2147-3147,서울특별시 송파구청,2024-07-19,I,2026-05-15 18:45:05,2024-07-30 14:13:41
3230000,202432300000300058,가락우창아파트,서울특별시 송파구 동남로24길6,,37.49861,127.1374,63,1999,거치형,,N,,N,02-2147-3147,서울특별시 송파구청,2024-07-19,I,2026-05-15 18:45:05,2024-07-30 14:13:39
3230000,202432300000300510,마천사거리,서울특별시 송파구 마천로 263,,37.49523,127.1448,5,2013,단독형,,N,,N,02-2147-3147,서울특별시 송파구청,2024-07-19,I,2026-05-15 18:45:05,2024-07-30 14:13:42
3230000,202432300000300345,국성빌딩(앞),서울특별시 송파구 삼학사로 47,,37.50623,127.0923,10,1999,휀스형,,N,,N,02-2147-3147,서울특별시 송파구청,2024-07-19,I,2026-05-15 18:45:05,2024-07-30 14:13:41
3230000,202432300000300046,올림픽상가뒤,서울특별시 송파구 양재대로1218,,37.51531,127.1349,7,2020,거치형,,N,,N,02-2147-3147,서울특별시 송파구청,2024-07-19,I,2026-05-15 18:45:05,2024-07-30 14:13:39
3230000,202432300000300592,거여역5번출구,서울특별시 송파구 오금로504,,37.50805,127.1442,10,2009,거치형,,N,,N,02-2147-3147,서울특별시 송파구청,2024-07-19,I,2026-05-15 18:45:05,2024-07-30 14:13:42
3230000,202432300000300022,거여역 6번출구 앞,서울특별시 송파구 양산로 42,,37.49264,127.1444,5,2022,거치형,,N,,N,02-2147-3147,서울특별시 송파구청,2024-07-19,I,2026-05-15 18:45:05,2024-07-30 14:13:39
3230000,202432300000300259,서울송파경찰서 기동순찰대,서울특별시 송파구 양재대로1234,,37.51158,127.1250,29,2020,휀스형,,N,,N,02-2147-3147,서울특별시 송파구청,2024-07-19,I,2026-05-15 18:45:05,2024-07-30 14:13:40
3230000,202432300000300180,거여1단지(103동),서울특별시 송파구 양산로8길8,,37.49162,127.1446,60,2020,거치형,,N,,N,02-2147-3147,서울특별시 송파구청,2024-07-19,I,2026-05-15 18:45:05,2024-07-30 14:13:40
3230000,202432300000300306,석촌동주민센터,서울특별시 송파구 백제고분로37길 16,,37.50175,127.0870,22,2017,휀스형,,Y,,N,02-2147-3147,서울특별시 송파구청,2024-07-19,I,2026-05-15 18:45:05,2024-07-30 14:13:41
3230000,202432300000300450,아시아 아파트 상가내,서울특별시 송파구 올림픽로4길 17,,37.51568,127.1038,14,2007,기타,,N,,N,02-2147-3147,서울특별시 송파구청,2024-07-19,I,2026-05-15 18:45:05,2024-07-30 14:13:41
3230000,202432300000300410,송파역 2번출구,서울특별시 송파구 송파대로34길,,37.49965,127.1035,10,2007,기타,,Y,,N,02-2147-3147,서울특별시 송파구청,2024-07-19,I,2026-05-15 18:45:05,2024-07-30 14:13:41
3230000,202432300000300425,로데오 입구(삼원빌딩),서울특별시 송파구 동남로 138,,37.48257,127.1335,10,2007,거치형,,N,,N,02-2147-3147,서울특별시 송파구청,2024-07-19,I,2026-05-15 18:45:05,2024-07-30 14:13:41
3230000,202432300000300496,한국체육대학교(도서관앞),서울특별시 송파구 양재대로1239,,37.48412,127.1323,92,2013,기타,,Y,,N,02-2147-3147,서울특별시 송파구청,2024-07-19,I,2026-05-15 18:45:05,2024-07-30 14:13:42
3230000,202432300000300444,올림픽공원 북2문,서울특별시 송파구 올림픽로474,,37.51765,127.1154,50,2007,기타,,Y,,N,02-2147-3147,서울특별시 송파구청,2024-07-19,I,2026-05-15 18:45:05,2024-07-30 14:13:41
3230000,202432300000300334,우리은행 올림픽지점,서울특별시 송파구 양재대로1178,,37.47730,127.1334,10,1999,거치형,,N,,N,02-2147-3147,서울특별시 송파구청,2024-07-19,I,2026-05-15 18:45:05,2024-07-30 14:13:41
3230000,202432300000300249,광천교회앞,서울특별시 송파구 올림픽로625,,37.53056,127.1181,25,2020,휀스형,,N,,N,02-2147-3147,서울특별시 송파구청,2024-07-19,I,2026-05-15 18:45:05,2024-07-30 14:13:40
3230000,202432300000300374,잠신고등학교(내),서울특별시 송파구 잠실로 24,,37.51321,127.0984,221,2007,기타,,N,,N,02-2147-3147,서울특별시 송파구청,2024-07-19,I,2026-05-15 18:45:05,2024-07-30 14:13:41
3230000,202432300000300308,송파YMCA,서울특별시 송파구 올림픽로211,,37.51708,127.1034,10,2018,거치형,,Y,,N,02-2147-3147,서울특별시 송파구청,2024-07-19,I,2026-05-15 18:45:05,2024-07-30 14:13:41
3230000,202432300000300521,장지역2번출구,서울특별시 송파구 충민로2길12앞,,37.47883,127.1265,95,2011,기타,,Y,,N,02-2147-3147,서울특별시 송파구청,2024-07-19,I,2026-05-15 18:45:05,2024-07-30 14:13:42
3230000,202432300000300146,잠실우성아파트(29동앞),서울특별시 송파구 올림픽로4길42,,37.50397,127.0744,24,2020,기타,,N,,N,02-2147-3147,서울특별시 송파구청,2024-07-19,I,2026-05-15 18:45:05,2024-07-30 14:13:40
3230000,202432300000300283,잠실2동 주민센터,서울특별시 송파구 올림픽로159,,37.51225,127.0864,25,2019,거치형,,N,,N,02-2147-3147,서울특별시 송파구청,2024-07-19,I,2026-05-15 18:45:05,2024-07-30 14:13:41
3230000,202432300000300165,화포식당앞,서울특별시 송파구 백제고분로187,,37.50467,127.0880,10,2020,거치형,,N,,N,02-2147-3147,서울특별시 송파구청,2024-07-19,I,2026-05-15 18:45:05,2024-07-30 14:13:40
3230000,202432300000300401,종합운동장역 3번출구,서울특별시 송파구 올림픽로8,,37.51450,127.1032,105,2007,기타,,N,,N,02-2147-3147,서울특별시 송파구청,2024-07-19,I,2026-05-15 18:45:05,2024-07-30 14:13:41
3230000,202432300000300055,방이초등학교 앞(위례성대로 버스정류장),서울특별시 송파구 위례성대로10길4,,37.51420,127.1209,20,2009,거치형,,N,,N,02-2147-3147,서울특별시 송파구청,2024-07-19,I,2026-05-15 18:45:05,2024-07-30 14:13:39
3230000,202432300000300167,롯데캐슬골드(신한은행앞),서울특별시 송파구 올림픽로269,,37.51965,127.1238,20,2020,휀스형,,N,,N,02-2147-3147,서울특별시 송파구청,2024-07-19,I,2026-05-15 18:45:05,2024-07-30 14:13:40
3230000,202432300000300584,홈플러스 앞 도로,서울특별시 송파구 올림픽로35가길 16,,37.52077,127.1103,45,2009,거치형,,Y,,N,02-2147-3147,서울특별시 송파구청,2024-07-19,I,2026-05-15 18:45:05,2024-08-06 16:53:52
3230000,202432300000300262,성내 1교 (밑),서울특별시 송파구 양재대로 1222,,37.51522,127.1267,10,2020,거치형,,N,,N,02-2147-3147,서울특별시 송파구청,2024-07-19,I,2026-05-15 18:45:05,2024-07-30 14:13:40
3230000,202432300000300219,가락중학교앞(좌측),서울특별시 송파구 송이로 45,,37.49286,127.1265,30,2020,휀스형,,N,,N,02-2147-3147,서울특별시 송파구청,2024-07-19,I,2026-05-15 18:45:05,2024-07-30 14:13:40
3230000,202432300000300291,석촌역8번출구(뒤),서울특별시 송파구 백제고분로365,,37.50526,127.1063,7,2007,단독형,,Y,,N,02-2147-3147,서울특별시 송파구청,2024-07-19,I,2026-05-15 18:45:05,2024-07-30 14:13:41
3230000,202432300000300329,아시아공원 내 (종합운동장역2번출구),서울특별시 송파구 올림픽로44,,37.51322,127.0986,10,1999,휀스형,,N,,N,02-2147-3147,서울특별시 송파구청,2024-07-19,I,2026-05-15 18:45:05,2024-07-30 14:13:41
3230000,202432300000300192,가락로15길32앞,서울특별시 송파구 가락로15길32,,37.49775,127.1244,10,2020,거치형,,N,,N,02-2147-3147,서울특별시 송파구청,2024-07-19,I,2026-05-15 18:45:05,2024-07-30 14:13:40
3230000,202432300000300574,서울체육고등학교 정문,서울특별시 송파구 강동대로232,,37.54491,127.1351,80,2009,거치형,,N,,N,02-2147-3147,서울특별시 송파구청,2024-07-19,I,2026-05-15 18:45:05,2024-07-30 14:13:42
3230000,202432300000300535,송파역1번출구(일신여상진입로),서울특별시 송파구 송파대로36길,,37.49971,127.1112,35,2010,거치형,,N,,N,02-2147-3147,서울특별시 송파구청,2024-07-19,I,2026-05-15 18:45:05,2024-07-30 14:13:42
3230000,202432300000300358,마천종합사회복지관,서울특별시 송파구 마천로65길 4,,37.49012,127.1259,6,1999,거치형,,Y,,N,02-2147-3147,서울특별시 송파구청,2024-07-19,I,2026-05-15 18:45:05,2024-07-30 14:13:41
3230000,202432300000300470,오륜동 주민센터,서울특별시 송파구 양재대로1232,,37.48414,127.1304,10,2007,휀스형,,Y,,N,02-2147-3147,서울특별시 송파구청,2024-07-19,I,2026-05-15 18:45:05,2024-07-30 14:13:42
3230000,202432300000300133,잠실우성아파트(3동옆),서울특별시 송파구 올림픽로4길42,,37.50840,127.0724,21,2020,기타,,N,,N,02-2147-3147,서울특별시 송파구청,2024-07-19,I,2026-05-15 18:45:05,2024-07-30 14:13:40
3230000,202432300000300148,잠실우성아파트(28동뒤),서울특별시 송파구 올림픽로4길42,,37.50435,127.0738,28,2020,휀스형,,N,,N,02-2147-3147,서울특별시 송파구청,2024-07-19,I,2026-05-15 18:45:05,2024-07-30 14:13:40
3230000,202432300000300455,송파미성아파트 2동,서울특별시 송파구 오금로32길10,,37.49568,127.1357,7,2007,기타,,N,,N,02-2147-3147,서울특별시 송파구청,2024-07-19,I,2026-05-15 18:45:05,2024-07-30 14:13:41
3230000,202432300000300559,광원빌딩,서울특별시 송파구 석촌호수로 152,,37.50715,127.1053,20,2009,거치형,,Y,,N,02-2147-3147,서울특별시 송파구청,2024-07-19,I,2026-05-15 18:45:05,2024-07-30 14:13:42
3230000,202432300000300043,오륜초건너(1댠지),서울특별시 송파구 양재대로 1218,,37.51221,127.1337,10,2020,거치형,,N,,N,02-2147-3147,서울특별시 송파구청,2024-07-19,I,2026-05-15 18:45:05,2024-07-30 14:13:39
3230000,202432300000300566,성하연립(다동뒤),서울특별시 송파구 마천로39길 38-16,,37.48418,127.1354,10,2009,거치형,,N,,N,02-2147-3147,서울특별시 송파구청,2024-07-19,I,2026-05-15 18:45:05,2024-07-30 14:13:42
3230000,202232300000300003,기계식주차장(한성백제역 2번),"서울특별시 송파구 위례성대로 지하29, 한성백제역 (방이동)",서울특별시 송파구 방이동 88-17 한성백제역,37.516532,127.116263,202,2018,기타,N,N,,N,02-2656-2774,서울교통공사(9호선운영부문),2022-12-21,I,2026-05-15 18:45:05,2022-12-21 13:40:32
3230000,202432300000300150,잠실우성아파트(23동27동사이),서울특별시 송파구 올림픽로4길42,,37.50509,127.0742,35,2020,기타,,N,,N,02-2147-3147,서울특별시 송파구청,2024-07-19,I,2026-05-15 18:45:05,2024-07-30 14:13:40
3230000,202432300000300005,삼전역 3번출구,서울특별시 송파구 백제고분로 202,,37.50388,127.0890,20,2023,기타,,N,,N,02-2147-3147,서울특별시 송파구청,2024-07-19,I,2026-05-15 18:45:05,2024-07-30 14:13:39
3230000,202432300000300582,잠실새내역 5번출구(뒤),서울특별시 송파구 올림픽로99,,37.52067,127.1128,10,2009,거치형,,N,,N,02-2147-3147,서울특별시 송파구청,2024-07-19,I,2026-05-15 18:45:05,2024-07-30 14:13:42
3230000,202432300000300383,문정역 1번출구,서울특별시 송파구 송파대로22길4-16,,37.49631,127.1038,45,2007,기타,,Y,,N,02-2147-3147,서울특별시 송파구청,2024-07-19,I,2026-05-15 18:45:05,2024-07-30 14:13:41
3230000,202432300000300448,오금대림아파트(외),서울특별시 송파구 위례성대로158,,37.47543,127.1412,7,2007,휀스형,,N,,N,02-2147-3147,서울특별시 송파구청,2024-07-19,I,2026-05-15 18:45:05,2024-07-30 14:13:41
3230000,202432300000300059,오금공원테니스장 화장실앞,서울특별시 송파구 오금로 363,,37.50217,127.1305,5,1999,거치형,,N,,N,02-2147-3147,서울특별시 송파구청,2024-07-19,I,2026-05-15 18:45:05,2024-07-30 14:13:39
3230000,202432300000300362,문정중학교(앞),서울특별시 송파구 문정로 73,,37.49189,127.1234,30,2007,거치형,,Y,,N,02-2147-3147,서울특별시 송파구청,2024-07-19,I,2026-05-15 18:45:05,2024-07-30 14:13:41
3230000,202432300000300190,복정역2번출구(공영환승주차장앞),서울특별시 송파구 장지동 600-2,,37.47978,127.1250,68,2020,기타,,Y,,N,02-2147-3147,서울특별시 송파구청,2024-07-19,I,2026-05-15 18:45:05,2024-07-30 14:13:40
3230000,202432300000300405,잠실새내역 2번출구,서울특별시 송파구 석촌호수로61,,37.50431,127.1069,130,2007,거치형,,Y,,N,02-2147-3147,서울특별시 송파구청,2024-07-19,I,2026-05-15 18:45:05,2024-07-30 14:13:41
3230000,202432300000300134,잠실우성아파트(2동옆),서울특별시 송파구 올림픽로4길42,,37.50839,127.0724,21,2020,기타,,N,,N,02-2147-3147,서울특별시 송파구청,2024-07-19,I,2026-05-15 18:45:05,2024-07-30 14:13:40
3230000,202432300000300083,가락6차현대아파트 관리사무소,서울특별시 송파구 송이로19길8,,37.49737,127.1229,20,2007,기타,,N,,N,02-2147-3147,서울특별시 송파구청,2024-07-19,I,2026-05-15 18:45:05,2024-07-30 14:13:39
3230000,202432300000300115,구립송파제일청소년독서실,서울특별시 송파구 가락로19길11,,37.50320,127.1106,7,2007,휀스형,,N,,N,02-2147-3147,서울특별시 송파구청,2024-07-19,I,2026-05-15 18:45:05,2024-07-30 14:13:40
3230000,202432300000300406,잠실역 6번출구,서울특별시 송파구 올림픽로120,,37.51175,127.0981,10,2007,휀스형,,N,,N,02-2147-3147,서울특별시 송파구청,2024-07-19,I,2026-05-15 18:45:05,2024-07-30 14:13:41
3230000,202432300000300063,성내제7교(오른쪽),서울특별시 송파구 성내천로,,37.50552,127.1371,10,2020,휀스형,,N,,N,02-2147-3147,서울특별시 송파구청,2024-07-19,I,2026-05-15 18:45:05,2024-07-30 14:13:39
3230000,202432300000300313,주민자율방범대,서울특별시 송파구  천호대로152길 7,,37.54630,127.1223,5,2014,거치형,,N,,N,02-2147-3147,서울특별시 송파구청,2024-07-19,I,2026-05-15 18:45:05,2024-07-30 14:13:41
3230000,202432300000300561,잠실여자고등학교 (내),서울특별시 송파구 송파대로38길8,,37.51525,127.1034,50,2009,기타,,Y,,N,02-2147-3147,서울특별시 송파구청,2024-07-19,I,2026-05-15 18:45:05,2024-07-30 14:13:42
3230000,202432300000300238,석촌고분역1번출구(뒤),서울특별시 송파구 삼학사로61,,37.50527,127.1036,6,2020,단독형,,N,,N,02-2147-3147,서울특별시 송파구청,2024-07-19,I,2026-05-15 18:45:05,2024-07-30 14:13:40
3230000,202432300000300136,잠실우성아파트(6동앞),서울특별시 송파구 올림픽로4길42,,37.50799,127.0724,21,2020,기타,,N,,N,02-2147-3147,서울특별시 송파구청,2024-07-19,I,2026-05-15 18:45:05,2024-07-30 14:13:40
3230000,202432300000300520,장지동주민센터,서울특별시 송파구 새말로19길6,,37.49781,127.1333,10,2011,거치형,,Y,,N,02-2147-3147,서울특별시 송파구청,2024-07-19,I,2026-05-15 18:45:05,2024-07-30 14:13:42
3230000,202432300000300590,오금역 1번출구,서울특별시 송파구 오금로323,,37.50231,127.1363,20,2009,거치형,,N,,N,02-2147-3147,서울특별시 송파구청,2024-07-19,I,2026-05-15 18:45:05,2024-07-30 14:13:42
3230000,202432300000300144,잠실우성아파트(19동앞),서울특별시 송파구 올림픽로4길42,,37.50545,127.0726,14,2020,기타,,N,,N,02-2147-3147,서울특별시 송파구청,2024-07-19,I,2026-05-15 18:45:05,2024-07-30 14:13:40
3230000,202432300000300274,석촌역(6번출구 KEB하나은행 왼편),서울특별시 송파구 백제고분로362,,37.50535,127.1064,14,2019,단독형,,Y,,N,02-2147-3147,서울특별시 송파구청,2024-07-19,I,2026-05-15 18:45:05,2024-07-30 14:13:40
3230000,202432300000300548,가락시장역 8번출구,서울특별시 송파구 중대로68,,37.50785,127.1119,20,2010,거치형,,N,,N,02-2147-3147,서울특별시 송파구청,2024-07-19,I,2026-05-15 18:45:05,2024-07-30 14:13:42
3230000,202432300000300493,거여2동 주민센터,서울특별시 송파구 거마로2길19,,37.47831,127.1296,20,2014,기타,,Y,,N,02-2147-3147,서울특별시 송파구청,2024-07-19,I,2026-05-15 18:45:05,2024-07-30 14:13:42
3230000,202432300000300453,"송파미성아파트 (3,5동사이)",서울특별시 송파구 오금로32길10,,37.49568,127.1357,20,2007,기타,,N,,N,02-2147-3147,서울특별시 송파구청,2024-07-19,I,2026-05-15 18:45:05,2024-07-30 14:13:41
3230000,202432300000300468,송파곰두리체육센터(내),서울특별시 송파구 동남로271,,37.49972,127.1346,11,2007,기타,,N,,N,02-2147-3147,서울특별시 송파구청,2024-07-19,I,2026-05-15 18:45:05,2024-07-30 14:13:42
3230000,202432300000300420,복정역2번출구앞,서울특별시 송파구 장지동 600-2,,37.48123,127.1246,40,2007,거치형,,Y,,N,02-2147-3147,서울특별시 송파구청,2024-07-19,I,2026-05-15 18:45:05,2024-07-30 14:13:41
3230000,202232300000300005,기계식주차장(둔촌오륜역 2번),"서울특별시 송파구 양재대로 1218(방이동, 올림픽선수기자촌아파트)",서울특별시 송파구 방이동 89 올림픽선수기자촌아파트,37.519161,127.138435,128,2018,기타,N,N,,N,02-2656-2774,서울교통공사(9호선운영부문),2022-12-21,I,2026-05-15 18:45:05,2022-12-21 13:41:00
3230000,202432300000300340,석촌호수 서호(카페 앞),서울특별시 송파구 석촌호수로 176,,37.50466,127.1061,10,1999,휀스형,,N,,N,02-2147-3147,서울특별시 송파구청,2024-07-19,I,2026-05-15 18:45:05,2024-07-30 14:13:41
3230000,202432300000300429,월드쥬스앞,서울특별시 송파구 위례성대로 76,,37.47562,127.1421,10,2007,휀스형,,N,,N,02-2147-3147,서울특별시 송파구청,2024-07-19,I,2026-05-15 18:45:05,2024-07-30 14:13:41
3230000,202432300000300268,송파나루역2번출구(앞),서울특별시 송파구 백제고분로446,,37.51463,127.1076,10,2020,거치형,,N,,N,02-2147-3147,서울특별시 송파구청,2024-07-19,I,2026-05-15 18:45:05,2024-07-30 14:13:40
3230000,202432300000300438,금화빌딩,서울특별시 송파구 삼전로 90,,37.50512,127.0977,27,2007,거치형,,Y,,N,02-2147-3147,서울특별시 송파구청,2024-07-19,I,2026-05-15 18:45:05,2024-07-30 14:13:41
3230000,202432300000300202,문정시영아파트(1동앞),서울특별시 송파구 송이로31길56,,37.49167,127.1358,10,2020,기타,,N,,N,02-2147-3147,서울특별시 송파구청,2024-07-19,I,2026-05-15 18:45:05,2024-07-30 14:13:40
3230000,202432300000300298,문정고등학교 문정근린공원앞,서울특별시 송파구 송이로34길62,,37.49239,127.1253,10,2019,단독형,,Y,,N,02-2147-3147,서울특별시 송파구청,2024-07-19,I,2026-05-15 18:45:05,2024-07-30 14:13:41
3230000,202432300000300010,"풍납사거리(누락분으로 판단, 추가)",서울특별시 송파구 토성로 78,,37.52827,127.1186,15,2022,거치형,,N,,N,02-2147-3147,서울특별시 송파구청,2024-07-19,I,2026-05-15 18:45:05,2024-07-30 14:13:39
3230000,202432300000300498,오금로233(정빌딩),서울특별시 송파구 오금로 233,,37.50223,127.1373,10,2013,거치형,,N,,N,02-2147-3147,서울특별시 송파구청,2024-07-19,I,2026-05-15 18:45:05,2024-07-30 14:13:42
3230000,202432300000300573,두댐이공원내 배드민턴장 앞,서울특별시 송파구 문정동2,,37.49011,127.1365,15,2009,거치형,,N,,N,02-2147-3147,서울특별시 송파구청,2024-07-19,I,2026-05-15 18:45:05,2024-07-30 14:13:42
3230000,202432300000300503,잠실새내역 2번출구(뒤),서울특별시 송파구 석촌호수로61,,37.50431,127.1069,106,2013,기타,,N,,N,02-2147-3147,서울특별시 송파구청,2024-07-19,I,2026-05-15 18:45:05,2024-07-30 14:13:42
3230000,202432300000300120,대동아파트,서울특별시 송파구 풍성로15길10,,37.53546,127.1168,40,2007,휀스형,,N,,N,02-2147-3147,서울특별시 송파구청,2024-07-19,I,2026-05-15 18:45:05,2024-07-30 14:13:40
3230000,202432300000300484,잠실나루역입구,서울특별시 송파구 오금로20,,37.49711,127.1267,55,2015,거치형,,N,,N,02-2147-3147,서울특별시 송파구청,2024-07-19,I,2026-05-15 18:45:05,2024-07-30 14:13:42
3230000,202432300000300263,올림픽공원역1번출구(뒤),서울특별시 송파구 양재대로1222,,37.51522,127.1267,10,1999,휀스형,,N,,N,02-2147-3147,서울특별시 송파구청,2024-07-19,I,2026-05-15 18:45:05,2024-07-30 14:13:40
3230000,202432300000300577,문정역 2번출구,서울특별시 송파구 송파대로 180,,37.51074,127.1128,25,2009,거치형,,Y,,N,02-2147-3147,서울특별시 송파구청,2024-07-19,I,2026-05-15 18:45:05,2024-07-30 14:13:42
3230000,202432300000300079,탄천유수지축구장입구(자전거연합회),서울특별시 송파구 가락동508,,37.49642,127.0996,21,2012,휀스형,,N,,N,02-2147-3147,서울특별시 송파구청,2024-07-19,I,2026-05-15 18:45:05,2024-07-30 14:13:39
3230000,202432300000300204,문정시영아파트(8동앞),서울특별시 송파구 송이로31길56,,37.49167,127.1358,10,2020,기타,,N,,N,02-2147-3147,서울특별시 송파구청,2024-07-19,I,2026-05-15 18:45:05,2024-07-30 14:13:40
3230000,202432300000300322,마천2동주민센터,서울특별시 송파구 마천로287,,37.49812,127.1256,7,1999,휀스형,,Y,,N,02-2147-3147,서울특별시 송파구청,2024-07-19,I,2026-05-15 18:45:05,2024-07-30 14:13:41
3230000,202432300000300479,오금중학교,서울특별시 송파구 오금로35길 20,,37.49578,127.1256,40,2015,거치형,,Y,,N,02-2147-3147,서울특별시 송파구청,2024-07-19,I,2026-05-15 18:45:05,2024-07-30 14:13:42
3230000,202432300000300091,성보빌딩,서울특별시 송파구 송이로19길4-8,,37.49693,127.1222,5,2009,휀스형,,N,,N,02-2147-3147,서울특별시 송파구청,2024-07-19,I,2026-05-15 18:45:05,2024-07-30 14:13:39
3230000,202432300000300296,삼전역3번출구앞,서울특별시 송파구 백제고분로196,,37.51011,127.0790,18,2019,단독형,,N,,N,02-2147-3147,서울특별시 송파구청,2024-07-19,I,2026-05-15 18:45:05,2024-07-30 14:13:41
3230000,202432300000300230,가락1동주민센터,서울특별시 송파구 양재대로925,,37.49496,127.1193,25,2020,거치형,,Y,,N,02-2147-3147,서울특별시 송파구청,2024-07-19,I,2026-05-15 18:45:05,2024-07-30 14:13:40
3230000,202432300000300480,문현중학교 내,서울특별시 송파구 충민로 99,,37.47891,127.1248,120,2015,거치형,,Y,,N,02-2147-3147,서울특별시 송파구청,2024-07-19,I,2026-05-15 18:45:05,2024-07-30 14:13:42
3230000,202432300000300251,풍납 백제문화공원,서울특별시 송파구 한가람로14길16,,37.53164,127.1171,5,2020,단독형,,N,,N,02-2147-3147,서울특별시 송파구청,2024-07-19,I,2026-05-15 18:45:05,2024-07-30 14:13:40
3230000,202432300000300082,송파경찰서(내),서울특별시 송파구 중대로221,,37.50175,127.1271,27,2009,기타,,N,,N,02-2147-3147,서울특별시 송파구청,2024-07-19,I,2026-05-15 18:45:05,2024-07-30 14:13:39
3230000,202432300000300080,가원중학교,서울특별시 송파구 중대로10길40-18,,37.49078,127.1229,100,2015,거치형,,Y,,N,02-2147-3147,서울특별시 송파구청,2024-07-19,I,2026-05-15 18:45:05,2024-07-30 14:13:39
3230000,202232300000300002,"기계식주차장(석촌역 6,7번)","서울특별시 송파구 백제고분로 지하368, 석촌역 (석촌동)",서울특별시 송파구 석촌동 209 석촌역,37.504742,127.106724,200,2018,기타,N,N,,N,02-2656-2774,서울교통공사(9호선운영부문),2022-12-21,I,2026-05-15 18:45:05,2022-12-21 13:39:57
3230000,202432300000300519,성내4교 아래,서울특별시 송파구 문정로 73,,37.48978,127.1224,14,2021,휀스형,,N,,N,02-2147-3147,서울특별시 송파구청,2024-07-19,I,2026-05-15 18:45:05,2024-07-30 14:13:42
3230000,202432300000300078,우림교회,서울특별시 송파구 오금로440,,37.49588,127.1385,8,1999,기타,,N,,N,02-2147-3147,서울특별시 송파구청,2024-07-19,I,2026-05-15 18:45:05,2024-07-30 14:13:39
3230000,202432300000300092,대성(임대25)아파트,서울특별시 송파구 성내천로34길8,,37.49866,127.1532,10,2007,기타,,N,,N,02-2147-3147,서울특별시 송파구청,2024-07-19,I,2026-05-15 18:45:05,2024-07-30 14:13:39
3230000,202432300000300284,(CU편의점코너옆),서울특별시 송파구 성내천로220,,37.50033,127.1467,20,2019,거치형,,N,,N,02-2147-3147,서울특별시 송파구청,2024-07-19,I,2026-05-15 18:45:05,2024-07-30 14:13:41
3230000,202432300000300500,가락시장역 1번출구,서울특별시 송파구 양재대로932,,37.50132,127.1268,40,2013,기타,,Y,,N,02-2147-3147,서울특별시 송파구청,2024-07-19,I,2026-05-15 18:45:05,2024-07-30 14:13:42
3230000,202432300000300516,잠실새내역 7번출구(앞),서울특별시 송파구 올림픽로145,,37.51145,127.1059,40,2012,거치형,,N,,N,02-2147-3147,서울특별시 송파구청,2024-07-19,I,2026-05-15 18:45:05,2024-07-30 14:13:42
3230000,202432300000300514,장지역1번출구 선도빌딩,서울특별시 송파구 송파대로98,,37.50614,127.1076,10,2012,거치형,,N,,N,02-2147-3147,서울특별시 송파구청,2024-07-19,I,2026-05-15 18:45:05,2024-07-30 14:13:42
3230000,202432300000300211,위례성대로206앞,서울특별시 송파구 위례성대로206,,37.50927,127.1278,5,2020,거치형,,N,,N,02-2147-3147,서울특별시 송파구청,2024-07-19,I,2026-05-15 18:45:05,2024-07-30 14:13:40
3230000,202432300000300127,송파도서관 앞,서울특별시 송파구 동남로263,,37.49947,127.1351,10,2020,휀스형,,Y,,N,02-2147-3147,서울특별시 송파구청,2024-07-19,I,2026-05-15 18:45:05,2024-07-30 14:13:40
3230000,202432300000300141,잠실우성아파트(15동앞),서울특별시 송파구 올림픽로4길42,,37.50676,127.0720,32,2020,기타,,Y,,N,02-2147-3147,서울특별시 송파구청,2024-07-19,I,2026-05-15 18:45:05,2024-07-30 14:13:40
3230000,202432300000300246,올림픽로613,서울특별시 송파구 올림픽로613,,37.53006,127.1150,40,2020,휀스형,,N,,N,02-2147-3147,서울특별시 송파구청,2024-07-19,I,2026-05-15 18:45:05,2024-07-30 14:13:40
3230000,202432300000300462,거여현대2차아파트,서울특별시 송파구 오금로61길20,,37.49512,127.1246,65,2007,기타,,N,,N,02-2147-3147,서울특별시 송파구청,2024-07-19,I,2026-05-15 18:45:05,2024-07-30 14:13:42
3230000,202432300000300159,삼전역4번출구(뒤),서울특별시 송파구 백제고분로188,,37.50426,127.0874,20,2020,거치형,,Y,,N,02-2147-3147,서울특별시 송파구청,2024-07-19,I,2026-05-15 18:45:05,2024-07-30 14:13:40
3230000,202432300000300524,잠현초등학교(내),서울특별시 송파구 올림픽로37길109,,37.51123,127.1068,115,2010,거치형,,Y,,N,02-2147-3147,서울특별시 송파구청,2024-07-19,I,2026-05-15 18:45:05,2024-07-30 14:13:42
3230000,202432300000300350,신화빌딩앞,서울특별시 송파구 오금로 210,,37.50210,127.1321,10,1999,거치형,,N,,N,02-2147-3147,서울특별시 송파구청,2024-07-19,I,2026-05-15 18:45:05,2024-07-30 14:13:41
3230000,202432300000300421,복정역1번출구(앞),서울특별시 송파구 위례동,,37.49679,127.1389,7,2007,휀스형,,N,,N,02-2147-3147,서울특별시 송파구청,2024-07-19,I,2026-05-15 18:45:05,2024-07-30 14:13:41
3230000,202432300000300312,복정역1번출구(앞),서울특별시 송파구 장지동 602-18,,37.47855,127.1268,25,2018,거치형,,Y,,N,02-2147-3147,서울특별시 송파구청,2024-07-19,I,2026-05-15 18:45:05,2024-07-30 14:13:41
3230000,202432300000300124,한국체육대학교(실내빙상장앞),서울특별시 송파구 양재대로1239,,37.52099,127.1327,24,2020,휀스형,,N,,N,02-2147-3147,서울특별시 송파구청,2024-07-19,I,2026-05-15 18:45:05,2024-07-30 14:13:40
3230000,202432300000300437,태현빌딩,서울특별시 송파구 백제고분로 235,,37.50235,127.1101,12,2007,단독형,,N,,N,02-2147-3147,서울특별시 송파구청,2024-07-19,I,2026-05-15 18:45:05,2024-07-30 14:13:41
3230000,202432300000300271,한솔아파트 버스정류장앞,서울특별시 송파구 백제고분로348,,37.50405,127.1049,10,2020,휀스형,,N,,N,02-2147-3147,서울특별시 송파구청,2024-07-19,I,2026-05-15 18:45:05,2024-07-30 14:13:40
3230000,202432300000300044,대한체육회,서울특별시 송파구 올림픽로 424,,37.52314,127.1171,4,2020,거치형,,N,,N,02-2147-3147,서울특별시 송파구청,2024-07-19,I,2026-05-15 18:45:05,2024-07-30 14:13:39
3230000,202432300000300355,문정시영아파트 정문 앞,서울특별시 송파구 송이로31길 56,,37.50259,127.1235,10,1999,거치형,,N,,N,02-2147-3147,서울특별시 송파구청,2024-07-19,I,2026-05-15 18:45:05,2024-07-30 14:13:41
3230000,202432300000300554,성내천 뚝방위 (잠실고교 앞 한강쪽),서울특별시 송파구 올림픽로39길78-2,,37.51255,127.1284,70,2009,휀스형,,N,,N,02-2147-3147,서울특별시 송파구청,2024-07-19,I,2026-05-15 18:45:05,2024-07-30 14:13:42
3230000,202432300000300422,거여역4번출구,서울특별시 송파구 오금로505,,37.49501,127.1355,27,2007,휀스형,,Y,,N,02-2147-3147,서울특별시 송파구청,2024-07-19,I,2026-05-15 18:45:05,2024-07-30 14:13:41
3230000,202432300000300563,문정현대2차아파트,서울특별시 송파구 송파대로16길12,,37.51731,127.1094,71,2009,기타,,N,,N,02-2147-3147,서울특별시 송파구청,2024-07-19,I,2026-05-15 18:45:05,2024-07-30 14:13:42
3230000,202432300000300570,KB 서잠실,서울특별시 송파구 석촌호수로 92,,37.50332,127.1035,10,2009,휀스형,,N,,N,02-2147-3147,서울특별시 송파구청,2024-07-19,I,2026-05-15 18:45:05,2024-07-30 14:13:42
3230000,202432300000300575,아주초등학교 정문,서울특별시 송파구 올림픽로4길 59,,37.52055,127.1082,10,2009,거치형,,N,,N,02-2147-3147,서울특별시 송파구청,2024-07-19,I,2026-05-15 18:45:05,2024-07-30 14:13:42
3230000,202432300000300240,April 학원,서울특별시 송파구 석촌호수로156,,37.50944,127.1042,5,2020,거치형,,N,,N,02-2147-3147,서울특별시 송파구청,2024-07-19,I,2026-05-15 18:45:05,2024-07-30 14:13:40
3230000,202432300000300234,농협빌딩앞,서울특별시 송파구 오금로404,,37.49638,127.1229,10,2020,거치형,,N,,N,02-2147-3147,서울특별시 송파구청,2024-07-19,I,2026-05-15 18:45:05,2024-07-30 14:13:40
3230000,202432300000300477,송파노인종합사회복지관(내),서울특별시 송파구 백제고분로32길41,,37.50321,127.1079,20,2007,휀스형,,N,,N,02-2147-3147,서울특별시 송파구청,2024-07-19,I,2026-05-15 18:45:05,2024-07-30 14:13:42
3230000,202432300000300027,석촌고분역 3번출구 앞,서울특별시 송파구 백제고분로 280,,37.50230,127.0974,7,2022,단독형,,N,,N,02-2147-3147,서울특별시 송파구청,2024-07-19,I,2026-05-15 18:45:05,2024-07-30 14:13:39
3230000,202432300000300288,송파역1번출구(앞),서울특별시 송파구 송파대로36길 8,,37.49999,127.1133,10,2019,휀스형,,N,,N,02-2147-3147,서울특별시 송파구청,2024-07-19,I,2026-05-15 18:45:05,2024-07-30 14:13:41
3230000,202432300000300066,한솔아파트,서울특별시 송파구 벡제고분로348,,37.50350,127.1047,114,2010,휀스형,,N,,N,02-2147-3147,서울특별시 송파구청,2024-07-19,I,2026-05-15 18:45:05,2024-07-30 14:13:39
3230000,202432300000300324,세륜중학교,서울특별시 송파구 양재대로72길41,,37.49654,127.1123,80,1999,휀스형,,N,,N,02-2147-3147,서울특별시 송파구청,2024-07-19,I,2026-05-15 18:45:05,2024-07-30 14:13:41
3230000,202432300000300305,신가초등학교앞,서울특별시 송파구 송이로 75,,37.49338,127.1252,5,2017,거치형,,N,,N,02-2147-3147,서울특별시 송파구청,2024-07-19,I,2026-05-15 18:45:05,2024-07-30 14:13:41
3230000,202432300000300342,삼정빌딩,서울특별시 송파구 성내천로 212,,37.50099,127.1322,20,1999,거치형,,N,,N,02-2147-3147,서울특별시 송파구청,2024-07-19,I,2026-05-15 18:45:05,2024-07-30 14:13:41
3230000,202432300000300250,천호역9번출구(앞),서울특별시 송파구 올림픽로633,,37.53052,127.1185,30,2007,휀스형,,N,,N,02-2147-3147,서울특별시 송파구청,2024-07-19,I,2026-05-15 18:45:05,2024-07-30 14:13:40
3230000,202432300000300280,KB국민은행,서울특별시 송파구 석촌호수로130,,37.50545,127.10598,10,2019,거치형,,N,,N,02-2147-3147,서울특별시 송파구청,2024-07-19,I,2026-05-15 18:45:05,2024-07-30 14:13:41
3230000,202432300000300169,장미아파트 B상가(뒤),서울특별시 송파구 올림픽로35길112,,37.51800,127.1020,7,2020,거치형,,N,,N,02-2147-3147,서울특별시 송파구청,2024-07-19,I,2026-05-15 18:45:05,2024-07-30 14:13:40
3230000,202432300000300203,문정시영아파트(4동앞),서울특별시 송파구 송이로31길56,,37.49167,127.1358,17,2020,기타,,N,,N,02-2147-3147,서울특별시 송파구청,2024-07-19,I,2026-05-15 18:45:05,2024-07-30 14:13:40
3230000,202432300000300533,"잠실나루역 3,4번출구사이",서울특별시 송파구 오금로20,,37.49671,127.1257,110,2010,거치형,,Y,,N,02-2147-3147,서울특별시 송파구청,2024-07-19,I,2026-05-15 18:45:05,2024-07-30 14:13:42
3230000,202432300000300579,종합운동장역 2번출구,서울특별시 송파구 올림픽로44,,37.52046,127.1054,15,2023,기타,,N,,N,02-2147-3147,서울특별시 송파구청,2024-07-19,I,2026-05-15 18:45:05,2024-07-30 14:13:42
3230000,202432300000300373,잠신고등학교 정문앞,서울특별시 송파구 잠실로 24,,37.51321,127.0984,50,2007,거치형,,Y,,N,02-2147-3147,서울특별시 송파구청,2024-07-19,I,2026-05-15 18:45:05,2024-07-30 14:13:41
3230000,202432300000300490,잠실역 10번출구(앞),서울특별시 송파구 올림픽로300,,37.50791,127.1043,43,2014,단독형,,N,,N,02-2147-3147,서울특별시 송파구청,2024-07-19,I,2026-05-15 18:45:05,2024-07-30 14:13:42
3230000,202432300000300547,송파문화원 주차장,서울특별시 송파구 올림픽로44,,37.52046,127.1054,22,2010,기타,,Y,,N,02-2147-3147,서울특별시 송파구청,2024-07-19,I,2026-05-15 18:45:05,2024-07-30 14:13:42
3230000,202432300000300385,송파역 4번출구,서울특별시 송파구 양재대로925,,37.48624,127.1129,34,2022,거치형,,N,,N,02-2147-3147,서울특별시 송파구청,2024-07-19,I,2026-05-15 18:45:05,2024-07-30 14:13:41
3230000,202432300000300188,위례푸르지오102동앞,서울특별시 송파구 위례광장로185,,37.48135,127.1415,6,2020,거치형,,N,,N,02-2147-3147,서울특별시 송파구청,2024-07-19,I,2026-05-15 18:45:05,2024-07-30 14:13:40
3230000,202432300000300452,송파미성아파트 6동옆,서울특별시 송파구 오금로32길10,,37.49568,127.1357,30,2007,기타,,N,,N,02-2147-3147,서울특별시 송파구청,2024-07-19,I,2026-05-15 18:45:05,2024-07-30 14:13:41
3230000,202432300000300457,풍납쌍용아파트,서울특별시 송파구 올림픽로47길 9,,37.51456,127.1057,5,2007,거치형,,Y,,N,02-2147-3147,서울특별시 송파구청,2024-07-19,I,2026-05-15 18:45:05,2024-07-30 14:13:41
3230000,202432300000300269,송파나루역4번출구,서울특별시 송파구 오금로162,,37.50267,127.1274,10,2020,거치형,,N,,N,02-2147-3147,서울특별시 송파구청,2024-07-19,I,2026-05-15 18:45:05,2024-07-30 14:13:40
3230000,202432300000300299,잠실새내역 1번출구앞,서울특별시 송파구 잠실로62,,37.50403,127.0908,20,2019,휀스형,,N,,N,02-2147-3147,서울특별시 송파구청,2024-07-19,I,2026-05-15 18:45:05,2024-07-30 14:13:41
3230000,202432300000300454,송파미성아파트 3동옆,서울특별시 송파구 오금로32길10,,37.49568,127.1357,24,2007,기타,,N,,N,02-2147-3147,서울특별시 송파구청,2024-07-19,I,2026-05-15 18:45:05,2024-07-30 14:13:41
3230000,202432300000300593,스타클래스,서울특별시 송파구 오금로 306,,37.50965,127.1456,10,2009,거치형,,N,,N,02-2147-3147,서울특별시 송파구청,2024-07-19,I,2026-05-15 18:45:05,2024-07-30 14:13:42
3230000,202432300000300415,석촌역6번출구(앞),서울특별시 송파구 백제고분로 364,,37.50432,127.1066,15,2007,휀스형,,N,,N,02-2147-3147,서울특별시 송파구청,2024-07-19,I,2026-05-15 18:45:05,2024-07-30 14:13:41
3230000,202432300000300379,영파여고 내,서울특별시 송파구 올림픽로 565,,37.51595,127.1065,20,2007,기타,,Y,,N,02-2147-3147,서울특별시 송파구청,2024-07-19,I,2026-05-15 18:45:05,2024-07-30 14:13:41
3230000,202432300000300212,위례성대로204앞,서울특별시 송파구 위례성대로204,,37.50927,127.1278,5,2020,거치형,,N,,N,02-2147-3147,서울특별시 송파구청,2024-07-19,I,2026-05-15 18:45:05,2024-07-30 14:13:40
3230000,202432300000300177,마천우방아파트(내),서울특별시 송파구 성내천로211,,37.49874,127.1443,20,2020,휀스형,,N,,N,02-2147-3147,서울특별시 송파구청,2024-07-19,I,2026-05-15 18:45:05,2024-07-30 14:13:40
3230000,202432300000300226,오금사거리(오금육교밑),서울특별시 송파구 오금로252,,37.50557,127.1212,16,2020,거치형,,Y,,N,02-2147-3147,서울특별시 송파구청,2024-07-19,I,2026-05-15 18:45:05,2024-07-30 14:13:40
3230000,202432300000300376,가락중학교(우측),서울특별시 송파구 송이로 45,,37.51505,127.1101,34,2007,휀스형,,N,,N,02-2147-3147,서울특별시 송파구청,2024-07-19,I,2026-05-15 18:45:05,2024-07-30 14:13:41
3230000,202432300000300273,석촌역(7번출구 윤약국앞),서울특별시 송파구 백제고분로365,,37.50526,127.1063,34,2019,기타,,N,,N,02-2147-3147,서울특별시 송파구청,2024-07-19,I,2026-05-15 18:45:05,2024-07-30 14:13:40
3230000,202432300000300208,문현고등학교 내,서울특별시 송파구 충민로115,,37.48115,127.1292,90,2020,기타,,N,,N,02-2147-3147,서울특별시 송파구청,2024-07-19,I,2026-05-15 18:45:05,2024-07-30 14:13:40
3230000,202432300000300247,풍납1동 주민자치 방범,서울특별시 송파구 한가람로20길12,,37.53291,127.1243,5,2020,거치형,,N,,N,02-2147-3147,서울특별시 송파구청,2024-07-19,I,2026-05-15 18:45:05,2024-07-30 14:13:40
3230000,202432300000300325,방이초등학교 내,서울특별시 송파구 위례성대로10길 4,,37.49123,127.1109,30,1999,거치형,,N,,N,02-2147-3147,서울특별시 송파구청,2024-07-19,I,2026-05-15 18:45:05,2024-07-30 14:13:41
3230000,202432300000300551,경찰병원역 2번출구(앞),서울특별시 송파구 송이로123,,37.49123,127.1453,35,2010,거치형,,N,,N,02-2147-3147,서울특별시 송파구청,2024-07-19,I,2026-05-15 18:45:05,2024-07-30 14:13:42
3230000,202432300000300099,풍성초등학교 체육관뒤,서울특별시 송파구 강동대로2길13,,37.52634,127.1129,50,2012,거치형,,N,,N,02-2147-3147,서울특별시 송파구청,2024-07-19,I,2026-05-15 18:45:05,2024-07-30 14:13:40
3230000,202432300000300101,풍납현대아파트102동,서울특별시 송파구 올림픽로 525,,37.52930,127.1189,20,2007,기타,,N,,N,02-2147-3147,서울특별시 송파구청,2024-07-19,I,2026-05-15 18:45:05,2024-07-30 14:13:40
3230000,202432300000300331,아산병원 앞 정류소(어린이집),서울특별시 송파구 올림픽로43길88,,37.51610,127.1203,10,1999,휀스형,,N,,N,02-2147-3147,서울특별시 송파구청,2024-07-19,I,2026-05-15 18:45:05,2024-07-30 14:13:41
3230000,202432300000300432,롯데마트 2 입구,서울특별시 송파구 중대로 80,,37.49612,127.1040,35,2007,거치형,,N,,N,02-2147-3147,서울특별시 송파구청,2024-07-19,I,2026-05-15 18:45:05,2024-07-30 14:13:41
3230000,202432300000300386,가락시장역 3번출구,서울특별시 송파구 송파대로260,,37.50604,127.1004,70,2007,휀스형,,Y,,N,02-2147-3147,서울특별시 송파구청,2024-07-19,I,2026-05-15 18:45:05,2024-07-30 14:13:41
3230000,202032300000300001,자전거주차타워(잠실역 1번),서울특별시 송파구 올림픽로 269,서울특별시 송파구 신천동 7-18,37.513359,127.101042,448,2014,기타,Y,Y,기계식,N,02-3213-0140,롯데물산(방재실),2020-02-20,I,2026-05-15 18:45:05,2022-12-21 13:41:20
3230000,202432300000300108,송파구청(칠지도옆),서울특별시 송파구 올림픽로 265,,37.51481,127.1056,20,2020,거치형,,N,,N,02-2147-3147,서울특별시 송파구청,2024-07-19,I,2026-05-15 18:45:05,2024-07-30 14:13:40
3230000,202432300000300084,가락현대아파트 입구,서울특별시 송파구 송이로19길8,,37.49737,127.1229,16,2010,기타,,N,,N,02-2147-3147,서울특별시 송파구청,2024-07-19,I,2026-05-15 18:45:05,2024-07-30 14:13:39
3230000,202432300000300170,Tower730앞,서울특별시 송파구 올림픽로35길,,37.5184,127.1025,15,2020,거치형,,N,,N,02-2147-3147,서울특별시 송파구청,2024-07-19,I,2026-05-15 18:45:05,2024-07-30 14:13:40
3230000,202432300000300527,송파구청신관앞,서울특별시 송파구 올림픽로 326,,37.51013,127.1249,40,2010,거치형,,Y,,N,02-2147-3147,서울특별시 송파구청,2024-07-19,I,2026-05-15 18:45:05,2024-07-30 14:13:42
3230000,202432300000300482,애플타워,서울특별시 송파구 백제고분로 69,,37.50432,127.1076,10,2015,거치형,,N,,N,02-2147-3147,서울특별시 송파구청,2024-07-19,I,2026-05-15 18:45:05,2024-07-30 14:13:42
3230000,202432300000300189,위례동주민센터(내),서울특별시 송파구 위례광장로210,,37.47832,127.1445,10,2020,거치형,,Y,,N,02-2147-3147,서울특별시 송파구청,2024-07-19,I,2026-05-15 18:45:05,2024-07-30 14:13:40
3230000,202432300000300321,송파구 보훈회관,서울특별시 송파구 성내천로 306,,37.50235,127.1187,5,1999,거치형,,N,,N,02-2147-3147,서울특별시 송파구청,2024-07-19,I,2026-05-15 18:45:05,2024-07-30 14:13:41
3230000,202432300000300481,가락시장역 7번출구,서울특별시 송파구 중대로80,,37.49611,127.1037,36,2015,거치형,,N,,N,02-2147-3147,서울특별시 송파구청,2024-07-19,I,2026-05-15 18:45:05,2024-07-30 14:13:42
3230000,202432300000300103,한강극동아파트,서울특별시 송파구 토성로 38-6,,37.52940,127.1126,15,2009,거치형,,N,,N,02-2147-3147,서울특별시 송파구청,2024-07-19,I,2026-05-15 18:45:05,2024-07-30 14:13:40
3230000,202432300000300360,송파체육문화회관,서울특별시 송파구 양산로 15,,37.49045,127.1232,40,2016,거치형,,Y,,N,02-2147-3147,서울특별시 송파구청,2024-07-19,I,2026-05-15 18:45:05,2024-07-30 14:13:41
3230000,202432300000300106,장미아파트 관리사무소,서울특별시 송파구 올림픽로35길104,,37.51903,127.1014,5,2020,거치형,,N,,N,02-2147-3147,서울특별시 송파구청,2024-07-19,I,2026-05-15 18:45:05,2024-07-30 14:13:40
3230000,202432300000300411,송파역 1번출구(뒤),서울특별시 송파구 송파대로34길,,37.49965,127.1035,10,2007,기타,,N,,N,02-2147-3147,서울특별시 송파구청,2024-07-19,I,2026-05-15 18:45:05,2024-07-30 14:13:41
3230000,202432300000300039,한양2차아파트,서울특별시 송파구 가락로 192,,37.50516,127.1162,120,2007,거치형,,N,,N,02-2147-3147,서울특별시 송파구청,2024-07-19,I,2026-05-15 18:45:05,2024-07-30 14:13:39
3230000,202432300000300172,거마로83,서울특별시 송파구 거마로83,,37.49196,127.1262,5,2020,거치형,,N,,N,02-2147-3147,서울특별시 송파구청,2024-07-19,I,2026-05-15 18:45:05,2024-07-30 14:13:40
3230000,202432300000300253,오금로219(방이고분군),서울특별시 송파구 오금로219,,37.50267,127.1274,5,2020,거치형,,N,,N,02-2147-3147,서울특별시 송파구청,2024-07-19,I,2026-05-15 18:45:05,2024-07-30 14:13:40
3230000,202432300000300054,마천로2,서울특별시 송파구 마천로2,,37.51037,127.1211,5,1999,단독형,,N,,N,02-2147-3147,서울특별시 송파구청,2024-07-19,I,2026-05-15 18:45:05,2024-07-30 14:13:39
3230000,202432300000300300,헬리오시티후문,서울특별시 송파구 송파대로37길61-6,,37.49562,127.1259,20,2019,단독형,,N,,N,02-2147-3147,서울특별시 송파구청,2024-07-19,I,2026-05-15 18:45:05,2024-07-30 14:13:41
3230000,202432300000300348,한국체육대학교 (빙상경기장옆),서울특별시 송파구 양재대로 1239,,37.47877,127.1315,10,1999,휀스형,,N,,N,02-2147-3147,서울특별시 송파구청,2024-07-19,I,2026-05-15 18:45:05,2024-07-30 14:13:41
3230000,202432300000300523,잠실학생체육관,서울특별시 송파구 올림픽로25,,37.51611,127.1158,20,2010,거치형,,N,,N,02-2147-3147,서울특별시 송파구청,2024-07-19,I,2026-05-15 18:45:05,2024-07-30 14:13:42
3230000,202432300000300031,석촌고분역 4번출구 앞,서울특별시 송파구 백제고분로 275,,37.50282,127.0971,19,2021,거치형,,N,,N,02-2147-3147,서울특별시 송파구청,2024-07-19,I,2026-05-15 18:45:05,2024-07-30 14:13:39
3230000,202432300000300375,잠신중학교(내),서울특별시 송파구 잠실로 12,,37.51312,127.0979,172,2007,기타,,Y,,N,02-2147-3147,서울특별시 송파구청,2024-07-19,I,2026-05-15 18:45:05,2024-07-30 14:13:41
3230000,202432300000300302,올림픽로100(커피빈앞),서울특별시 송파구 올림픽로100,,37.51489,127.0903,15,2016,거치형,,N,,N,02-2147-3147,서울특별시 송파구청,2024-07-19,I,2026-05-15 18:45:05,2024-07-30 14:13:41
3230000,202432300000300357,롯데캐슬 골드입구 (우리은행앞),서울특별시 송파구 올림픽로 269,,37.51506,127.1215,20,1999,기타,,N,,N,02-2147-3147,서울특별시 송파구청,2024-07-19,I,2026-05-15 18:45:05,2024-07-30 14:13:41
3230000,202432300000300596,풍납토성 공원입구 시장방면,서울특별시 송파구 바람드리길41,,37.51382,127.1067,18,2009,거치형,,N,,N,02-2147-3147,서울특별시 송파구청,2024-07-19,I,2026-05-15 18:45:05,2024-07-30 14:13:42
3230000,202432300000300314,성내천로42맞은편,서울특별시 송파구 성내천로 42,,37.50737,127.0929,10,2018,거치형,,N,,N,02-2147-3147,서울특별시 송파구청,2024-07-19,I,2026-05-15 18:45:05,2024-07-30 14:13:41
3230000,202432300000300526,송파청소년수련관,서울특별시 송파구 중대로4길 4,,37.50123,127.1054,25,2010,거치형,,N,,N,02-2147-3147,서울특별시 송파구청,2024-07-19,I,2026-05-15 18:45:05,2024-07-30 14:13:42
3230000,202432300000300235,동남로207(앞),서울특별시 송파구 동남로207,,37.49643,127.1275,14,2020,휀스형,,N,,N,02-2147-3147,서울특별시 송파구청,2024-07-19,I,2026-05-15 18:45:05,2024-07-30 14:13:40
3230000,202432300000300487,종합운동장역 8번출구,서울특별시 송파구 올림픽로 19-2,,37.52101,127.1045,35,2015,단독형,,N,,N,02-2147-3147,서울특별시 송파구청,2024-07-19,I,2026-05-15 18:45:05,2024-07-30 14:13:42
3230000,202432300000300428,스카이에듀학원,서울특별시 송파구 백제고분로 498,,37.50568,127.1079,17,2007,기타,,N,,N,02-2147-3147,서울특별시 송파구청,2024-07-19,I,2026-05-15 18:45:05,2024-07-30 14:13:41
3230000,202432300000300402,잠실역 7번출구(뒤),서울특별시 송파구 올림픽로265,,37.51721,127.1102,65,2007,기타,,N,,N,02-2147-3147,서울특별시 송파구청,2024-07-19,I,2026-05-15 18:45:05,2024-07-30 14:13:41
3230000,202432300000300419,복정역3번출구,서울특별시 송파구 송파대로3,,37.51101,127.1250,10,2007,휀스형,,Y,,N,02-2147-3147,서울특별시 송파구청,2024-07-19,I,2026-05-15 18:45:05,2024-07-30 14:13:41
3230000,202432300000300430,수협앞(삼전로102),서울특별시 송파구 삼전로 102,,37.50479,127.0921,10,2007,거치형,,N,,N,02-2147-3147,서울특별시 송파구청,2024-07-19,I,2026-05-15 18:45:05,2024-07-30 14:13:41
3230000,202432300000300578,종합운동장역 7번출구(뒤),서울특별시 송파구 올림픽로 19-2,,37.51769,127.1129,20,2009,거치형,,Y,,N,02-2147-3147,서울특별시 송파구청,2024-07-19,I,2026-05-15 18:45:05,2024-07-30 14:13:42
3230000,202432300000300602,가락시장역 2번출구,서울특별시 송파구 양재대로932,,37.49783,127.1232,20,2016,거치형,,N,,N,02-2147-3147,서울특별시 송파구청,2024-07-19,I,2026-05-15 18:45:05,2024-07-30 14:13:42
3230000,202432300000300086,현대빌라트,서울특별시 송파구 오금로36길4-30,,37.50392,127.1244,5,2009,휀스형,,N,,N,02-2147-3147,서울특별시 송파구청,2024-07-19,I,2026-05-15 18:45:05,2024-07-30 14:13:39
3230000,202432300000300126,성내천공원,서울특별시 송파구 성내천로87,,37.50053,127.1393,10,2020,거치형,,N,,N,02-2147-3147,서울특별시 송파구청,2024-07-19,I,2026-05-15 18:45:05,2024-07-30 14:13:40
3230000,202432300000300004,경찰병원역 3번출구,서울특별시 송파구 중대로141-2,,37.49555,127.1243,10,2023,휀스형,,N,,N,02-2147-3147,서울특별시 송파구청,2024-07-19,I,2026-05-15 18:45:05,2024-07-30 14:13:39
3230000,202432300000300229,오금사거리(방이육교밑),서울특별시 송파구 오금로321,,37.50223,127.1286,18,2020,거치형,,Y,,N,02-2147-3147,서울특별시 송파구청,2024-07-19,I,2026-05-15 18:45:05,2024-07-30 14:13:40
3230000,202432300000300213,석촌역5번출구(뒤),서울특별시 송파구 송파대로425,,37.50568,127.1128,10,2020,거치형,,N,,N,02-2147-3147,서울특별시 송파구청,2024-07-19,I,2026-05-15 18:45:05,2024-07-30 14:13:40
3230000,202432300000300356,올림픽선수기자촌 아파트 202동앞,서울특별시 송파구 양재대로1218,,37.47977,127.1234,10,1999,거치형,,N,,N,02-2147-3147,서울특별시 송파구청,2024-07-19,I,2026-05-15 18:45:05,2024-07-30 14:13:41
3230000,202432300000300157,환산빌딩(올림픽로124),서울특별시 송파구 올림픽로124,,37.51145,127.0841,20,2020,거치형,,N,,N,02-2147-3147,서울특별시 송파구청,2024-07-19,I,2026-05-15 18:45:05,2024-07-30 14:13:40
3230000,202432300000300239,스타벅스옆(석촌호수로174),서울특별시 송파구 석촌호수로174,,37.50970,127.1048,5,2020,거치형,,N,,N,02-2147-3147,서울특별시 송파구청,2024-07-19,I,2026-05-15 18:45:05,2024-07-30 14:13:40
3230000,202432300000300073,장지역3번출구,서울특별시 송파구 충민로 66,,37.47796,127.1261,12,2007,단독형,,N,,N,02-2147-3147,서울특별시 송파구청,2024-07-19,I,2026-05-15 18:45:05,2024-07-30 14:13:39
3230000,202432300000300113,새한교회(내),서울특별시 송파구 도곡로62길21,,37.50393,127.0787,7,2007,거치형,,N,,N,02-2147-3147,서울특별시 송파구청,2024-07-19,I,2026-05-15 18:45:05,2024-07-30 14:13:40
3230000,202432300000300539,영동일고등학교 내,서울특별시 송파구 석촌호수로93,,37.50511,127.1073,120,2010,기타,,Y,,N,02-2147-3147,서울특별시 송파구청,2024-07-19,I,2026-05-15 18:45:05,2024-07-30 14:13:42
3230000,202432300000300013,물빛광장화장실 앞,서울특별시 송파구,,37.50274,127.1371,7,2021,휀스형,,N,,N,02-2147-3147,서울특별시 송파구청,2024-07-19,I,2026-05-15 18:45:05,2024-07-30 14:13:39
3230000,202432300000300111,잠실6동주민센터,서울특별시 송파구 올림픽로35길120,,37.51814,127.1007,12,2007,휀스형,,N,,N,02-2147-3147,서울특별시 송파구청,2024-07-19,I,2026-05-15 18:45:05,2024-07-30 14:13:40
3230000,202432300000300459,문정시영아파트(6동측면),서울특별시 송파구 송이로31길 56,,37.50821,127.1234,7,2007,거치형,,Y,,N,02-2147-3147,서울특별시 송파구청,2024-07-19,I,2026-05-15 18:45:05,2024-07-30 14:13:42
3230000,202432300000300392,오금역 7번출구,서울특별시 송파구 오금로323,,37.50121,127.1298,15,2007,거치형,,N,,N,02-2147-3147,서울특별시 송파구청,2024-07-19,I,2026-05-15 18:45:05,2024-07-30 14:13:41
3230000,202432300000300152,송파경찰서 교통센터앞,서울특별시 송파구 잠실로74,,37.51066,127.0927,10,2020,휀스형,,N,,N,02-2147-3147,서울특별시 송파구청,2024-07-19,I,2026-05-15 18:45:05,2024-07-30 14:13:40
3230000,202432300000300562,석촌호수 서호 수변무대 ((레이크팰리스131동건너편)),서울특별시 송파구 삼학사로 136,,37.50633,127.0973,20,2009,거치형,,N,,N,02-2147-3147,서울특별시 송파구청,2024-07-19,I,2026-05-15 18:45:05,2024-07-30 14:13:42
3230000,202432300000300142,잠실우성아파트(21동앞),서울특별시 송파구 올림픽로4길42,,37.50609,127.0737,14,2020,기타,,N,,N,02-2147-3147,서울특별시 송파구청,2024-07-19,I,2026-05-15 18:45:05,2024-07-30 14:13:40
3230000,202432300000300434,국민은행 잠실본동,서울특별시 송파구 올림픽로 102,,37.51546,127.1046,20,2007,거치형,,N,,N,02-2147-3147,서울특별시 송파구청,2024-07-19,I,2026-05-15 18:45:05,2024-07-30 14:13:41
3230000,202432300000300194,배명고등학교 야구장입구(좌측),서울특별시 송파구 삼학사로11,,37.57603,126.9812,102,2007,휀스형,,N,,N,02-2147-3147,서울특별시 송파구청,2024-07-19,I,2026-05-15 18:45:05,2024-07-30 14:13:40
3230000,202432300000300580,종합운동장역 1번출구,서울특별시 송파구 올림픽로44,,37.52046,127.1054,20,2009,거치형,,N,,N,02-2147-3147,서울특별시 송파구청,2024-07-19,I,2026-05-15 18:45:05,2024-07-30 14:13:42
3230000,202432300000300199,문정고등학교(내),서울특별시 송파구 송이로34길62,,37.48473,127.1269,120,2020,거치형,,N,,N,02-2147-3147,서울특별시 송파구청,2024-07-19,I,2026-05-15 18:45:05,2024-07-30 14:13:40
3230000,202432300000300201,문정시영아파트(2동앞),서울특별시 송파구 송이로31길56,,37.49167,127.1358,17,2020,기타,,N,,N,02-2147-3147,서울특별시 송파구청,2024-07-19,I,2026-05-15 18:45:05,2024-07-30 14:13:40
3230000,202432300000300276,향군타워앞,서울특별시 송파구 올림픽로35길123,,37.51669,127.1010,7,2019,단독형,,Y,,N,02-2147-3147,서울특별시 송파구청,2024-07-19,I,2026-05-15 18:45:05,2024-07-30 14:13:40
3230000,202432300000300015,성내7교와 성내6교 사이,서울특별시 송파구,,37.50491,127.1369,7,2021,휀스형,,N,,N,02-2147-3147,서울특별시 송파구청,2024-07-19,I,2026-05-15 18:45:05,2024-07-30 14:13:39
3230000,202432300000300074,국제빌딩,서울특별시 송파구 오금로95,,37.51386,127.1076,12,2020,거치형,,N,,N,02-2147-3147,서울특별시 송파구청,2024-07-19,I,2026-05-15 18:45:05,2024-07-30 14:13:39
3230000,202432300000300404,몽촌토성역 5번출구(뒤),서울특별시 송파구 올림픽로399,,37.52036,127.1212,15,2007,거치형,,N,,N,02-2147-3147,서울특별시 송파구청,2024-07-19,I,2026-05-15 18:45:05,2024-07-30 14:13:41
3230000,202432300000300110,교통회관주차징입구,서울특별시 송파구 올림픽로 319,,37.51537,127.1054,15,1999,거치형,,N,,N,02-2147-3147,서울특별시 송파구청,2024-07-19,I,2026-05-15 18:45:05,2024-07-30 14:13:40
3230000,202432300000300024,올림픽대교 남단 육교 밑,서울특별시 송파구,,37.52839,127.1094,7,2022,휀스형,,N,,N,02-2147-3147,서울특별시 송파구청,2024-07-19,I,2026-05-15 18:45:05,2024-07-30 14:13:39
3230000,202432300000300414,석촌역 1번출구(뒤),서울특별시 송파구 백제고분로 377-2,,37.50503,127.0863,30,2007,휀스형,,Y,,N,02-2147-3147,서울특별시 송파구청,2024-07-19,I,2026-05-15 18:45:05,2024-07-30 14:13:41
3230000,202432300000300518,천호역10번출구 (뒤),서울특별시 송파구 천호대로996,,37.54567,127.1235,20,2012,거치형,,N,,N,02-2147-3147,서울특별시 송파구청,2024-07-19,I,2026-05-15 18:45:05,2024-07-30 14:13:42
3230000,202432300000300531,거여역1번출구(앞),서울특별시 송파구 오금로491,,37.49568,127.1247,17,2010,기타,,Y,,N,02-2147-3147,서울특별시 송파구청,2024-07-19,I,2026-05-15 18:45:05,2024-07-30 14:13:42
3230000,202432300000300304,새마을시장앞,서울특별시 송파구 석촌호수로78,,37.50330,127.1086,10,2017,단독형,,N,,N,02-2147-3147,서울특별시 송파구청,2024-07-19,I,2026-05-15 18:45:05,2024-07-30 14:13:41
3230000,202432300000300380,거원중학교 앞,서울특별시 송파구 양산로2길 30,,37.49652,127.1063,10,2007,휀스형,,Y,,N,02-2147-3147,서울특별시 송파구청,2024-07-19,I,2026-05-15 18:45:05,2024-07-30 14:13:41
3230000,202432300000300287,석촌고분역3번출구,서울특별시 송파구 삼학사로52,,37.50281,127.0967,19,2019,단독형,,N,,N,02-2147-3147,서울특별시 송파구청,2024-07-19,I,2026-05-15 18:45:05,2024-07-30 14:13:41
3230000,202432300000300509,향군타워 앞,서울특별시 송파구 올림픽로35길123,,37.51723,127.1107,40,2013,거치형,,N,,N,02-2147-3147,서울특별시 송파구청,2024-07-19,I,2026-05-15 18:45:05,2024-07-30 14:13:42
3230000,202432300000300156,잠실역6번출구(잠실주공아파트쪽문),서울특별시 송파구 송파대로 567,,37.51343,127.0991,35,2020,기타,,N,,N,02-2147-3147,서울특별시 송파구청,2024-07-19,I,2026-05-15 18:45:05,2024-07-30 14:13:40
3230000,202432300000300277,장지역(4번출구),서울특별시 송파구 충민로66,,37.47857,127.1244,6,2019,단독형,,N,,N,02-2147-3147,서울특별시 송파구청,2024-07-19,I,2026-05-15 18:45:05,2024-07-30 14:13:40
3230000,202432300000300245,풍성로15길23,서울특별시 송파구 풍성로15길23,,37.53437,127.1217,10,2020,휀스형,,N,,N,02-2147-3147,서울특별시 송파구청,2024-07-19,I,2026-05-15 18:45:05,2024-07-30 14:13:40
3230000,202432300000300252,창운기업,서울특별시 송파구 가락로40길3-3,,37.49962,127.1298,10,2014,거치형,,Y,,N,02-2147-3147,서울특별시 송파구청,2024-07-19,I,2026-05-15 18:45:05,2024-07-30 14:13:40
3230000,202432300000300037,성내6교밑,서울특별시 송파구,,37.50394,127.1367,14,2021,휀스형,,N,,N,02-2147-3147,서울특별시 송파구청,2024-07-19,I,2026-05-15 18:45:05,2024-07-30 14:13:39
3230000,202432300000300327,오금역 4번출구(뒤),서울특별시 송파구 중대로222,,37.49654,127.1234,10,1999,거치형,,N,,N,02-2147-3147,서울특별시 송파구청,2024-07-19,I,2026-05-15 18:45:05,2024-07-30 14:13:41
3230000,202432300000300217,가락중학교(우측),서울특별시 송파구 송이로 45,,37.49286,127.1265,60,2020,휀스형,,N,,N,02-2147-3147,서울특별시 송파구청,2024-07-19,I,2026-05-15 18:45:05,2024-07-30 14:13:40
3230000,202432300000300176,성하연립(나동뒤),서울특별시 송파구 마천로39길38-16,,37.50012,127.1502,20,2020,거치형,,N,,N,02-2147-3147,서울특별시 송파구청,2024-07-19,I,2026-05-15 18:45:05,2024-07-30 14:13:40
3230000,202432300000300365,석촌중학교(내),서울특별시 송파구 송이로15길 13,,37.49459,127.1246,79,2007,휀스형,,Y,,N,02-2147-3147,서울특별시 송파구청,2024-07-19,I,2026-05-15 18:45:05,2024-07-30 14:13:41
3230000,202432300000300388,개롱역 2번출구,서울특별시 송파구 오금로405,,37.48987,127.1202,7,2007,휀스형,,Y,,N,02-2147-3147,서울특별시 송파구청,2024-07-19,I,2026-05-15 18:45:05,2024-07-30 14:13:41
3230000,202432300000300458,강변현대아파트,서울특별시 송파구 한가람로 402,,37.50791,127.1184,28,2007,기타,,Y,,N,02-2147-3147,서울특별시 송파구청,2024-07-19,I,2026-05-15 18:45:05,2024-07-30 14:13:42
3230000,202432300000300125,한국체육대학교(필승관앞),서울특별시 송파구 양재대로1239,,37.52038,127.1313,47,2020,기타,,N,,N,02-2147-3147,서울특별시 송파구청,2024-07-19,I,2026-05-15 18:45:05,2024-07-30 14:13:40
3230000,202432300000300354,송파근린공원,서울특별시 송파구 송파대로42길 29,,37.49878,127.1242,15,1999,기타,,N,,N,02-2147-3147,서울특별시 송파구청,2024-07-19,I,2026-05-15 18:45:05,2024-07-30 14:13:41
3230000,202432300000300368,방이중학교(내),서울특별시 송파구 오금로11길 64,,37.48733,127.1219,173,2007,휀스형,,Y,,N,02-2147-3147,서울특별시 송파구청,2024-07-19,I,2026-05-15 18:45:05,2024-07-30 14:13:41
3230000,202432300000300390,개롱역 1번출구,서울특별시 송파구 오금로323,,37.501212,127.1298,22,2007,기타,,N,,N,02-2147-3147,서울특별시 송파구청,2024-07-19,I,2026-05-15 18:45:05,2024-07-30 14:13:41
3230000,202432300000300471,방이2동 주민센터,서울특별시 송파구 백제고분로495,,37.50178,127.1076,7,2007,휀스형,,N,,N,02-2147-3147,서울특별시 송파구청,2024-07-19,I,2026-05-15 18:45:05,2024-07-30 14:13:42
3230000,202432300000300064,오금파출소,서울특별시 송파구 마천로8길17,,37.50683,127.1280,6,2019,단독형,,N,,N,02-2147-3147,서울특별시 송파구청,2024-07-19,I,2026-05-15 18:45:05,2024-07-30 14:13:39
3230000,202432300000300244,풍납 백제문화공원,서울특별시 송파구 한가람로14길16,,37.53164,127.1171,5,2020,단독형,,N,,N,02-2147-3147,서울특별시 송파구청,2024-07-19,I,2026-05-15 18:45:05,2024-07-30 14:13:40
3230000,202432300000300395,올림픽공원역 1번출구,서울특별시 송파구 양재대로1222,,37.48415,127.0323,30,2007,기타,,Y,,N,02-2147-3147,서울특별시 송파구청,2024-07-19,I,2026-05-15 18:45:05,2024-07-30 14:13:41
3230000,202432300000300009,풍납 새마을금고,서울특별시 송파구 풍성로 40,,37.53428,127.1168,7,2022,휀스형,,N,,N,02-2147-3147,서울특별시 송파구청,2024-07-19,I,2026-05-15 18:45:05,2024-07-30 14:13:39
3230000,202432300000300003,백제고분로 456 앞,서울특별시 송파구 백제고분로 456,,37.51123,127.1130,18,2023,단독형,,N,,N,02-2147-3147,서울특별시 송파구청,2024-07-19,I,2026-05-15 18:45:05,2024-07-30 14:13:39
3230000,202432300000300330,아산병원 (동관뒤),서울특별시 송파구 올림픽로43길 88,,37.51610,127.1203,100,1999,휀스형,,Y,,N,02-2147-3147,서울특별시 송파구청,2024-07-19,I,2026-05-15 18:45:05,2024-07-30 14:13:41
3230000,202432300000300267,한성백제역3번출구(뒤),서울특별시 송파구 위례성대로38,,37.51613,127.1128,13,2020,휀스형,,N,,N,02-2147-3147,서울특별시 송파구청,2024-07-19,I,2026-05-15 18:45:05,2024-07-30 14:13:40
3230000,202432300000300225,송파역2번출구(뒤),서울특별시 송파구 송파대로34길,,37.49920,127.1139,5,2020,휀스형,,N,,N,02-2147-3147,서울특별시 송파구청,2024-07-19,I,2026-05-15 18:45:05,2024-07-30 14:13:40
3230000,202432300000300511,송파어린이도서관,서울특별시 송파구 올림픽로 105,,37.51687,127.1035,15,2013,거치형,,Y,,N,02-2147-3147,서울특별시 송파구청,2024-07-19,I,2026-05-15 18:45:05,2024-07-30 14:13:42
3230000,202432300000300081,가락시장역5번출입구,서울특별시 송파구 가락동100,,37.49271,127.1195,40,1999,거치형,,N,,N,02-2147-3147,서울특별시 송파구청,2024-07-19,I,2026-05-15 18:45:05,2024-07-30 14:13:39
3230000,202432300000300412,석촌역 3번출구(뒤),서울특별시 송파구 송파대로422,,37.50310,127.1087,10,2007,휀스형,,N,,N,02-2147-3147,서울특별시 송파구청,2024-07-19,I,2026-05-15 18:45:05,2024-07-30 14:13:41
3230000,202432300000300128,곰두리체육관앞 코너,서울특별시 송파구 동남로271,,37.50021,127.1359,5,2020,거치형,,N,,N,02-2147-3147,서울특별시 송파구청,2024-07-19,I,2026-05-15 18:45:05,2024-07-30 14:13:40
3230000,202432300000300236,주사랑교회주차장,서울특별시 송파구 삼전로10길45,,37.50027,127.0904,9,2020,거치형,,N,,N,02-2147-3147,서울특별시 송파구청,2024-07-19,I,2026-05-15 18:45:05,2024-07-30 14:13:40
3230000,202432300000300597,대한노인회 송파구지회,서울특별시 송파구 송파대로38길 1,,37.51525,127.1073,5,2009,거치형,,N,,N,02-2147-3147,서울특별시 송파구청,2024-07-19,I,2026-05-15 18:45:05,2024-07-30 14:13:42
3230000,202432300000300016,성내7교 하부,서울특별시 송파구,,37.50548,127.1368,14,2021,기타,,N,,N,02-2147-3147,서울특별시 송파구청,2024-07-19,I,2026-05-15 18:45:05,2024-07-30 14:13:39
3230000,202432300000300161,신원빌딩앞(올림픽로116-1),서울특별시 송파구 올림픽로116-1,,37.51143,127.0838,20,2020,거치형,,N,,N,02-2147-3147,서울특별시 송파구청,2024-07-19,I,2026-05-15 18:45:05,2024-07-30 14:13:40
3230000,202432300000300351,풍납 배드민턴 클럽(대여소 건너),서울특별시 송파구 한가람로,,37.51777,127.1159,17,1999,휀스형,,N,,N,02-2147-3147,서울특별시 송파구청,2024-07-19,I,2026-05-15 18:45:05,2024-07-30 14:13:41
3230000,202432300000300400,종합운동장역 4번출구,서울특별시 송파구 올림픽로8,,37.51450,127.1032,20,2007,휀스형,,Y,,N,02-2147-3147,서울특별시 송파구청,2024-07-19,I,2026-05-15 18:45:05,2024-07-30 14:13:41
3230000,202432300000300451,포스코 더샾,서울특별시 송파구 백제고분로 188,,37.50432,127.1077,20,2007,거치형,,N,,N,02-2147-3147,서울특별시 송파구청,2024-07-19,I,2026-05-15 18:45:05,2024-07-30 14:13:41
3230000,202432300000300378,영파여고 앞,서울특별시 송파구 올림픽로 565,,37.51595,127.1065,115,2007,기타,,N,,N,02-2147-3147,서울특별시 송파구청,2024-07-19,I,2026-05-15 18:45:05,2024-07-30 14:13:41
3230000,202432300000300123,한국체육대학교(과학관앞),서울특별시 송파구 양재대로1239,,37.51911,127.1300,85,2020,휀스형,,N,,N,02-2147-3147,서울특별시 송파구청,2024-07-19,I,2026-05-15 18:45:05,2024-07-30 14:13:40
3230000,202432300000300591,방이역 2번출구(뒤),서울특별시 송파구 오금로37길17,,37.50715,127.1412,5,2009,거치형,,N,,N,02-2147-3147,서울특별시 송파구청,2024-07-19,I,2026-05-15 18:45:05,2024-07-30 14:13:42
3230000,202432300000300389,개롱역 2번출구뒤,서울특별시 송파구 오금로405,,37.48987,127.1202,36,2007,기타,,Y,,N,02-2147-3147,서울특별시 송파구청,2024-07-19,I,2026-05-15 18:45:05,2024-07-30 14:13:41
3230000,202432300000300139,잠실우성아파트(10동뒤),서울특별시 송파구 올림픽로4길42,,37.50717,127.0724,34,2020,기타,,N,,N,02-2147-3147,서울특별시 송파구청,2024-07-19,I,2026-05-15 18:45:05,2024-07-30 14:13:40
3230000,202432300000300102,서울영어마을 풍납캠프,서울특별시 송파구 풍성로14길45,,37.53208,127.1132,15,2009,거치형,,N,,N,02-2147-3147,서울특별시 송파구청,2024-07-19,I,2026-05-15 18:45:05,2024-07-30 14:13:40
3230000,202432300000300121,동아한가람아파트,서울특별시 송파구 한가람로446,,37.53726,127.1148,122,2007,거치형,,Y,,N,02-2147-3147,서울특별시 송파구청,2024-07-19,I,2026-05-15 18:45:05,2024-07-30 14:13:40
3230000,202432300000300426,하나은행 방이역점,서울특별시 송파구 양재대로 1164,,37.48457,127.1326,34,2007,기타,,N,,N,02-2147-3147,서울특별시 송파구청,2024-07-19,I,2026-05-15 18:45:05,2024-07-30 14:13:41
3230000,202432300000300030,sh수협은행 앞,서울특별시 송파구 동남로 317,,37.50382,127.1382,14,2022,휀스형,,N,,N,02-2147-3147,서울특별시 송파구청,2024-07-19,I,2026-05-15 18:45:05,2024-07-30 14:13:39
3230000,202432300000300198,건영아파트(101동앞),서울특별시 송파구 새말로8길12,,37.48168,127.1264,41,2020,휀스형,,N,,N,02-2147-3147,서울특별시 송파구청,2024-07-19,I,2026-05-15 18:45:05,2024-07-30 14:13:40
3230000,202432300000300568,장지역1번출구(앞),서울특별시 송파구 충민로2길8앞,,37.49612,127.1157,66,2009,기타,,N,,N,02-2147-3147,서울특별시 송파구청,2024-07-19,I,2026-05-15 18:45:05,2024-07-30 14:13:42
3230000,202432300000300483,극동아파트(101동앞),서울특별시 송파구 올림픽로45길11,,37.51568,127.1031,85,2015,거치형,,N,,N,02-2147-3147,서울특별시 송파구청,2024-07-19,I,2026-05-15 18:45:05,2024-07-30 14:13:42
3230000,202432300000300442,개롱근린공원(외),서울특별시 송파구 가락로195,,37.48757,127.1276,5,2007,휀스형,,N,,N,02-2147-3147,서울특별시 송파구청,2024-07-19,I,2026-05-15 18:45:05,2024-07-30 14:13:41
3230000,202432300000300333,신광빌딩,서울특별시 송파구 중대로 218,,37.49378,127.1112,10,1999,거치형,,N,,N,02-2147-3147,서울특별시 송파구청,2024-07-19,I,2026-05-15 18:45:05,2024-07-30 14:13:41
3230000,202432300000300002,삼전로 100 앞,서울특별시 송파구 삼전로 100,,37.50704,127.0905,10,2023,단독형,,N,,N,02-2147-3147,서울특별시 송파구청,2024-07-19,I,2026-05-15 18:45:05,2024-07-30 14:13:39
3230000,202432300000300398,방이역 4번출구(앞),서울특별시 송파구 위례성대로17길31-20,,37.47548,127.1421,35,2007,거치형,,Y,,N,02-2147-3147,서울특별시 송파구청,2024-07-19,I,2026-05-15 18:45:05,2024-07-30 14:13:41
3230000,202432300000300187,거여4단지(406동앞),서울특별시 송파구 양산로4길8,,37.48912,127.1438,47,2020,휀스형,,N,,N,02-2147-3147,서울특별시 송파구청,2024-07-19,I,2026-05-15 18:45:05,2024-07-30 14:13:40
3230000,202432300000300067,장지천관리사무소,서울특별시 송파구 장지동,,37.47659,127.1306,10,1999,휀스형,,N,,N,02-2147-3147,서울특별시 송파구청,2024-07-19,I,2026-05-15 18:45:05,2024-07-30 14:13:39
3230000,202432300000300466,가락2동주민센터,서울특별시 송파구 중대로20길 6,,37.49911,127.1256,7,2007,휀스형,,Y,,N,02-2147-3147,서울특별시 송파구청,2024-07-19,I,2026-05-15 18:45:05,2024-07-30 14:13:42
3230000,202432300000300175,성하연립(가동앞),서울특별시 송파구 마천로39길38-16,,37.50012,127.1502,10,2020,거치형,,N,,N,02-2147-3147,서울특별시 송파구청,2024-07-19,I,2026-05-15 18:45:05,2024-07-30 14:13:40
3230000,202432300000300569,미성상가 앞,서울특별시 송파구 오금로77,,37.50579,127.1084,20,2009,거치형,,N,,N,02-2147-3147,서울특별시 송파구청,2024-07-19,I,2026-05-15 18:45:05,2024-07-30 14:13:42
3230000,202432300000300431,백제고분로 290앞,서울특별시 송파구 백제고분로290,,37.50199,127.1031,7,2007,휀스형,,N,,N,02-2147-3147,서울특별시 송파구청,2024-07-19,I,2026-05-15 18:45:05,2024-07-30 14:13:41
3230000,202432300000300256,위례성대로 10길(입구),서울특별시 송파구 위례성대로92,,37.51420,127.1120,10,2020,거치형,,N,,N,02-2147-3147,서울특별시 송파구청,2024-07-19,I,2026-05-15 18:45:05,2024-07-30 14:13:40
3230000,202432300000300112,올림픽타워오피스텔,서울특별시 송파구 올림픽로88,,37.51154,127.0803,14,2007,기타,,N,,N,02-2147-3147,서울특별시 송파구청,2024-07-19,I,2026-05-15 18:45:05,2024-07-30 14:13:40
3230000,202432300000300151,아시아선수촌아파트8동앞,서울특별시 송파구 도곡로446,,37.50569,127.0777,80,2020,휀스형,,N,,N,02-2147-3147,서울특별시 송파구청,2024-07-19,I,2026-05-15 18:45:05,2024-07-30 14:13:40
3230000,202432300000300020,성내교 하부 쉼터,서울특별시 송파구,,37.52432,127.1171,14,2021,휀스형,,N,,N,02-2147-3147,서울특별시 송파구청,2024-07-19,I,2026-05-15 18:45:05,2024-07-30 14:13:39
3230000,202432300000300088,가락대림아파트,서울특별시 송파구 송이로88,,37.49917,127.1182,54,2007,기타,,N,,N,02-2147-3147,서울특별시 송파구청,2024-07-19,I,2026-05-15 18:45:05,2024-07-30 14:13:39
3230000,202432300000300352,문정근린공원(버거킹 구두방),서울특별시 송파구 송이로239,,37.50349,127.1243,10,1999,거치형,,N,,N,02-2147-3147,서울특별시 송파구청,2024-07-19,I,2026-05-15 18:45:05,2024-07-30 14:13:41
3230000,202432300000300363,문정초등학교 (앞),서울특별시 송파구 문정로5길20,,37.49256,127.1234,35,2007,거치형,,N,,N,02-2147-3147,서울특별시 송파구청,2024-07-19,I,2026-05-15 18:45:05,2024-07-30 14:13:41
3230000,202432300000300449,코오롱아파트,서울특별시 송파구 오금로31길 28,,37.49679,127.1368,156,2007,기타,,N,,N,02-2147-3147,서울특별시 송파구청,2024-07-19,I,2026-05-15 18:45:05,2024-07-30 14:13:41
3230000,202432300000300158,하늘비전종합복지센터,서울특별시 송파구 백제고분로12길25,,37.50408,127.0805,20,2020,휀스형,,N,,N,02-2147-3147,서울특별시 송파구청,2024-07-19,I,2026-05-15 18:45:05,2024-07-30 14:13:40
3230000,202432300000300075,가락시장역7번출구,서울특별시 송파구 중대로 80,,37.49195,127.1188,9,2015,거치형,,N,,N,02-2147-3147,서울특별시 송파구청,2024-07-19,I,2026-05-15 18:45:05,2024-07-30 14:13:39
3230000,202432300000300122,서울체육중학교앞(좌측),서울특별시 송파구 강동대로232,,37.52181,127.1318,14,2020,거치형,,N,,N,02-2147-3147,서울특별시 송파구청,2024-07-19,I,2026-05-15 18:45:05,2024-07-30 14:13:40
3230000,202432300000300100,풍납현대아파트104동,서울특별시 송파구 올림픽로 525,,37.52930,127.1189,24,2007,거치형,,N,,N,02-2147-3147,서울특별시 송파구청,2024-07-19,I,2026-05-15 18:45:05,2024-07-30 14:13:40
3230000,202432300000300163,백제고분로63앞,서울특별시 송파구 백제고분로63,,37.51095,127.0787,15,2020,거치형,,N,,N,02-2147-3147,서울특별시 송파구청,2024-07-19,I,2026-05-15 18:45:05,2024-07-30 14:13:40
3230000,202432300000300382,삼전초등학교,서울특별시 송파구 백제고분로28길 19,,37.50378,127.1075,20,2007,거치형,,N,,N,02-2147-3147,서울특별시 송파구청,2024-07-19,I,2026-05-15 18:45:05,2024-07-30 14:13:41
3230000,202432300000300476,풍납2동 주민센터,서울특별시 송파구 토성로64,,37.49922,127.1235,7,2007,휀스형,,Y,,N,02-2147-3147,서울특별시 송파구청,2024-07-19,I,2026-05-15 18:45:05,2024-07-30 14:13:42
3230000,202432300000300441,개롱공원 앞 미륭아파트 101동앞,서울특별시 송파구 동남로178,,37.48357,127.1346,7,2007,휀스형,,N,,N,02-2147-3147,서울특별시 송파구청,2024-07-19,I,2026-05-15 18:45:05,2024-07-30 14:13:41
3230000,202432300000300166,삼전로95앞,서울특별시 송파구 삼전로95,,37.50693,127.0899,20,2020,거치형,,N,,N,02-2147-3147,서울특별시 송파구청,2024-07-19,I,2026-05-15 18:45:05,2024-07-30 14:13:40
3230000,202432300000300214,송파대로453앞,서울특별시 송파구 송파대로425,,37.50568,127.1128,10,1999,거치형,,N,,N,02-2147-3147,서울특별시 송파구청,2024-07-19,I,2026-05-15 18:45:05,2024-07-30 14:13:40
3230000,202432300000300224,일신여자중학교(내),서울특별시 송파구 송파대로38길8,,37.50125,127.1135,10,2020,거치형,,N,,N,02-2147-3147,서울특별시 송파구청,2024-07-19,I,2026-05-15 18:45:05,2024-07-30 14:13:40
3230000,202432300000300228,오금로310앞,서울특별시 송파구 오금로 310,,37.49337,127.1213,10,2020,휀스형,,N,,N,02-2147-3147,서울특별시 송파구청,2024-07-19,I,2026-05-15 18:45:05,2024-07-30 14:13:40
3230000,202432300000300598,가락고등학교(우측),서울특별시 송파구 송이로 42,,37.50655,127.1046,37,2008,거치형,,N,,N,02-2147-3147,서울특별시 송파구청,2024-07-19,I,2026-05-15 18:45:05,2024-07-30 14:13:42
3230000,202432300000300439,삼전지구대,서울특별시 송파구 백제고분로238,,37.50212,127.1099,10,2007,휀스형,,N,,N,02-2147-3147,서울특별시 송파구청,2024-07-19,I,2026-05-15 18:45:05,2024-07-30 14:13:41
3230000,202432300000300077,래미안갤러리,서울특별시 송파구 충민로17,,37.47895,127.1204,30,1999,거치형,,N,,N,02-2147-3147,서울특별시 송파구청,2024-07-19,I,2026-05-15 18:45:05,2024-07-30 14:13:39
3230000,202432300000300599,송파여성문화회관,서울특별시 송파구 백제고분로42길5,,37.50372,127.1145,60,2008,기타,,Y,,N,02-2147-3147,서울특별시 송파구청,2024-07-19,I,2026-05-15 18:45:05,2024-07-30 14:13:42
3230000,202432300000300223,오금로218앞,서울특별시 송파구 오금로218,,37.49785,127.1358,5,2020,거치형,,N,,N,02-2147-3147,서울특별시 송파구청,2024-07-19,I,2026-05-15 18:45:05,2024-07-30 14:13:40
3230000,202432300000300443,오금공원,서울특별시 송파구 오금로363,,37.48988,127.1210,10,2007,거치형,,Y,,N,02-2147-3147,서울특별시 송파구청,2024-07-19,I,2026-05-15 18:45:05,2024-07-30 14:13:41
3230000,202432300000300094,풍납현대아파트103동,서울특별시 송파구 올림픽로 525,,37.52930,127.1189,70,2007,기타,,N,,N,02-2147-3147,서울특별시 송파구청,2024-07-19,I,2026-05-15 18:45:05,2024-07-30 14:13:39
3230000,202432300000300585,우리은행,서울특별시 송파구 석촌호수로72,,37.50864,127.1051,10,2009,거치형,,N,,N,02-2147-3147,서울특별시 송파구청,2024-07-19,I,2026-05-15 18:45:05,2024-07-30 14:13:42
3230000,202432300000300546,성영아파트내(101동옆),서울특별시 송파구 마천로35길 6,,37.49788,127.1447,20,2010,거치형,,N,,N,02-2147-3147,서울특별시 송파구청,2024-07-19,I,2026-05-15 18:45:05,2024-07-30 14:13:42
3230000,202432300000300019,올림픽공원 북1문 옆 공원,서울특별시 송파구,,37.52551,127.1237,14,2022,휀스형,,N,,N,02-2147-3147,서울특별시 송파구청,2024-07-19,I,2026-05-15 18:45:05,2024-07-30 14:13:39
3230000,202432300000300435,새순교회앞,서울특별시 송파구 토성로19길 40,,37.51235,127.1188,40,2007,휀스형,,N,,N,02-2147-3147,서울특별시 송파구청,2024-07-19,I,2026-05-15 18:45:05,2024-07-30 14:13:41
3230000,202432300000300417,풍납토성 (풍차앞),서울특별시 송파구 천호대로992,,37.54630,127.1234,77,2007,기타,,Y,,N,02-2147-3147,서울특별시 송파구청,2024-07-19,I,2026-05-15 18:45:05,2024-07-30 14:13:41
3230000,202432300000300349,문정푸르지오1차아파트,서울특별시 송파구 문정로55,,37.48702,127.1289,24,1999,거치형,,N,,N,02-2147-3147,서울특별시 송파구청,2024-07-19,I,2026-05-15 18:45:05,2024-07-30 14:13:41
3230000,202432300000300309,송파1동주민센터,서울특별시 송파구 백제고분로 392,,37.50502,127.0863,5,2018,거치형,,Y,,N,02-2147-3147,서울특별시 송파구청,2024-07-19,I,2026-05-15 18:45:05,2024-07-30 14:13:41
3230000,202432300000300467,가락본동주민센터,서울특별시 송파구 송파대로28길 39,,37.50291,127.1287,10,2007,기타,,Y,,N,02-2147-3147,서울특별시 송파구청,2024-07-19,I,2026-05-15 18:45:05,2024-07-30 14:13:42
3230000,202432300000300264,강동구청역5번출구(뒤),서울특별시 송파구 올림픽로553,,37.53123,127.1171,23,2020,기타,,Y,,N,02-2147-3147,서울특별시 송파구청,2024-07-19,I,2026-05-15 18:45:05,2024-07-30 14:13:40
3230000,202432300000300440,성내5교,서울특별시 송파구 동남로286,,37.48432,127.1368,20,2007,휀스형,,N,,N,02-2147-3147,서울특별시 송파구청,2024-07-19,I,2026-05-15 18:45:05,2024-07-30 14:13:41
3230000,202432300000300232,극동아파트앞(동남로208),서울특별시 송파구 동남로208,,37.49645,127.1287,15,2020,거치형,,N,,N,02-2147-3147,서울특별시 송파구청,2024-07-19,I,2026-05-15 18:45:05,2024-07-30 14:13:40
3230000,202432300000300301,방산고등학교(후문건너편),서울특별시 송파구 오금로27길 29,,37.50778,127.1395,27,2015,휀스형,,N,,N,02-2147-3147,서울특별시 송파구청,2024-07-19,I,2026-05-15 18:45:05,2024-07-30 14:13:41
3230000,202432300000300241,삼전역2번출구(뒤),서울특별시 송파구 백제고분로195,,37.50354,127.0874,29,2020,거치형,,Y,,N,02-2147-3147,서울특별시 송파구청,2024-07-19,I,2026-05-15 18:45:05,2024-07-30 14:13:40
3230000,202432300000300098,풍납동성당,서울특별시 송파구 토성로19길21,,37.53059,127.1188,30,2007,휀스형,,N,,N,02-2147-3147,서울특별시 송파구청,2024-07-19,I,2026-05-15 18:45:05,2024-07-30 14:13:40
3230000,202432300000300399,방이역 3번출구(앞),서울특별시 송파구 양재대로1109,,37.47723,127.0335,15,2007,거치형,,Y,,N,02-2147-3147,서울특별시 송파구청,2024-07-19,I,2026-05-15 18:45:05,2024-07-30 14:13:41
3230000,202432300000300318,복정역1번출구,서울특별시 송파구 장지동 602-18,,37.47855,127.1268,20,2018,단독형,,N,,N,02-2147-3147,서울특별시 송파구청,2024-07-19,I,2026-05-15 18:45:05,2024-07-30 14:13:41
3230000,202432300000300087,방이고가(북측),서울특별시 송파구 송이로15길 31,,37.50211,127.1216,16,2010,거치형,,N,,N,02-2147-3147,서울특별시 송파구청,2024-07-19,I,2026-05-15 18:45:05,2024-07-30 14:13:39
3230000,202432300000300062,오금대림아파트,서울특별시 송파구 위례성대로 176,,37.51044,127.1300,30,2007,휀스형,,N,,N,02-2147-3147,서울특별시 송파구청,2024-07-19,I,2026-05-15 18:45:05,2024-07-30 14:13:39
3230000,202432300000300473,잠실7동주민센터,서울특별시 송파구 올림픽로4길17,,37.51578,127.1038,7,2007,거치형,,N,,N,02-2147-3147,서울특별시 송파구청,2024-07-19,I,2026-05-15 18:45:05,2024-07-30 14:13:42
3230000,202432300000300387,오금역 5번출구 (뒤),서울특별시 송파구 중대로221,,37.49631,127.1129,20,2007,기타,,N,,N,02-2147-3147,서울특별시 송파구청,2024-07-19,I,2026-05-15 18:45:05,2024-07-30 14:13:41
3230000,202232300000300001,기계식주차장(석촌고분역2번),"서울특별시 송파구 백제고분로 지하274, 석촌고분역 (삼전동)",서울특별시 송파구 삼전동 157-1 석촌고분역,37.502706,127.097171,200,2008,기타,N,N,,N,02-2656-2774,서울교통공사(9호선운영부문),2022-12-21,I,2026-05-15 18:45:05,2022-12-21 13:37:04
3230000,202432300000300195,배명고등학교 야구장입구 우측,서울특별시 송파구 삼학사로11,,37.57603,126.9812,51,2007,휀스형,,N,,N,02-2147-3147,서울특별시 송파구청,2024-07-19,I,2026-05-15 18:45:05,2024-07-30 14:13:40
